# -*- coding: utf-8 -*-

# Resource object code
#
# Created by: The Resource Compiler for PyQt5 (Qt v5.15.2)
#
# WARNING! All changes made in this file will be lost!

from PyQt5 import QtCore

qt_resource_data = b"\
\x00\x00\x5d\x42\
\x89\
\x50\x4e\x47\x0d\x0a\x1a\x0a\x00\x00\x00\x0d\x49\x48\x44\x52\x00\
\x00\x02\x00\x00\x00\x02\x00\x08\x06\x00\x00\x00\xf4\x78\xd4\xfa\
\x00\x00\x00\x09\x70\x48\x59\x73\x00\x00\x1a\xaa\x00\x00\x1a\xaa\
\x01\xd4\x15\x95\x69\x00\x00\x00\x19\x74\x45\x58\x74\x53\x6f\x66\
\x74\x77\x61\x72\x65\x00\x77\x77\x77\x2e\x69\x6e\x6b\x73\x63\x61\
\x70\x65\x2e\x6f\x72\x67\x9b\xee\x3c\x1a\x00\x00\x20\x00\x49\x44\
\x41\x54\x78\x9c\xec\xdd\x77\x58\x14\x67\xd7\x06\xf0\x7b\x1b\x4b\
\x87\xa5\x83\x14\x11\x04\x44\x14\x44\x01\x35\x96\x58\xa3\x26\x96\
\x98\xaa\xe9\xed\x4d\xd1\x54\xcd\x1b\x8d\x31\xc9\x1b\x93\x98\x2f\
\xc6\x24\x96\x98\x66\x4c\x8f\x26\xb1\x44\x63\xef\x5d\x51\xb0\x4b\
\x15\xa9\x02\xd2\x3b\xec\xb2\xe5\xfb\x63\x15\x25\xb1\xa0\x02\xb3\
\x3b\x7b\xff\xae\x2b\x57\xdc\x65\x66\xf6\x28\xbb\x3b\x67\x9e\x79\
\xce\x79\x00\x22\x22\x22\x22\x22\x22\x22\x22\x22\x22\x22\x22\x22\
\x22\x22\x22\x22\x22\x22\x22\x22\x22\x22\x22\x22\x22\x22\x22\x22\
\x22\x22\x22\x22\x22\x22\x22\x22\x22\x22\x22\x22\x22\x22\x22\x22\
\x22\x22\x22\x22\x22\x22\x22\x22\x22\x22\x22\x22\x22\x22\x22\x22\
\x22\x22\x22\x22\x22\x22\x22\x22\x22\x22\x22\x22\x22\x22\x22\x22\
\x22\x22\x22\x22\x22\x22\x22\x22\x22\x22\x22\x22\x22\x22\x22\x22\
\x22\x22\x22\x22\x22\x22\x22\x22\x22\x22\x22\x22\x22\x22\x22\x22\
\x22\x22\x22\x22\x22\x22\x22\x22\x22\x22\x22\x22\x22\x22\x22\x22\
\x22\x22\x22\x22\x22\x22\x22\x22\x22\x22\x22\x22\x22\x22\x22\x22\
\x22\x22\x22\x22\x22\x22\x22\x22\x22\x22\x22\x22\x22\x22\x22\x22\
\x22\x22\x22\x22\x22\x22\x22\x22\x22\x22\x22\x22\x22\x22\x22\x22\
\x22\x22\x22\x22\x22\x22\x22\x22\x22\x22\x22\x22\x22\x22\x22\x22\
\x22\x22\x22\x22\x22\x22\x22\x22\x22\x22\x22\x22\x22\x22\x22\x22\
\x22\x22\x22\x22\x22\x22\x22\x22\x22\x22\x22\x22\x22\x22\x22\x22\
\x22\x22\x22\x22\x22\x22\x22\x22\x22\x22\x22\x22\x22\x22\x22\x22\
\x22\x22\x22\x22\x22\x22\x22\x22\x22\x22\x22\x22\x22\x22\x22\x22\
\x22\x22\x22\x22\x22\x22\x22\x22\x22\x22\x22\x22\x22\x22\x22\x22\
\x22\x22\x22\x22\x22\x22\x22\x22\x22\x22\x22\x22\x22\x22\x22\x22\
\x22\x22\x22\x22\x22\x22\x22\x22\x22\x22\x22\x22\x22\x22\x22\x22\
\x22\x22\x22\x22\x22\x22\x22\x22\x22\x22\x22\x22\x22\x22\x22\x22\
\x22\x22\x22\x22\x22\x22\x22\x22\x22\x22\x22\x22\x22\x22\x22\x22\
\x22\x22\x22\x22\x22\x22\x22\x22\x22\x22\x22\x22\x8b\x23\xb9\xd2\
\x93\xc9\xa7\x8f\xcf\xd1\x1b\x0c\x6e\xed\x1d\x0c\x11\x11\x11\xb5\
\x32\x83\xa4\xb4\x6b\xb7\xc8\xa9\xff\x7c\x5a\x7e\xc5\x6d\x0d\xb8\
\x5f\x02\x89\x7f\xdb\x47\x45\x44\x44\x44\x6d\xc9\x20\x41\x1e\x80\
\x7f\x25\x00\x52\x01\x62\x21\x22\x22\x22\x81\x31\x01\x20\x22\x22\
\xb2\x40\x57\xbc\x05\xf0\x4f\xfb\x2b\x93\x90\x5c\x9b\xdd\xd6\xb1\
\x10\x11\x11\xd1\x2d\x52\x48\xe4\x78\xd4\x7b\xd8\x75\xb7\x6b\x51\
\x02\xb0\xb3\xec\x18\xfe\x2c\xda\x75\xcb\x41\x11\x11\x11\x51\xdb\
\xb2\x95\x29\x5b\x94\x00\xf0\x16\x00\x11\x11\x91\x05\x62\x02\x40\
\x44\x44\x64\x81\x98\x00\x10\x11\x11\x59\x20\x26\x00\x44\x44\x44\
\x16\x88\x09\x00\x11\x11\x91\x05\x62\x02\x40\x44\x44\x64\x81\x98\
\x00\x10\x11\x11\x59\x20\x26\x00\x44\x44\x44\x16\x88\x09\x00\x11\
\x11\x91\x05\x62\x02\x40\x44\x44\x64\x81\x98\x00\x10\x11\x11\x59\
\x20\x26\x00\x44\x44\x44\x16\x88\x09\x00\x11\x11\x91\x05\x62\x02\
\x40\x44\x44\x64\x81\x98\x00\x10\x11\x11\x59\x20\x26\x00\x44\x44\
\x44\x16\x88\x09\x00\x11\x11\x91\x05\x62\x02\x40\x44\x44\x64\x81\
\x98\x00\x10\x11\x11\x59\x20\x26\x00\x44\x44\x44\x16\x88\x09\x00\
\x11\x11\x91\x05\x62\x02\x40\x44\x44\x64\x81\x98\x00\x10\x11\x11\
\x59\x20\x26\x00\x44\x44\x44\x16\x88\x09\x00\x11\x11\x91\x05\x62\
\x02\x40\x44\x44\x64\x81\x98\x00\x10\x11\x11\x59\x20\x26\x00\x44\
\x44\x44\x16\x88\x09\x00\x11\x11\x91\x05\x62\x02\x40\x44\x44\x64\
\x81\x98\x00\x10\x11\x11\x59\x20\x26\x00\x44\x16\x48\x2e\x31\x60\
\x92\x5f\x31\x3e\x0b\xc9\x85\xaf\xb2\x51\xe8\x70\x88\x48\x00\x72\
\xa1\x03\x20\xa2\xf6\x15\x69\x5f\x87\x85\x5d\x72\xd1\xd3\xa1\x0e\
\x00\xf0\x88\x77\x19\x66\x67\x79\xe1\xf3\x1c\x0f\xe8\x0c\x12\x81\
\xa3\x23\xa2\xf6\xc2\x11\x00\x22\x0b\x61\x23\xd5\x63\x56\x50\x3e\
\xf6\xc6\xa4\x35\x9d\xfc\x01\xc0\x56\x66\x7c\x7e\x77\xaf\x34\xf4\
\xb8\xec\x79\x22\x12\x37\x26\x00\x44\x16\xa0\xbf\xaa\x06\xf1\x71\
\x29\x98\x12\x70\x1e\x32\x89\xe1\x8a\xdb\xf4\x70\xa8\xc3\xce\x5e\
\x69\x98\x15\x94\x0f\x6b\xa9\xbe\x9d\x23\x24\xa2\xf6\xc6\x04\x80\
\x48\xc4\x54\x0a\x2d\x16\x86\xe5\x60\x63\x8f\x74\x04\xdb\xa8\xaf\
\xbb\xbd\x42\x62\xc0\x94\x80\xf3\x38\x1c\x97\x82\x81\xaa\x9a\x76\
\x88\x90\x88\x84\xc2\x04\x80\x48\xa4\xc6\x7b\x94\xe3\x78\xef\x64\
\x3c\xe9\x53\x8a\x1b\xbd\xb3\x1f\x64\xa3\xc6\xfa\x1e\xe9\xf8\x2e\
\x3c\x0b\x2e\x0a\x6d\x9b\xc4\x47\x44\xc2\x62\x02\x40\x24\x32\x01\
\xd6\x1a\xac\x89\xca\xc0\x2f\x11\x59\x70\xbb\x85\x93\xb7\x04\xc0\
\x04\xaf\x72\x24\xc6\x25\x63\xbc\x47\x79\xeb\x05\x48\x44\x26\x81\
\x09\x00\x91\x48\x48\x25\xc0\x93\x3e\xa5\x38\x1c\x97\x82\xa1\x2e\
\x55\xad\x76\x5c\x4f\x2b\x2d\x7e\x89\xc8\xc2\x8a\xc8\xb3\x2c\x19\
\x24\x12\x11\x26\x00\x44\x22\xd0\xcd\xbe\x1e\x3b\x7a\xa6\x61\x61\
\x58\x0e\xec\x65\xba\x36\x79\x8d\x91\xae\x95\x38\x1c\x97\x8c\x49\
\x7e\xc5\x90\xb2\x5a\x90\xc8\xec\x31\x01\x20\x32\x63\xd6\x52\x3d\
\x66\x04\x16\x62\x4f\x4c\x2a\x62\x1c\x6b\xdb\xfc\xf5\x9c\xe4\x3a\
\xcc\xe9\x9c\x87\x2d\x3d\xd2\x10\x66\xd7\xd0\xe6\xaf\x47\x44\x6d\
\x87\x09\x00\x91\x99\xba\xcd\xa9\x16\x07\x62\x53\x31\x23\xb0\x00\
\x56\x57\x29\xed\x6b\x2b\x7d\x9c\x6b\x11\x1f\x9b\x82\x59\x41\xf9\
\x50\xb2\x64\x90\xc8\x2c\x31\x01\x20\x32\x33\xce\x72\x63\x69\xdf\
\xe6\x9e\x69\x08\xb5\x15\xee\x2a\xfc\x62\xc9\xe0\xde\x98\x34\xc4\
\x3a\xb1\x81\x10\x91\xb9\x61\x02\x40\x64\x46\x46\xb9\x55\x22\x21\
\x2e\xe5\xa6\x4a\xfb\xda\x4a\x57\xbb\x7a\xec\xe8\x99\x8a\x85\x61\
\x39\x70\x68\xa3\xf9\x07\x44\xd4\xfa\x98\x00\x10\x99\x01\x2f\xa5\
\x16\x4b\x23\x32\xb1\xbc\xfb\x59\xf8\x98\xe0\x4c\x7c\x09\x8c\x15\
\x08\xc7\x7a\x27\x63\x8c\x7b\x85\xd0\xe1\x10\x51\x0b\x30\x01\x20\
\x32\x61\x97\x4e\xac\x49\x18\xeb\x61\xfa\x27\x56\x6f\x65\x23\x96\
\x75\xcb\xc4\x8a\x48\xd3\x4c\x54\x88\xe8\x12\x26\x00\x44\x26\x2a\
\xd8\x46\x8d\x0d\x3d\xd2\xb1\x30\x2c\x07\x8e\x66\x36\xb4\x3e\xd2\
\xd5\xf4\x6e\x55\x10\x51\x73\x4c\x00\x88\x4c\xcc\xe5\xfd\xf8\x07\
\x98\x71\x3f\xfe\x8b\x93\x15\x37\x45\xa7\x23\x44\xc0\xc9\x8a\x44\
\x74\x65\x4c\x00\x88\x4c\x48\x6f\xa7\x5a\x1c\x14\x59\x79\x5d\x3f\
\xe7\x9a\x0b\xe5\x8a\x85\xed\x5e\xae\x48\x44\x57\xc7\x04\x80\xc8\
\x04\x38\xca\x74\xf8\x24\x24\x0f\x5b\xa3\xd3\xd0\x45\x84\x0d\x76\
\x6c\xa4\x7a\xcc\x08\x2c\x68\xb7\x86\x45\x44\x74\x7d\x4c\x00\x88\
\x04\x36\xd2\xb5\x12\x09\xbd\x93\xf1\x82\xaf\xf8\x5b\xec\x76\xb3\
\xaf\xc7\xb6\xe8\x74\x7c\x12\x92\xd7\x66\x2d\x8b\x89\xa8\x65\x98\
\x00\x10\x09\xc4\xd3\x4a\x8b\xef\xc2\x2d\x6f\x91\x1d\xb9\xd4\x80\
\x17\x7c\x8b\x71\x28\xb6\x75\x17\x2d\x22\xa2\x1b\xc3\x04\x80\xa8\
\x9d\x49\x00\x4c\xf4\x2a\x43\x62\x5c\x12\x26\x78\x59\xee\x32\xbb\
\x1d\x6d\x5a\x67\xd9\x62\x22\xba\x39\x4c\x00\x88\xda\x51\x27\x1b\
\x35\xd6\x45\x9d\xc1\xe2\xf0\x6c\xb8\x28\x38\x04\x0e\x00\xe3\x3d\
\xca\x71\xbc\x77\x32\x9e\xf4\x29\x15\x3a\x14\x22\x8b\xc2\x04\x80\
\xa8\x1d\xc8\x2f\x94\xf6\x25\xc4\xa5\xe0\x76\x97\x6a\xa1\xc3\x31\
\x39\x2a\x85\xb1\x64\xf0\xaf\xc8\x0c\xf8\x5b\x6b\x84\x0e\x87\xc8\
\x22\x30\x01\x20\x6a\x63\x51\x0e\x75\xd8\xd5\x2b\x0d\xb3\x82\xf2\
\x61\x2d\x92\xd2\xbe\xb6\x32\xdc\xb5\x0a\x47\xe2\x92\x31\x25\xe0\
\x3c\x64\x2c\x19\x24\x6a\x53\x4c\x00\x88\xda\x88\xad\x4c\x8f\x59\
\x41\xf9\xd8\xd3\x2b\x0d\x3d\x1c\xb8\x5a\x5e\x4b\x5d\xfe\xef\x16\
\xed\xc8\x7f\x37\xa2\xb6\xc2\x04\x80\xa8\x0d\xf0\x4a\xf6\xd6\x45\
\x39\xd4\x61\x67\x74\x1a\x3e\x09\xc9\x83\x9d\x8c\x23\x27\x44\xad\
\x8d\x09\x00\x51\x2b\x72\xe1\xbd\xec\x56\x75\xb1\x64\x30\x3e\x36\
\x05\x83\x54\x9c\x3b\x41\xd4\x9a\x98\x00\x10\xb5\x12\xe3\x6c\xf6\
\x24\xce\x66\x6f\x03\x9d\x6c\xd4\x58\xdb\xe3\x0c\xbe\x0b\xcf\x62\
\xf5\x04\x51\x2b\x61\x02\x40\x74\x8b\x3a\xda\x68\xf0\x77\xd4\x19\
\xfc\x12\x91\x05\x57\x9e\x9c\xda\x8c\x04\xc0\x04\xaf\x72\x1c\x89\
\x4b\xc2\x44\xaf\x32\xa1\xc3\x21\x32\x7b\x4c\x00\x88\x6e\x92\x5c\
\x62\xc0\x24\x3f\x63\x47\xbb\x21\x2c\xed\x6b\x37\x1e\x56\x5a\x2c\
\x0e\xcf\xc6\xca\xee\x19\xf0\xe3\x6d\x16\xa2\x9b\xc6\x04\x80\xe8\
\x26\x74\xb7\xaf\xc7\xf6\x5e\xe9\x98\xd3\x99\x3d\xed\x85\x32\xc2\
\x8d\x13\x2d\x89\x6e\x05\x13\x00\xa2\x1b\x60\x5c\xd5\xae\x10\x7b\
\x62\x52\xd1\xcb\x81\xab\xda\x09\xcd\xee\x42\xc9\xe0\x96\xe8\x74\
\x84\xdb\x8b\x6f\x15\x45\xa2\xb6\xc4\x04\x80\xa8\x85\x2e\xad\x6b\
\x5f\x00\x05\xaf\x38\x4d\x4a\x6f\xa7\x5a\x1c\x88\x49\xc1\xac\xa0\
\x7c\x28\xd9\x6c\x89\xa8\x45\x98\x00\x10\x5d\x87\xb3\xdc\x58\xda\
\xb7\x29\x3a\x1d\x21\xb6\xbc\xca\x34\x55\x8a\x0b\xed\x96\x0f\xc7\
\xa5\x60\x80\xaa\x46\xe8\x70\x88\x4c\x1e\x13\x00\xa2\x6b\x18\xef\
\x51\x8e\xe3\x7d\x8c\x0b\xd5\x48\x84\x0e\x86\x5a\x24\xd8\x46\x8d\
\x0d\x3d\xd2\xb1\x30\x2c\x07\x8e\x9c\x9f\x41\x74\x55\x4c\x00\x88\
\xae\xc0\x5b\xd9\x88\x65\xdd\x32\xf1\x4b\x44\x16\xdc\xb9\x54\xad\
\xd9\x91\x00\x78\xd2\xa7\x14\xc7\x7a\x27\x61\x9c\x47\x85\xd0\xe1\
\x10\x99\x24\x26\x00\x44\x97\x91\x4a\x2e\x9e\x38\x92\x31\xc6\x9d\
\x27\x0e\x73\xe7\xa5\xd4\xe2\xb7\x88\x4c\xac\x88\x3c\x8b\x0e\xca\
\x46\xa1\xc3\x21\x32\x29\x4c\x00\x88\x2e\xe8\x6a\x57\x8f\xed\xd1\
\xa9\x58\x18\x96\x03\x07\x0e\x1d\x8b\xca\x48\xd7\x4a\x1c\x8e\x4b\
\xc1\x24\xbf\x62\x48\x79\x2f\x87\x08\x00\x13\x00\xa2\xa6\xc9\x63\
\xfb\x62\x53\x11\xeb\xc4\xd5\xe7\xc4\xca\x59\xae\xc5\x9c\xce\x79\
\xd8\x14\x9d\x86\x50\x4e\xe6\x24\x62\x02\x40\x96\xad\xaf\x53\x2d\
\xe2\x63\x8d\xe5\x63\x56\x2c\xed\xb3\x08\xb7\x39\xd5\x5e\x28\xe7\
\x2c\xe4\xef\x9c\x2c\x1a\x13\x00\xb2\x48\x4e\x72\x1d\x3e\x09\xc9\
\xc3\xe6\xe8\x34\x84\xd9\xf1\x6a\xd0\xd2\x58\x4b\xf5\x98\x11\x58\
\x80\xbd\xb1\xa9\x88\x71\xe4\xa8\x0f\x59\x26\x26\x00\x64\x71\x46\
\xb9\x55\x22\x21\x2e\x19\x2f\xf8\xf2\x7e\xb0\xa5\x8b\xb0\xab\xc7\
\x8e\x9e\x9c\xf7\x41\x96\x89\x09\x00\x59\x0c\x2f\xa5\x16\xbf\x76\
\xcb\xc4\xf2\xee\x9c\x11\x4e\x97\x5c\xac\xfc\x38\xda\x3b\x19\xa3\
\x59\xf9\x41\x16\x84\x09\x00\x89\x9e\x04\xc0\x44\xaf\x32\x24\xc4\
\x26\xe3\x6e\x7e\xc1\xd3\x55\xf8\x28\x1b\xf1\x3b\x7b\x3f\x90\x05\
\x61\x02\x40\xa2\x16\x64\xa3\xc6\xfa\x1e\xe9\x58\x1c\x9e\x0d\x17\
\x7e\xa9\x53\x0b\x8c\xf7\x28\xc7\xb1\xde\xec\xfe\x48\xe2\xc7\x04\
\x80\x44\xe9\x62\x69\x5f\x42\x5c\x0a\x06\xb2\x2f\x3c\xdd\x20\x95\
\xc2\xb8\xfe\xc3\xc6\xe8\x74\x74\xb6\x55\x0b\x1d\x0e\x51\x9b\x60\
\x02\x40\xa2\x13\xc7\x95\xe1\xa8\x95\xf4\x77\xae\xc1\xc1\xd8\x14\
\x4c\x09\x38\x0f\x39\x4b\x06\x49\x64\x98\x00\x90\x68\xd8\x5e\x58\
\x1b\x7e\x2b\xd7\x86\xa7\x56\x64\x23\x35\xbe\xaf\xf6\xc6\xa4\xa2\
\x97\x43\xad\xd0\xe1\x10\xb5\x1a\xb9\xd0\x01\x10\xb5\x86\x3b\x5c\
\xab\x30\x3f\x34\x17\x7e\xd6\x1a\xa1\x43\x31\x59\xb5\x0d\x72\x68\
\xb4\x32\x54\xd7\x2b\xa0\xd3\x49\x50\x5e\xa3\x04\x00\x48\x24\x06\
\x38\xdb\x19\xff\xdd\x6c\x94\x5a\xb8\x38\xa8\x61\x25\xe7\xc8\xc9\
\x3f\x75\xb7\xaf\xc7\xf6\x9e\xe9\xf8\x26\xdf\x0d\xef\x64\xf8\xa0\
\x56\xc7\xeb\x27\x32\x6f\x4c\x00\xc8\xac\x79\x58\x69\x31\x3b\x38\
\x0f\x13\xbc\xca\x85\x0e\x45\x50\xd5\xf5\x0a\x9c\xce\x56\xe1\x6c\
\x81\x03\x72\x4b\xec\x71\xae\xd4\x0e\xe7\x4a\x6c\x91\x57\x62\x87\
\x73\xa5\x76\x28\xab\x56\xde\xd0\xf1\x1c\x6c\x1a\xe1\xe2\xa0\x86\
\x87\x73\x03\x3a\xb8\xd5\x20\xc0\xc3\xf8\x5f\xa0\x67\x35\x42\x7d\
\x2b\xd0\xd1\xd3\x32\xe7\x55\xc8\xa5\x06\xbc\xe0\x5b\x8c\x91\xae\
\x95\x78\x31\xd5\x1f\xdb\xcb\x1c\x84\x0e\x89\xe8\xa6\x31\x01\x20\
\xb3\x35\xde\xa3\x1c\xf3\x42\x73\xe1\xaa\xb0\xac\x06\x2e\xa5\xd5\
\x4a\x24\xa6\xb9\xe3\x78\xa6\x0b\x8e\x9f\x75\xc1\x89\x4c\x57\x9c\
\x3d\xef\x00\xbd\xbe\xf5\xe6\xac\x57\xd7\x2b\x50\x5d\xaf\x40\x76\
\x91\x3d\x0e\xa7\xb9\xfd\xeb\xe7\x8e\x36\x1a\x74\xed\x58\x81\x88\
\x8e\x65\x88\x0d\x29\x46\x5c\x58\x11\x82\xbd\xab\x5a\xed\xf5\x4d\
\x5d\xa0\x8d\x06\x6b\xa3\xce\x60\x65\x91\x0a\x2f\xa7\xfa\xa1\xb4\
\x51\x26\x74\x48\x44\x37\x8c\x09\x00\x99\x9d\x40\x1b\x0d\x16\x86\
\xe5\x60\x90\xaa\x5a\xe8\x50\xda\x45\xbd\x46\x8e\x03\xc9\x1e\xd8\
\x7e\xcc\x07\x3b\x4e\xf8\xe0\x78\xa6\x4b\xab\x9e\xec\x6f\x46\x55\
\xbd\x15\x0e\x24\x7b\xe0\x40\xb2\x07\xbe\xdd\x10\x06\x00\xf0\x70\
\x6e\x40\xef\xb0\xf3\x18\x1a\x75\x0e\xc3\xa2\xcf\x21\xc0\x43\xfc\
\xa3\x04\xe3\x3d\xca\xd1\xcf\xb9\x1a\x6f\x9e\xe9\x80\xdf\x0a\x5d\
\x84\x0e\x87\xe8\x86\x30\x01\x20\xb3\x21\x97\x18\xf0\xac\x6f\x09\
\xde\xed\x94\x0f\x3b\x99\xb8\xef\x51\x17\x55\x58\x63\xe5\xfe\x40\
\xac\x89\x0f\xc0\xc1\x64\x0f\x34\x68\x4c\xff\x0a\xb3\xa8\xc2\x1a\
\x6b\x0e\x06\x60\xcd\xc1\x00\x00\x40\xa8\x6f\x25\xee\xe8\x99\x87\
\x71\x7d\xb2\x10\x17\x5a\x04\x89\x48\x8b\xea\x3d\xac\xb4\x58\x1c\
\x9e\x8d\xfb\x3c\xcb\xf1\x72\xaa\x1f\x72\x1a\xac\x84\x0e\x89\xa8\
\x45\x98\x00\x90\x59\x88\xb4\xaf\xc3\xc2\x2e\xb9\xe8\xe9\x20\xde\
\x85\x5b\xca\x6b\x94\xf8\xfb\xa0\x3f\x7e\xdf\xdd\x09\xbb\x4f\x79\
\x43\x27\xf0\x55\xfe\xad\x4a\xcd\x73\x42\x6a\x9e\x13\xe6\xaf\xee\
\x0a\x5f\xb7\x5a\x8c\xbf\x2d\x0b\xf7\xf6\xcf\x44\xaf\xe0\x62\xa1\
\x43\x6b\x13\x77\xb8\x56\xe1\x48\x5c\x32\x66\x67\x79\xe1\xf3\x1c\
\x0f\xe8\x0c\xe6\xfd\xfb\x23\xf1\x63\x02\x40\x26\xcd\x46\xaa\xc7\
\x9b\x81\x85\x78\xc5\xbf\x08\x32\x11\xd6\x61\x1b\x0c\xc0\x8e\x13\
\x3e\xf8\x7a\x7d\x18\x36\x25\xfa\x41\xa3\x15\xe7\xcc\xf2\xbc\x12\
\x3b\xcc\x5f\xdd\x15\xf3\x57\x77\x45\xb7\x8e\x65\x78\x62\x78\x1a\
\x1e\x1c\x78\x16\xce\x76\xe2\x6a\xb2\x73\xb1\x14\x75\xbc\x47\x05\
\x26\xa7\xf8\xe1\x68\xb5\xad\xd0\x21\x11\x5d\x15\x13\x00\x32\x59\
\xfd\x9d\x6b\xb0\x30\x2c\x47\x94\x9d\xd8\x6a\x1b\xe4\x58\xb6\x2b\
\x08\x8b\xd6\x86\x23\x39\xd7\x59\xe8\x70\xda\xd5\xc9\x2c\x17\xbc\
\xf6\x4d\x6f\xcc\xf8\xa1\x17\xee\x1f\x98\x89\x17\x47\x9f\x46\xb8\
\xbf\xb8\xaa\x38\x7a\x38\xd4\x61\x67\xaf\x34\xcc\xcf\xf1\xc0\x07\
\x99\x5e\x68\xd0\x8b\x33\xb1\x23\xf3\xc6\x04\x80\x4c\x8e\x4a\xa1\
\xc5\xac\xa0\x7c\x3c\x21\xc2\x5e\xec\x05\x65\xb6\x58\xb8\x26\x1c\
\x3f\x6c\x0d\x69\xaa\xc3\xb7\x54\xf5\x1a\x39\x7e\xdc\xd2\x19\x3f\
\x6d\xed\x8c\xe1\xd1\x79\x78\x65\xec\x29\x0c\xec\x5e\x20\x74\x58\
\xad\xe6\x62\x3b\xea\x71\x1e\x15\x98\x9c\xe2\x8f\x5d\xe5\xf6\x42\
\x87\x44\xd4\x0c\x13\x00\x32\x29\xe3\x3d\xca\xf1\x79\x68\x1e\xdc\
\x44\xb6\x70\x4f\x59\x95\x12\x9f\xfd\x15\x81\x45\x6b\xc3\x51\xaf\
\xe1\xc7\xee\x72\x06\x03\xb0\x29\xd1\x17\x9b\x12\x7d\x11\x17\x5a\
\x8c\xd7\xef\x3d\x8e\x51\x31\xb9\x42\x87\xd5\x6a\x2e\x2e\x48\xb5\
\xac\x50\x85\xd7\xd3\x7d\x51\xd6\xc8\xdf\x3f\x99\x06\xbe\x13\xc9\
\x24\x04\x58\x6b\xb0\x20\x2c\x17\x43\x5d\xc4\x55\x4b\x5e\x59\x67\
\x85\x05\xab\xbb\x62\xc1\x9a\xae\xa8\xae\x57\x08\x1d\x8e\xc9\x8b\
\x4f\x75\xc7\xbd\x1f\x0c\xc5\x80\x6e\x05\xf8\xdf\xc3\x89\x88\x0b\
\x15\xc7\x84\x41\x09\x80\x09\x5e\xe5\x18\xec\x52\x8d\x19\x2c\x19\
\x24\x13\xc1\x1b\x53\x24\x28\xa9\x04\x78\xd2\xa7\x14\x87\xe3\x52\
\x44\x75\xf2\xd7\xea\xa4\x58\xb0\xa6\x2b\xba\x3e\x7b\x2f\x3e\xfc\
\x3d\x8a\x27\xff\x1b\xb4\xfb\xa4\x37\x06\x4f\xbb\x0b\x8f\x7f\x3a\
\x10\x79\x25\x76\x42\x87\xd3\x6a\x3c\x2f\x94\x0c\xae\x88\x3c\x0b\
\x5f\x65\xa3\xd0\xe1\x90\x85\x63\x02\x40\x82\xe9\x66\x5f\x8f\x1d\
\x3d\xd3\xb0\x30\x2c\x07\xf6\x32\xf1\x74\xf3\x3b\x94\xea\x8e\x7e\
\x53\x46\xe3\x8d\x25\xb1\x37\xdc\x82\x97\x2e\x31\x18\x80\x3f\x76\
\x77\x42\xd4\xa4\xf1\xf8\x60\x59\x0f\xb3\xe8\x85\xd0\x52\x23\x5d\
\x2b\x71\x38\x2e\x19\x93\xfc\x8a\x21\x15\xdb\x44\x17\x32\x1b\x4c\
\x00\xa8\xdd\x59\x4b\xf5\x98\x11\x58\x88\x3d\x31\xa9\x88\x71\x14\
\xcf\xea\x6a\x15\xb5\x4a\x4c\x5d\x1c\x87\x21\xd3\xef\xc4\x89\x2c\
\x0e\xf1\xb6\x96\x3a\xb5\x1c\x1f\x2c\x8b\x42\xaf\x97\xef\xc6\xce\
\xe3\xde\x42\x87\xd3\x6a\x9c\xe4\x3a\xcc\xe9\x9c\x87\x2d\x3d\xd2\
\x10\x66\xc7\xd5\x2b\xa9\xfd\x31\x01\xa0\x76\x75\x9b\x53\x2d\x0e\
\xc4\xa6\x62\x46\x60\x01\xac\x44\x54\xd7\xbf\x7c\x6f\x20\x22\x5f\
\x18\x8f\x45\x6b\xc3\xcd\xbe\x81\x8f\xa9\x3a\x5b\xe0\x80\x3b\xdf\
\x1d\x81\xc9\x8b\xfa\xa2\xb2\x4e\x3c\xdd\xf6\xfa\x38\xd7\x22\x3e\
\x36\x05\xb3\x82\xf2\xa1\x94\x8a\xbb\xc3\x25\x99\x16\x26\x00\xd4\
\x2e\x9c\xe5\x5a\x7c\x12\x92\x87\x4d\xd1\x69\x08\xb5\x15\xcf\xd5\
\x4e\x75\xbd\x02\x93\x17\xf5\xc5\xa3\x9f\xdc\x8e\xe2\x4a\x6b\xa1\
\xc3\x11\x3d\x83\x01\x58\xb2\x39\x14\xb1\x2f\x8d\xc3\xde\xd3\x9e\
\x42\x87\xd3\x6a\x2e\x96\x0c\xee\x8d\x49\x43\xac\x93\x78\xbb\x5d\
\x92\x69\x61\x02\x40\x6d\x6e\x94\x5b\x25\x12\xe2\x52\xf0\x82\xaf\
\xb8\xee\x77\x26\x9c\x71\xc7\x6d\xaf\x8d\xc1\x92\xcd\xa1\x42\x87\
\x62\x71\x72\x4b\xec\x30\x62\xe6\x48\x4c\x5d\x1c\x27\xaa\xee\x89\
\x5d\xed\xea\xb1\xa3\x67\x2a\x16\x86\xe5\xc0\x41\x44\xf3\x62\xc8\
\x34\x89\xe7\x93\x43\x26\xc7\x4b\xa9\xc5\x6f\x11\x99\x58\xde\xfd\
\x2c\x7c\x44\x34\xe3\x59\xaf\x97\xe0\xff\xfe\x8c\xc4\x90\x37\x46\
\xe1\x4c\x81\xa3\xd0\xe1\x58\x2c\xbd\x5e\x82\x45\x6b\xc3\x31\xe2\
\xad\x91\x28\x28\x13\x4f\xcb\x5d\x09\x8c\x95\x31\xc7\x7a\x27\x63\
\xac\x47\x85\xd0\xe1\x90\x88\x31\x01\xa0\x56\x77\xe9\x0b\x2c\x09\
\xe3\x44\xf6\x05\x56\xd3\xa0\xc0\x84\xff\x1b\x84\xff\xfd\x1a\x8d\
\x46\x1d\x3f\x3e\xa6\xe0\x60\x8a\x07\xe2\x5e\x19\x2b\xaa\x09\x82\
\x00\xe0\xad\x6c\xc4\xd2\x88\x4c\xac\x88\x14\x57\x02\x4d\xa6\x83\
\xdf\x60\xd4\xaa\x82\x6d\xd4\xd8\xd0\x23\x1d\x0b\xc3\x72\xe0\x28\
\xb2\x21\xcc\xac\xf3\xf6\x18\xf4\xdf\x3b\xf1\x77\x7c\x80\xd0\xa1\
\xd0\x3f\x94\x54\x59\x63\xec\x7b\xc3\xf1\xe5\xba\x2e\x42\x87\xd2\
\xea\x46\xba\x1a\x6f\xa1\x3d\x29\xc2\xd6\xd8\x24\x2c\x26\x00\xd4\
\x2a\x2e\x4e\x62\x3a\x1c\x97\x82\x01\xaa\x1a\xa1\xc3\x69\x75\x07\
\x92\x3d\x30\xf0\xbf\xa3\x71\x3a\x47\x25\x74\x28\x74\x15\x8d\x3a\
\x29\xa6\x7c\xdb\x1b\x93\x17\xf5\x85\x56\x64\xa3\x33\xce\x72\x2d\
\x16\x86\xe5\x60\x53\x74\x3a\x42\x44\x34\x89\x96\x84\x25\xae\x4f\
\x09\x09\xa2\xb7\x53\x2d\x0e\x8a\xb8\x8c\xe9\x97\xed\xc1\x18\x39\
\x73\x24\x67\xf9\x9b\x89\x25\x9b\x43\x31\xe1\xff\x06\xa1\xb6\x41\
\x7c\x9d\xce\xfb\x39\xd7\x5c\x28\xa3\x2d\x14\x55\x19\x2d\x09\x83\
\x09\x00\xdd\x34\x47\x99\x0e\x9f\x84\xe4\x61\x6b\x74\x1a\xba\x88\
\xb4\x91\xc9\xa2\xb5\xe1\x78\x76\x41\x7f\x51\xcd\x34\xb7\x04\xeb\
\x0e\xf9\x63\xd4\xcc\x11\xa2\xec\xc4\x68\x23\xd5\x63\x46\x60\x81\
\xe8\x1a\x69\x51\xfb\xe3\xb7\x1a\xdd\x94\x91\xae\x95\x48\xe8\x9d\
\x2c\xba\xd2\xbe\xcb\xcd\x5d\xd9\x1d\x53\x17\xc7\xc1\xc0\x0b\x2d\
\xb3\x74\x38\xdd\x1d\xc3\xde\x1c\x25\xaa\x0a\x81\xcb\x89\xb5\x95\
\x36\xb5\x1f\x26\x00\x74\x43\x3c\xad\xb4\xf8\x2e\x3c\x4b\xf4\x8b\
\x99\xbc\xfb\x6b\x34\x66\xfe\xd4\x53\xe8\x30\xe8\x16\x25\xe7\x3a\
\x63\xd4\xdb\x23\x70\xae\x54\x9c\x49\xc0\xc5\xc5\xb4\x0e\xc5\x8a\
\x6b\x31\x2d\x6a\x1f\x4c\x00\xa8\x45\x24\x00\x26\x7a\x95\x21\x31\
\x2e\x09\x13\xbc\xca\x85\x0e\xa7\x4d\xbd\xb1\x24\x16\x1f\xff\x19\
\x29\x74\x18\xd4\x4a\x52\xf3\x9c\x30\x6a\xe6\x08\x9c\x2f\xb7\x11\
\x3a\x94\x36\xd3\xd1\x46\x83\x35\x51\x19\xf8\x25\x22\x0b\x6e\x0a\
\xad\xd0\xe1\x90\x99\x60\x02\x40\xd7\xd5\xc9\x46\x8d\x75\x51\x67\
\xb0\x38\x3c\x1b\x2e\x0a\x71\x0f\x35\x7e\xb0\xac\x07\x16\xac\xe9\
\x2a\x74\x18\xd4\xca\xd2\xf3\x9d\x30\xfa\xdd\x3b\x50\x56\x25\xbe\
\x39\x01\x97\x1b\xef\x51\x8e\xe3\xbd\x93\xf1\xa4\x4f\xa9\xd0\xa1\
\x90\x19\x60\x02\x40\x57\x25\x97\x18\x30\xc9\xaf\x18\xf1\xb1\x29\
\xb8\xdd\xa5\x5a\xe8\x70\xda\xdc\x92\xcd\xa1\xf8\x60\x59\x94\xd0\
\x61\x50\x1b\x39\x95\xad\xc2\xd8\xff\x0d\x47\x55\xbd\x78\x16\x12\
\xba\x12\x95\xc2\x58\x32\xb8\x3a\x32\x03\x01\xd6\x1a\xa1\xc3\x21\
\x13\xc6\x04\x80\xae\x28\xca\xa1\x0e\x3b\x7b\xa6\x61\x4e\xe7\x3c\
\xd8\xc9\xc4\x57\xda\xf7\x4f\xeb\x0e\xf9\xe3\x95\xaf\x7a\x0b\x1d\
\x06\xb5\xb1\xc4\x0c\x37\x3c\xfc\xf1\xed\xa2\xeb\x13\x70\x25\xc3\
\x5c\xab\x90\x18\x97\x8c\x29\x01\xe7\x21\x63\xc9\x20\x5d\x81\xf8\
\x3f\x05\x74\x43\x6c\x65\x7a\xcc\x0a\xca\xc7\x9e\x5e\x69\x88\x76\
\xb4\x8c\x55\xc9\xf6\x9e\xf6\xc4\x23\x9f\xdc\x0e\xad\x9e\x1f\x07\
\x4b\xb0\xf5\x68\x07\xbc\xfc\x55\x1f\xa1\xc3\x68\x17\x17\x3f\xcf\
\x7b\x63\x2c\xe7\xf3\x4c\x2d\xc7\x6f\x3c\x6a\x32\xdc\xb5\x0a\x47\
\x2c\xec\x8a\x21\xbb\xc8\x1e\x0f\x7e\x34\x04\x0d\x1a\x99\xd0\xa1\
\x50\x3b\xfa\x7e\x4b\x08\x3e\x59\xd1\x5d\xe8\x30\xda\x4d\xa4\x7d\
\x1d\x76\x46\xa7\xe1\x93\x10\xcb\x18\xd1\xa3\x96\x61\x02\x40\x70\
\xb9\x70\xcf\xf0\xaf\xc8\x0c\xf8\x5b\xd0\x3d\xc3\x06\x8d\x0c\x0f\
\x7d\x3c\x48\x94\xcd\x62\xe8\xfa\xde\xfd\x35\x1a\x9b\x12\x7d\x85\
\x0e\xa3\xdd\xc8\xa5\x06\xbc\xe0\x6b\x9c\xd3\x33\x48\x25\xfe\x39\
\x3d\x74\x7d\x4c\x00\x2c\x9c\x71\xd6\x70\x92\x45\xce\x1a\x7e\xf9\
\xeb\x3e\x38\x72\xc6\x4d\xe8\x30\x48\x20\x7a\xbd\x04\x4f\x7e\x36\
\x00\x67\x0b\x1c\x84\x0e\xa5\x5d\x75\xb2\x51\x63\x6d\x8f\x33\xf8\
\x2e\x3c\x4b\xf4\x55\x3d\x74\x6d\x4c\x00\x2c\x54\x47\x1b\x0d\xfe\
\x8e\x3a\x83\x5f\x22\xb2\xe0\x6a\x81\x5f\x02\xdf\x6c\x08\xc3\xcf\
\xdb\x3a\x0b\x1d\x06\x09\xac\xbc\x46\x89\x87\x3e\x1e\x84\x7a\x8d\
\xf8\xd6\x0d\xb8\x16\x09\x80\x09\x5e\xe5\x38\x12\x97\x84\x89\x5e\
\x65\x42\x87\x43\x02\x61\x02\x60\x61\x2e\x96\xf6\x1d\x8a\x4d\xc1\
\x10\x0b\x28\xed\xbb\x92\xc3\x69\x6e\xf8\xef\x77\x71\x42\x87\x41\
\x26\xe2\x78\xa6\x2b\xde\xfc\xa1\x97\xd0\x61\x08\xc2\xc3\x4a\x8b\
\xc5\xe1\xd9\x58\xd9\x3d\x03\x7e\x16\x74\xfb\x8f\x8c\x98\x00\x58\
\x90\x6e\xf6\xf5\xd8\xde\x2b\x1d\x73\x3a\xe7\x59\x6c\xef\xf0\x3a\
\xb5\x1c\x4f\x7f\x3e\x80\x8b\xfb\x50\x33\xdf\x6c\xe8\x82\xf5\x87\
\xfd\x84\x0e\x43\x30\x23\xdc\x2c\x6f\x02\x30\x31\x01\xb0\x08\xc6\
\xd5\xc3\x0a\xb1\x27\x26\x15\xbd\x1c\x2c\x7b\xf5\xb0\x77\x7e\xe9\
\x89\xf4\x7c\x27\xa1\xc3\x20\x13\x63\x30\x00\xcf\x2d\xe8\x87\x42\
\x11\xb7\x0b\xbe\x1e\xbb\x0b\x25\x83\x5b\xa2\xd3\x11\x6e\x2f\xce\
\xd5\x3d\xa9\x39\x26\x00\x22\x77\x69\xfd\xf0\x02\x8b\x5f\x3f\x7c\
\xcf\x69\x2f\x7c\xb9\xae\x8b\xd0\x61\x90\x89\x2a\xa9\xb2\xc6\x4b\
\x5f\xf6\x15\x3a\x0c\xc1\xf5\x76\xaa\xc5\x81\x98\x14\xcc\x0a\xca\
\x87\x52\xca\x92\x41\x31\x63\x02\x20\x52\xce\x72\x63\x69\xdf\xa6\
\xe8\x74\x84\xd8\x32\x9b\xaf\x6d\x90\xe3\x85\x05\xb7\x41\xaf\x17\
\xe9\xda\xc5\xd4\x2a\xd6\x1e\xf2\xc7\xaa\xfd\x1d\x85\x0e\x43\x70\
\x0a\x89\x01\x53\x02\xce\x23\x21\x2e\x05\x03\x54\x35\x42\x87\x43\
\x6d\x84\x09\x80\x08\x8d\xf7\x28\xc7\xf1\x3e\xc6\x05\x41\x78\xba\
\x33\x9a\xf9\x53\x2f\x64\x14\x3a\x0a\x1d\x06\x99\x81\xd7\xbe\xed\
\x8d\xf2\x1a\xf6\x86\x00\x80\x20\x1b\x35\x36\xf4\x48\xbf\x50\x32\
\xc8\x55\x06\xc5\x86\x09\x80\x88\x78\x2b\x1b\xb1\xac\x5b\x26\x7e\
\x89\xc8\x82\x3b\x3f\xac\x4d\x4e\x65\xab\xb0\x78\x63\xa8\xd0\x61\
\x90\x99\x38\x5f\x6e\x83\x99\x3f\xf5\x14\x3a\x0c\x93\x71\xb1\x64\
\x30\x21\x36\x19\xe3\x3c\x2a\x84\x0e\x87\x5a\x11\x13\x00\x11\x90\
\x4a\x80\x27\x7d\x4a\x71\xac\x77\x32\xc6\xb8\xf3\x03\xfa\x4f\xd3\
\xbf\x8f\x61\x9f\x7f\xba\x21\x3f\x6c\x0d\x61\x93\xa8\x7f\xf0\x52\
\x6a\xf1\x5b\x44\x26\x56\x44\x9e\x45\x07\x65\xa3\xd0\xe1\x50\x2b\
\xe0\xb7\xa2\x99\xeb\x6a\x57\x8f\xed\xd1\xa9\x58\x18\x96\x03\x07\
\x0b\x2d\xed\xbb\x96\xbf\xf6\x77\xc4\xb6\x63\x1d\x84\x0e\x83\xcc\
\x8c\x5e\x2f\xc1\xeb\xdf\xc5\xc1\x60\xd9\xf3\x66\xaf\x68\xa4\x6b\
\x25\x12\xe2\x92\x31\xc9\xaf\x18\x52\xde\x63\x34\x6b\x4c\x00\xcc\
\xd4\xc5\x49\x3a\xfb\x62\x53\x11\xeb\xc4\x55\xbe\xae\xa4\x41\x23\
\xc3\x8c\x9f\x2c\xb3\xc1\x0b\xdd\xba\x03\xc9\x1e\x58\x7d\xa0\xa3\
\xd0\x61\x98\x24\x27\xb9\x0e\x73\x3a\xe7\x61\x73\x74\x1a\x42\x39\
\xc9\xd8\x6c\x31\x01\x30\x43\x7d\x9d\x6a\x11\x1f\x6b\x2c\xd3\xb1\
\xf4\xd2\xbe\x6b\x59\xb4\x2e\x1c\x99\x85\x96\xd5\xe7\x9d\x5a\xd7\
\xbb\xbf\x46\x43\xc7\xca\x91\xab\xea\xeb\x54\x7b\xa1\xcc\xb8\x90\
\xdf\x45\x66\x88\x09\x80\x19\x71\x92\xeb\xf0\x49\x88\x31\xeb\x0e\
\xb3\x63\xd6\x7d\x2d\x75\x6a\x39\xe6\xfd\x15\x21\x74\x18\x64\xe6\
\xd2\xce\x39\xe1\xf7\x5d\x9d\x84\x0e\xc3\xa4\x59\x4b\xf5\x98\x11\
\x58\x80\xbd\xb1\xa9\x88\x71\xe4\x68\xa4\x39\x61\x02\x60\x26\x46\
\xb9\x19\xef\xbb\xbd\xe0\xcb\xfb\x6e\x2d\xb1\x78\x63\x28\x8a\x2b\
\xad\x85\x0e\x83\x44\x60\xd6\xd2\x68\xb6\x8e\x6e\x81\x08\xbb\x7a\
\xec\xe8\xc9\xf9\x48\xe6\xc4\xb2\x96\xc0\x32\x43\x9e\x56\x5a\x7c\
\x1a\x9a\x8b\xbb\x39\xbb\xbf\xc5\x1a\x34\x32\xcc\x5b\xdd\x7a\x57\
\xff\xce\x76\x1a\xc8\x64\x80\xa3\xed\xa5\x2f\x35\x2b\x05\x60\x67\
\xdd\x7c\xc8\xb3\xba\x4e\x02\xed\x85\x4d\xaa\xeb\xa5\xd0\xe9\x8c\
\x27\x8d\x9a\x7a\x19\x1a\x75\x3c\x81\x98\xab\xec\x22\x7b\x2c\xdb\
\x19\x84\x47\x87\xa6\x0b\x1d\x8a\xc9\xbb\x58\x91\x34\xd2\xb5\x0a\
\xaf\xa4\xf9\xe2\xef\x62\x67\xa1\x43\xa2\x6b\x60\x02\x60\xa2\x8c\
\xb5\xb7\x65\xf8\xb8\xf3\x39\x36\xe0\xb8\x41\x3f\x6f\xeb\x8c\x82\
\x32\xdb\x7f\x3d\x6f\x6d\xa5\x83\xb7\x8b\x06\x1e\xce\x80\x87\x4a\
\x06\x0f\x17\x2b\x78\xba\xda\xc3\x55\xe5\x00\x0f\x37\x57\xb8\x38\
\xb9\xc2\xc9\xc1\x19\x0e\xf6\x4e\x70\xb0\x77\x81\xbd\xbd\x0b\x1c\
\x1d\xdc\x5b\x25\x26\x83\x41\x8f\xf2\x8a\x7c\x54\x54\x16\xa1\xbc\
\xa2\x08\xe5\x95\xa5\x28\xab\x2c\x47\x45\x65\x15\xca\xab\x6a\x50\
\x59\x55\x87\xe2\xf2\x06\xe4\x97\xa8\x71\xae\xd8\x80\x9c\x22\x2b\
\xd4\xa9\x65\xad\xf2\xda\x74\xeb\xe6\xad\x8e\xc0\x23\x43\xd2\x21\
\xe1\xe8\x5b\x8b\x78\x2b\x1b\xf1\x7b\xb7\x4c\xac\x2c\x52\xe1\xd5\
\x54\x5f\x14\x37\xf2\x54\x63\x8a\xf8\x5b\x31\x41\x41\x36\x6a\x2c\
\x0c\xcb\xc1\x40\xb6\xe0\xbc\x09\x32\x9c\xcc\xeb\x8e\x67\x46\x4b\
\xe1\xe7\xed\x8c\x80\x0e\x5e\x08\xf4\x0d\x84\xbf\x6f\x28\xbc\x3c\
\x3b\xdf\xf4\x51\xd3\x2a\xb2\x50\xa3\xad\x47\xa5\xc6\xb8\x84\xb2\
\xa3\xc2\x0e\x11\x2e\x9d\xa1\x94\x59\x35\xdb\x2e\xb1\x38\x09\x27\
\x4a\x53\x61\x25\xb3\x82\xad\xdc\x1a\xb6\x72\x6b\x58\xc9\x14\x70\
\x54\xd8\xc1\xdf\xde\x07\x9d\x54\xd1\x2d\x7e\xcd\xf2\x8a\x73\x38\
\x97\x7f\x06\x39\xf9\x99\x38\x57\x58\x80\xfc\xf3\xa5\xc8\x3c\x57\
\x85\xb4\x5c\x35\x52\x73\x95\xa8\x6d\x30\x8f\x04\xc1\xd3\xcd\x11\
\x35\xb5\x6a\xd4\xd6\xab\x85\x0e\xe5\xa6\x25\xe7\x3a\x63\x53\xa2\
\x1f\x46\xf4\xca\x15\x3a\x14\xb3\x32\xde\xa3\x1c\x83\x54\xd5\x98\
\x99\xe1\x83\xef\xf3\x5d\xc1\x69\x82\xa6\x85\x09\x80\x09\x51\x48\
\x0c\x78\xc9\xbf\x08\x6f\x05\x16\x72\x11\x8e\x9b\x24\xb1\x1d\x85\
\x85\x1f\xfc\xd4\xe2\xed\x1f\xdd\x3e\x1d\xe5\xea\x2a\x54\xa8\xab\
\x51\xae\xa9\x42\xa5\xa6\x1a\xee\xd6\x2e\x98\x77\xdb\x34\xf4\xf7\
\xbe\xd4\x0d\xee\xf9\x3d\xb3\x70\xa8\xe8\x64\xb3\x7d\x3d\x6d\x5c\
\xf1\xf5\xc0\x77\x31\xa4\x43\x5c\xd3\x73\x1b\x73\xf7\xe2\xa3\xa3\
\x8b\xaf\xf8\x5a\x73\xfb\xbc\x8e\xff\x84\xdf\x07\x00\x38\x5f\x5f\
\x8a\x41\x6b\x9e\x80\x97\xad\x1b\x7e\x18\xf4\x01\xfc\xed\xbd\xa1\
\xd6\x69\xf0\x5d\xca\x4a\xb8\x5a\x3b\xe3\x4e\xff\x01\x50\x39\x77\
\x80\xca\xb9\x03\x22\xc2\x07\x5e\xf1\x78\xe5\x15\xf9\x48\x4e\x3b\
\x84\xa4\xf4\x54\x24\x67\x9c\x43\x72\x66\x15\x32\x0b\x80\xcc\x42\
\xd3\x5a\xd1\xee\xee\x21\x3d\x50\x5c\x56\x8d\x15\x5b\x8e\x08\x1d\
\xca\x2d\xf9\x7c\x75\x57\x26\x00\x37\x41\xa5\x30\xae\x4b\xf2\x80\
\x57\x19\x26\xa7\xf8\x23\xbd\x8e\x6d\x96\x4d\x05\x13\x00\x13\x11\
\xe7\x54\x8b\x2f\x42\x73\xb8\x0c\xe7\xad\x72\x78\xb6\xe9\x8f\x65\
\xea\x4a\xbc\x9b\xb0\x08\x3b\xce\x1d\x82\xbb\x8d\x0a\x0f\x06\x8d\
\xc4\xd3\x5d\xee\x81\x54\x72\xe9\x7e\xfc\xb6\x73\xf1\x68\xd0\xaa\
\xe1\x65\xeb\x06\x95\xd2\x11\xfe\xf6\xde\x88\x3f\x7f\x02\x0f\x6e\
\x7d\x1d\x47\xef\x5d\x0e\x0f\x1b\x17\x00\x80\x42\x2a\x87\x8d\x4c\
\x89\xe9\xd1\xcf\xc0\x46\x6e\x8d\x92\x86\x72\x7c\x93\xf4\x27\x26\
\x6e\x7d\x1d\xa7\x1f\x58\x0d\x37\x6b\x15\x00\xa0\x5e\x6b\xbc\xca\
\xfd\x7e\xd0\xfb\x90\x4a\xa4\xa8\x54\x57\x43\x0f\x03\xaa\x34\x35\
\xe8\xe3\x15\xd5\xf4\xba\xe7\xeb\x4a\x91\x5b\x53\x88\xdc\x9a\x42\
\x24\x14\x9f\x86\xbf\xbd\x37\xd6\x66\xef\xc2\x1b\x07\x3f\x05\x00\
\xa4\x4d\x58\x07\x7b\xc5\xbf\x6f\x63\x5c\x4e\xe5\xec\x83\xbe\xb1\
\xe3\xd0\x37\xb6\xf9\xf3\x15\x95\x85\x48\x4a\x3d\x88\x7d\x89\x09\
\x38\x70\x2c\x1f\x89\x69\xc0\xf9\xf2\xf6\xfd\xd2\x95\x4a\x25\x18\
\xd9\xbf\x1b\xac\xad\xe4\x78\x68\x74\x6f\xd4\xd4\x1a\xdf\xd7\xd5\
\x75\x6a\x6c\xd9\x9f\x04\x83\x19\x76\xd8\xd9\x7d\xd2\x1b\x27\xb2\
\x5c\xd0\xbd\x63\x99\xd0\xa1\x98\xa5\xfe\xce\x35\x38\x18\x9b\x82\
\x4f\xb3\x3d\xf1\x71\x96\x27\x1a\x0d\xbc\x9f\x22\x34\x26\x00\x02\
\xb3\x95\xe9\x31\xbd\x63\x21\x5e\xf1\x2f\x82\x8c\x75\xb4\xb7\x46\
\x11\x04\x89\xcd\x60\x00\x40\xa3\x5e\x8b\x3b\xd7\x3f\x8f\x53\x65\
\x67\xe0\x64\xe5\x80\xa2\xfa\x32\x4c\x29\x9a\x83\x94\x8a\x4c\x7c\
\xda\xf7\xbf\x4d\xbb\x38\x2a\xec\xd0\xc7\x33\x12\xcb\x87\x7f\xd6\
\xf4\xdc\x5b\x87\x16\x60\xde\xc9\x9f\x71\xa4\x38\x09\x23\xfc\xfb\
\x01\x00\xe4\x52\x19\xe4\x52\x39\x5e\xed\xfe\x68\xd3\x76\xbd\xdc\
\xba\xe2\xbe\x2d\xaf\xe1\xcf\x8c\xcd\x78\xbe\xeb\x03\x00\x80\x06\
\x9d\x1a\x12\x48\x20\x93\xc8\xa0\x90\xca\xd1\xd1\xb1\x03\xe4\x12\
\x19\x42\x9d\x03\x9b\x92\x09\x00\x28\x6e\x28\x6f\xfa\xf3\xb1\x92\
\x14\x8c\x0f\x1c\x8a\x9f\xd2\xd6\x00\x00\x24\x90\x34\x25\x14\xd7\
\x92\x56\x91\x85\xcd\x79\xfb\xd1\xd5\x25\x18\xe1\xaa\x20\x78\xda\
\xb8\x02\x00\x9c\x9d\xbc\x2e\x24\x06\xe3\x9a\xb6\xcd\xcb\x4b\x46\
\xc2\xc9\xbd\x38\x7a\x3a\x15\x89\xc9\xa5\x38\x98\x24\x47\x4d\x7d\
\xdb\x7d\xfc\xf5\x7a\x03\xce\xe6\x16\xe3\xa7\x8f\x9e\x42\xb7\x10\
\x63\x27\x46\x27\x07\x5b\x3c\x3a\xed\x3b\xb3\x3c\xf9\x5f\xf4\xf3\
\xb6\xce\x98\xf3\x54\xbc\xd0\x61\x98\x2d\x9b\x0b\x25\x83\xa3\xdd\
\x2b\x30\x39\xd9\x0f\x09\xd5\x76\x42\x87\x64\xd1\x98\x00\x08\xe8\
\x0e\xd7\x2a\xcc\x0f\xcd\x85\x9f\xb5\x46\xe8\x50\x44\x41\x62\xf7\
\x30\x2e\x56\xb6\x2e\x3f\xbb\x19\xa7\xca\xce\x60\x42\xf0\x28\x7c\
\x39\xe0\x6d\x34\xea\xb5\xb8\x6f\xf3\xab\xf8\x36\x79\x39\x1e\x0d\
\x1d\x83\x28\xd7\x30\x00\x80\x83\x95\x1d\x72\x6a\x0a\xb0\x3a\x6b\
\x3b\x2a\xd4\xd5\x28\xac\x2b\xc1\x8a\xb3\x9b\x61\x23\x53\xa2\x97\
\x47\xd7\xa6\x63\x2b\xa4\x72\x68\xf5\xcd\x27\x63\x0e\xf0\x31\x76\
\x19\xcc\xad\x29\x68\x7a\xae\x4e\xdb\x00\x03\x0c\x78\x74\xfb\xf4\
\x66\xdb\x7e\xd2\x67\x2a\x9e\x0d\xbf\xbf\xe9\x71\xc9\x85\x04\x40\
\x29\xb3\xc2\xb1\x92\x14\xe4\xd4\x14\x60\x67\xfe\x61\x00\x80\x93\
\xd2\x1e\x0a\xe9\xf5\x3f\x9a\xdb\xf3\x0f\x61\x7a\xfc\xe7\x4d\x8f\
\x5d\x94\x4e\xe8\xea\x12\x8c\xc7\x42\xc7\xe2\x81\xa0\x11\xcd\xb6\
\xf5\xf5\xed\x02\x5f\xdf\x2e\x18\x37\xd2\xf8\x58\xa7\x6f\xc4\xf1\
\x93\x3b\xb0\x2f\xe1\x20\x0e\x1e\xcf\xc1\xd6\x04\xa0\xb2\x4e\x71\
\xdd\xd7\xbc\x11\xc9\x67\x0b\xb0\x68\xd9\x0e\x2c\x9a\xf9\x10\x24\
\x12\x09\xfe\x6f\xf1\x06\x9c\xc9\x29\x6a\xd5\xd7\x68\x6f\x4b\x77\
\x06\x61\xd6\x23\x09\xb0\xb6\x62\x99\xdb\xad\xe8\x6e\x5f\x8f\xed\
\x3d\xd3\xf1\x4d\xbe\x1b\xde\xcd\xf0\x46\x8d\xce\x3c\xe6\xb3\x88\
\x0d\x13\x00\x01\x78\x58\x69\x31\x3b\x38\x0f\x13\xbc\xca\xaf\xbf\
\x31\xb5\x90\x04\x12\xfb\x09\x4d\x8f\xf6\x16\x18\xef\x37\x4f\x8d\
\x7c\x1c\x32\x89\x14\x32\x99\x15\x5e\xea\xf6\x30\x76\xe6\x1f\xc6\
\xc6\x9c\xbd\x97\x12\x00\x85\x1d\x0e\x15\x9d\xc4\xc3\xdb\xa6\x35\
\x3b\xda\x1b\x3d\x9e\x6a\x76\x15\x2e\x97\xca\xa1\x35\x34\xff\xd2\
\xaf\xd7\x36\x40\x02\x09\x94\xb2\x4b\xc3\xeb\x6a\x9d\x1a\x2a\xa5\
\x23\x56\xde\xf1\x39\xaa\x1b\xeb\xa0\xd1\x35\xa2\x4e\xdb\x80\x1e\
\x6e\x61\xcd\xf6\x3d\x5f\x57\x0a\x00\xe8\xe7\xd5\x03\x89\x25\x49\
\xf8\x31\x75\x35\x00\x20\xcc\x39\x10\xfa\x16\x4e\x95\x4a\x2e\x3f\
\x0b\xa5\xcc\x0a\x4b\x6e\x9f\x85\xb4\xca\x2c\x9c\x2e\xcb\x40\x4a\
\xc5\x59\x54\xaa\xab\xaf\xbb\xaf\x44\x22\x43\x74\xe4\x70\x44\x47\
\x0e\xc7\x8b\x00\xb4\x5a\x0d\x12\x8e\x6d\xc6\xae\xf8\xfd\xd8\x73\
\xa4\x00\xfb\x4f\x29\x5a\xa5\x0a\xa1\x5f\x8f\x60\xdc\xfd\xe2\x22\
\x28\xad\xe4\x18\x18\x13\x82\xd5\xdb\x8f\xdd\xf2\x31\x85\x54\x56\
\xad\xc4\xea\x83\x1d\xf1\xc0\x80\x0c\xa1\x43\x31\x7b\x72\xa9\x01\
\x2f\xf8\x16\x63\x94\x6b\x25\x26\xa7\xfa\x63\x7b\x19\xbb\x76\xb6\
\x37\x26\x00\xed\x6c\xbc\x47\x39\xe6\x85\xe6\xc2\x55\xc1\x2b\x88\
\x56\x65\xdd\x07\x90\x77\x6c\x7a\x78\xf1\x6a\xdd\x46\x7e\xa9\x19\
\x90\x9d\xdc\x38\x39\x4e\x67\xb8\x34\xc1\xd2\xd1\xca\x0e\xb6\x72\
\x6b\x2c\xe8\x37\x03\x2a\xa5\x23\x1c\x15\x76\x78\x60\xeb\x54\xac\
\xcb\xde\x85\x37\x7b\x3c\xd3\x34\x5f\x40\x2e\x91\x41\xab\xd7\xc1\
\x00\x03\x24\x90\xa0\xba\xb1\x16\xd3\xe2\x3f\x83\x01\x06\x44\xb9\
\x5d\x5a\x6a\xb8\x4e\xdb\x00\x07\x85\x1d\x7a\xb9\x5f\xbb\x0f\xc1\
\xc5\x11\x80\xa1\xbe\x7d\xb0\xed\x5c\x3c\xbe\x4a\xfa\x03\x43\x3a\
\xc4\xa1\xb4\xa1\xa2\x59\xcc\xd7\x72\xba\xfc\x0c\x00\xe3\x68\x47\
\xb8\x2a\x08\xe3\x02\x07\xa3\xb7\xe7\xab\x4d\xb7\x02\xae\x65\x63\
\xee\x5e\xbc\xb4\x77\x36\xfa\x7a\x45\x61\x90\x4f\x2c\x7a\x7b\x46\
\xa2\x77\xaf\xbb\xd0\xbb\xd7\x5d\x78\x03\x40\x43\x43\x35\xf6\x1d\
\xfa\x0b\xeb\x77\x1e\xc4\x9a\x3d\x75\xc8\x2d\xbe\xb9\xa6\x4a\x53\
\xe7\xfc\x89\xf2\x2a\x63\x77\xb8\xdd\x09\x69\x37\x75\x0c\x53\xb3\
\x6c\x57\x27\x26\x00\xad\xa8\xa3\x8d\x06\x6b\xa3\xce\x60\x65\x91\
\x0a\x2f\xa7\xfa\xa1\xb4\x91\xa3\x01\xed\x85\x09\x40\x3b\x09\xb4\
\xd1\x60\x41\x68\x0e\x06\xbb\x5c\xff\xea\x8c\x6e\x9c\xc4\x76\x7c\
\xb3\xc7\xfd\xbc\xa3\xf1\xdb\x99\xf5\xf8\x33\x63\x13\x5e\x8b\x7c\
\x0c\x00\xf0\x7b\xc6\x46\x00\x40\x57\x55\x50\xd3\x76\x0e\x0a\x3b\
\x68\xf4\x8d\xb8\x2f\x68\x38\x24\x30\x4e\x4a\x9a\x18\x3c\x0a\x0b\
\x4e\xfd\x86\x93\x65\xe9\x88\x74\x35\x9e\xdc\x15\x52\x39\x0c\x30\
\xa0\xfb\x1f\xc6\xd7\x29\xac\x2b\x46\x83\x4e\x83\xc1\x1d\xe2\x70\
\x57\xc0\xed\x4d\xc7\x53\xeb\x34\xc8\xa9\x29\x80\xc3\x77\xb1\x70\
\xb2\x72\x80\x44\x02\x38\x5b\x39\x42\x22\x91\xe0\xb9\xf0\xfb\xf1\
\x42\xd7\x07\x01\x00\x45\xf5\x65\xb0\x57\xd8\xa2\x8f\xa7\x71\x62\
\x60\x95\xa6\x06\x8f\x85\x8e\xc5\xb4\x83\x9f\x21\xc6\xe3\xfa\x4d\
\x8c\x0c\x30\x20\xb9\xfc\x2c\x1c\x14\x76\xd8\x95\x9f\x80\x55\x99\
\xdb\x00\x00\x8b\xfa\xbf\x85\x47\x42\xc6\x5c\x77\xff\xdd\xf9\x89\
\x28\xaa\x2f\xc3\xaa\xcc\x6d\x4d\xfb\xfa\xdb\x7b\x63\x6e\x9f\xd7\
\x31\xc2\xbf\x1f\xac\xad\x1d\x30\x64\xc0\x23\x18\x32\xe0\x11\xcc\
\x05\x90\x94\x96\x80\x75\xdb\xd7\x61\x47\x7c\x26\x76\x1f\x57\xb6\
\x78\x79\xe5\x8b\x27\xff\x7f\xfe\xd9\x9c\x6d\x3f\xe6\x83\xb2\x6a\
\x25\x5c\x1c\xcc\xb7\xac\xd1\x14\x8d\xf7\x28\x47\x7f\x55\x35\xa6\
\xa7\x77\xc0\x6f\x85\x2e\xd7\xdf\x81\x6e\x19\x13\x80\x36\x26\x97\
\x18\xf0\xac\x6f\x09\xde\xed\x94\x0f\x3b\x19\x4b\xfb\xda\x8a\xc4\
\x66\x64\xb3\xc7\xf7\x05\x8d\xc0\x17\xa7\x96\xe1\xdd\x84\x45\xd8\
\x57\x78\x14\x35\xda\x3a\xec\x2f\x3c\x86\x30\xe7\xc0\x66\x27\x6c\
\x07\x85\x1d\xb4\x7a\x1d\x6a\x1a\xeb\xe0\xa0\x30\x4e\x48\xea\xed\
\x19\x89\x05\xa7\x7e\x43\x6e\x4d\x61\x53\x02\xe0\x63\xeb\x81\x08\
\x97\xe0\xa6\x7b\xf3\xfe\xf6\x5e\x18\x15\x30\x00\xff\xe9\x72\x1f\
\x64\x97\x55\x15\xdc\xe6\xd5\x03\xf6\x0a\x5b\xd4\xeb\xd4\x50\x6b\
\x35\xa8\xd3\x35\x40\xa3\xd3\xa0\xa6\xb1\xbe\xd9\xc8\x43\x49\x43\
\x39\xdc\x6d\x5c\xd0\xcd\xb5\x33\xac\xa4\x0a\x38\x58\xd9\x61\x84\
\x5f\x3f\x3c\xbd\xf3\x6d\x78\xb4\xe0\x0a\x3e\xaf\xe6\x3c\xaa\x34\
\x35\xf8\x5f\xaf\x49\x78\x2d\xf2\x31\x9c\xaf\x2f\x45\x52\x79\x06\
\xc2\x9c\x03\x5b\xf4\xef\xb5\xab\xe0\x30\xc2\x55\x41\x58\x33\x72\
\x21\xf6\x16\x1e\xc1\xfe\xc2\x63\xf8\x39\x6d\x0d\x9e\xdc\x39\x13\
\xe9\x13\xd6\xc1\xee\x42\x05\x42\x41\x5d\x31\xec\xe4\x36\x08\x0f\
\xe9\x85\xf0\x90\x5e\x78\xfd\x39\xa0\xb8\x38\x0b\xeb\xb6\x2f\xc7\
\xf2\xcd\xa7\xb1\xe3\xa8\xd2\xe2\x16\xcb\x69\xd4\x49\xb1\x36\xde\
\x9f\x9d\x01\xdb\x80\xbb\x42\x8b\xc5\xe1\xd9\xb8\xcf\xb3\x1c\x2f\
\xa7\xfa\x21\xa7\xc1\xea\xfa\x3b\xd1\x4d\x63\x02\xd0\x86\x22\xed\
\xeb\xb0\xb0\x4b\x2e\x7a\x3a\x88\xe3\xca\xc7\x64\x29\xc2\x00\x45\
\x50\xb3\xa7\xac\x65\x56\x58\x39\x62\x1e\x5e\xde\x37\x1b\x5b\xf3\
\x0e\x40\xab\xd7\x61\x80\x77\x4f\x2c\x19\xf4\x3e\xe4\xd2\x4b\x43\
\x8c\x8f\x84\x8c\xc6\x30\xdf\x3e\xb0\x92\x5e\x9a\x00\x37\xd4\xb7\
\x0f\x4e\xde\xbf\xaa\xd9\xac\xfd\x8f\x7a\xbf\xda\xa2\x50\xa6\x44\
\x3e\xde\xa2\xed\x16\xf4\x7b\x13\x55\x9a\x5a\x58\x49\x15\xf8\xf6\
\xf6\xff\xc1\x56\x66\x0d\x89\x44\x82\x31\x1d\x07\x21\xda\x3d\xfc\
\xba\xfb\x27\x95\x1b\x87\xa0\x37\xe5\xed\x83\xd6\xa0\x43\x17\x55\
\x27\x74\x55\x05\xb5\x28\x79\x28\x69\x28\xc7\xe9\xb2\x0c\x0c\xf3\
\xed\x03\xb9\x54\x86\xf1\x81\x43\x31\x3e\x70\x28\xf4\x06\x3d\xbe\
\x4d\x5e\x8e\xe3\xa5\x69\xe8\x7b\xa1\x64\xf1\x83\x23\xdf\xe0\x97\
\xb4\xbf\xd1\xdd\x35\x04\xb7\xfb\xc4\x62\x50\x87\x58\xf4\xf3\x8a\
\xc6\xe3\x0f\x4c\xc5\xe3\x0f\x00\xc5\x25\xb9\x58\xbe\xfe\x0f\xfc\
\xb1\xe9\x34\x0e\x26\x29\x61\xc6\x13\xfc\x6f\xc8\xf2\x7d\x81\x4c\
\x00\xda\xd0\x1d\xae\x55\x38\x12\x97\x8c\xd9\x59\x5e\xf8\x3c\xc7\
\x03\x3a\xdc\xce\xdd\x50\x00\x00\x20\x00\x49\x44\x41\x54\x96\x0c\
\xb6\x89\x2b\xfe\xab\x26\x9d\x3a\x9e\x0d\xc0\xff\xe2\xe3\x0f\x33\
\x7f\xc3\x9f\x45\xbb\xda\x2d\x28\x73\x67\x23\xd5\xe3\xcd\x40\x96\
\xf6\xb5\x17\x89\xe3\x2b\x90\xb8\x7c\x74\xd5\x9f\xd7\x69\x1b\x50\
\xaf\x6d\x80\xab\x75\xcb\xfa\x92\x1b\x74\x15\xd0\x6a\x2b\xd1\xa8\
\xae\x44\x83\xba\x1a\x6a\x4d\x1d\x74\x3a\xe3\x9c\x0d\x8d\x46\x0d\
\x4d\x63\x23\x00\x40\xad\x69\x44\x83\xc6\xf8\x67\x85\x4c\x0a\x5b\
\x1b\xe3\x7d\x72\x85\x42\x01\xa5\x95\xf2\xc2\x9f\x95\x50\xc8\xad\
\x20\x97\x5b\x41\xa9\x74\x82\x42\xe1\x0c\xa9\xdc\x19\x90\xdc\xda\
\x95\xcd\xf6\x73\xf1\xf8\xf8\xd8\x12\x9c\x2e\x3f\x83\x8a\xcb\x26\
\xfd\x0d\xf7\xed\x8b\x15\x77\x7c\x7e\x8d\x3d\x81\x95\x99\x5b\xf1\
\xd8\xf6\x37\x01\x18\x4b\x0e\xc3\x55\x41\xe8\xea\x12\x84\xf5\x39\
\x7b\x00\x00\x49\x0f\xac\x81\x4a\xe9\x08\x00\xe8\xb2\x6c\x34\xea\
\xb4\x0d\xd0\xe8\x1b\x51\xd3\x68\x4c\x64\xfd\xed\xbd\xb1\x7c\xf8\
\x67\xe8\xa2\x6a\xbe\x4a\xde\xb9\x73\xa7\xb1\x72\xe3\xef\x58\xb9\
\x2d\x0b\x07\x92\xc4\x5d\xde\xa5\x54\xe8\x90\xfb\xf3\x52\xd8\x5b\
\x37\x0a\x1d\x8a\xe8\x1d\xab\xb6\xc5\xa4\x14\x3f\x1c\xad\xbe\x76\
\x5f\x0c\xba\xc4\x56\xa6\xc4\xbe\x5e\xf3\x9b\x1e\x1b\x80\xbc\xae\
\x11\x91\x7e\xff\xdc\x8e\x23\x00\xad\xac\xbf\x73\x0d\x16\x86\xe5\
\xa0\xb3\x2d\xef\x0f\xb6\x1b\xdb\x51\xd7\xfe\xb1\xdc\x1a\xd6\x92\
\x3a\x34\xd4\x26\xa3\xaa\xea\x3c\xca\x2a\x4a\x50\x58\x5c\x8e\xb3\
\xe7\x2a\x90\x99\x5f\x8b\xdc\xc2\x7a\xe4\x15\x35\x22\xb7\x50\x83\
\xec\xf3\xed\x33\x39\xd3\x43\x25\x43\x47\x6f\x05\xfc\x3d\xad\xe0\
\xe3\xa1\x84\xb7\x9b\x12\x01\x5e\x0e\xf0\xf3\x56\xc1\xd3\xcd\x0d\
\x2a\x67\x0f\xd8\xda\x75\x80\x4c\xe1\x81\x2b\x2d\xda\x39\xb8\x43\
\x1c\x06\x5f\xe8\x40\x98\x5f\x57\x8c\xe4\xf2\xb3\x38\x5d\x76\x06\
\x3e\x76\xd7\x5f\xbb\x60\x57\x7e\x02\x00\xe0\xfd\xd8\x97\x70\xa2\
\x34\x15\x7b\x0b\x8e\xe0\x8f\x8c\x4d\xf0\xb0\x71\xc1\xb7\x03\xff\
\xd7\x74\xf2\x4f\x2a\xcf\x40\x5e\xed\x79\xcc\x88\xfe\x0f\xa6\x44\
\x3e\x8e\x43\x45\x27\xb1\x21\x67\x0f\xe6\x9f\xfc\x15\x53\x0e\xcc\
\xc1\xfa\x51\x5f\x36\x3b\x6e\x87\x0e\x5d\xf1\xe2\x53\xef\xe1\xc5\
\xa7\x80\xd4\xf4\x03\xf8\x71\xf9\x1f\xf8\x79\x63\x25\x8a\x2b\xc5\
\xd7\xf9\x4d\xdd\x28\xc3\xde\x53\x5e\xec\x0c\xd8\x0e\xa2\x1c\xea\
\xb0\xab\x67\x1a\xe6\xe5\x7a\xe0\x83\x4c\x2f\x34\xb4\x70\xfe\x09\
\x5d\x1f\x13\x80\x56\xa2\x52\x68\x31\x2b\x28\x1f\x4f\xf8\x94\x5e\
\x79\x58\x85\xda\x86\xd4\x19\x12\x65\x5f\x00\x80\x5e\x5b\x8a\x9a\
\xea\x4c\x14\x16\xe5\x20\x23\xe7\x3c\x8e\xa5\x96\xe2\xc0\xc9\x0a\
\x1c\x4a\xaa\x47\x45\xb5\x69\xcd\xbf\x28\x2a\xd7\xa1\xa8\x5c\x87\
\x43\x49\xd7\xee\xfc\x68\xab\x94\x20\x3a\xcc\x1a\xdd\x3b\xdb\x21\
\x3c\xd0\x11\xe1\x41\xee\xe8\xe8\xdb\x01\x6e\xae\x9d\x60\x65\x1d\
\x00\x48\xe4\xf0\xb1\x75\x87\x8f\xad\x7b\xb3\x96\xc4\xd7\xb2\x2b\
\xff\x30\x3a\x39\xfa\xe1\xe5\x6e\x0f\x37\x3d\x57\xa9\xa9\x86\xbd\
\xc2\xae\xd9\x7c\x86\x2d\x79\x07\x00\x18\xdb\x16\xa7\x56\x64\xa1\
\xaf\x57\x14\x7a\x7b\x46\xe2\xf7\x8c\x8d\x38\x51\x7a\xe5\x19\xfd\
\x8d\x7a\x2d\x0a\xeb\x4a\xd0\x39\x38\x0e\x1f\x4e\xef\x83\x77\xa7\
\xd4\x61\xf3\x8e\x9f\xb1\x74\xed\x7e\xfc\xb5\xcf\x46\x54\xf3\x05\
\x36\x1f\xe9\xc0\x04\xa0\x9d\xc8\xa5\x06\x4c\x09\x38\x8f\xbb\x3d\
\x2a\x30\x39\xd5\x0f\x3b\x59\x32\xd8\x2a\x98\x00\xb4\x82\xf1\x1e\
\xe5\xf8\x3c\x34\x0f\x6e\x5c\xb5\xaf\xdd\xfd\x7d\x28\x08\x9b\xbe\
\x7d\x07\x3b\x8f\x54\xe3\xec\x39\xf1\x0d\xc7\xd6\xa9\x0d\xd8\x7b\
\xbc\x1e\x7b\x8f\xd7\x03\x28\x01\x70\xb6\xe9\x67\x8e\x76\x12\x0c\
\x8b\xb1\x47\xdf\x28\x15\xa2\x42\x3d\x11\xe8\xdb\x01\x6e\xee\x9d\
\x61\x65\x1d\x88\xab\xdc\xdd\x43\xa5\xa6\x1a\xd5\x8d\xb5\x18\xe1\
\xd7\xaf\xd9\xf3\x4e\x56\xff\xfe\x42\xdd\x92\xb7\x1f\x00\xb0\x38\
\x79\x05\x16\x27\xaf\x80\xbb\x8d\x0a\x6e\xd6\x2a\x14\xd6\x95\x60\
\x42\x70\xf3\x51\x97\x3a\x6d\x03\xde\x3a\x34\x1f\x3f\xa6\xae\x86\
\x46\xdf\x08\x1f\x5b\x77\x7c\x39\xe0\x6d\x63\x95\xc4\x1d\xcf\xe2\
\xae\x3b\x9e\x45\x66\xf6\x31\xfc\xf0\xe7\x2f\xf8\x71\x5d\x19\x0a\
\xdb\xb9\x35\x71\x5b\xd8\x7a\xb4\x83\xd0\x21\x58\x9c\x4e\x36\x6a\
\xac\x8b\x3a\x83\x65\x85\x2a\xbc\x9e\xee\x87\x32\x96\x0c\xde\x12\
\xce\x01\xb8\x05\x01\xd6\x1a\xcc\x0f\xcd\xc5\x30\xd7\x2a\xa1\x43\
\xb1\x58\xe3\xdf\x1f\x8a\x8d\x09\xff\xba\xb5\x65\xd1\xfc\x3c\x14\
\xb8\x7b\x90\x3b\x06\xc7\x76\x40\x64\x58\x27\x78\x7a\x46\x40\x2a\
\x77\x6b\xb6\x4d\x9d\xb6\x1e\xb6\xf2\xab\x2f\x1a\x54\xdb\x58\x07\
\xff\x5f\x86\x61\x50\x87\x58\x3c\x1b\x7e\x3f\xb6\x9f\x8b\xc7\xfa\
\x9c\x3d\x38\x5b\x95\x8b\x7b\x3a\x0d\xc3\x97\x03\xde\x86\xcd\x65\
\x0d\x90\x1e\xdd\x3e\x1d\xab\x32\xb7\x21\xc8\xd1\x0f\xdd\x5c\x43\
\xb0\x39\x77\x1f\x24\x12\x29\x76\x8f\xf9\x01\x21\xce\x1d\x9b\x1d\
\x5b\xab\xd5\x60\xed\x96\x1f\xf1\xc5\xd2\x7d\xd8\x73\xc2\xb4\x16\
\x2e\xba\x51\x99\xdf\x2f\x83\xa7\xaa\x5e\xe8\x30\x2c\xd2\x79\x8d\
\x1c\x33\xce\xb0\x64\xf0\x4a\x5a\x3a\x07\x80\x37\x53\x6e\x82\x54\
\x02\x3c\xe9\x53\x8a\x43\x71\x29\x3c\xf9\x0b\xc8\x60\x00\x0e\xa5\
\x7a\xb4\x78\xfb\x00\x9f\xeb\xcf\x90\x17\x83\xdc\xa2\x46\xcc\xff\
\x3d\x1f\xe3\xa6\x1c\x46\xe0\x9d\xbf\xc3\xb6\xd7\x4c\x0c\x7d\xec\
\x35\x7c\xf1\xc3\x6c\x1c\x3d\xf6\x1b\xea\xaa\x4e\xc0\x56\x7e\xed\
\x2b\xf0\x9d\xf9\x87\xa1\xd1\x37\xe2\x0e\xbf\xdb\x30\xcc\xb7\x0f\
\x66\xc7\xbd\x82\x79\xb7\x19\xbb\x25\x8e\xe9\x38\xa8\xd9\xc9\xff\
\x64\x59\x3a\x56\x65\x6e\x43\x6f\xcf\x48\xc4\x8f\x5f\x8a\x9f\x07\
\xcf\xc6\x9a\x11\x0b\x51\xdb\x58\x87\x1f\x52\xff\xfa\xd7\xb1\xe5\
\x72\x2b\x8c\x1b\xf9\x0c\xb6\xfc\xf4\x03\xe2\x7f\xb9\x07\x13\x87\
\xea\xa0\x30\xd3\x12\xd9\x83\x29\x2d\x7f\xff\x51\xeb\xf2\xb4\x32\
\x96\x0c\xae\x88\x3c\x0b\x5f\xa5\xf8\x46\xff\xda\x03\x6f\x01\xdc\
\xa0\x08\xbb\x7a\x7c\xd1\x25\x07\x31\x8e\x2c\xed\x13\x5a\xea\x39\
\x67\x94\x55\xb7\x6c\x28\x59\x22\x91\x60\xc1\x8c\x09\x18\x33\x69\
\x61\x1b\x47\x65\x9a\x8c\xb7\x11\x72\x00\xe4\x00\xd8\x03\x6f\x57\
\x19\x26\x0c\x77\xc1\xd8\xc1\xc1\xe8\x16\x1a\x05\x5b\xc7\xee\xcd\
\xb6\x57\xc8\x14\xe8\xe3\x19\xd5\x34\xd1\x10\x40\xd3\x49\xff\x5c\
\x6d\xf3\x7e\xfe\xfb\x0a\x8f\x02\x00\x5e\x8c\x98\x08\xa5\xcc\x58\
\xdd\x10\xe7\xd9\x1d\x0e\x0a\x3b\x24\x57\x9c\xc5\x3f\x65\x56\xe5\
\x21\xb5\x22\x0b\xfe\x0e\xde\x88\x8c\x18\x8a\x25\x9f\x0c\xc5\xec\
\xf3\x19\xf8\x66\xe9\xd7\xf8\x72\x45\x19\xca\xaa\x5b\x77\x4d\x82\
\xb6\x74\x20\xc5\x13\x63\xfb\x64\x0b\x1d\x86\x45\x1b\xe9\x5a\x89\
\xbe\x71\x35\x78\x3f\xd3\x1b\x5f\xe6\xb9\x43\xcf\xc2\xab\x16\x63\
\x02\xd0\x42\xd6\x52\x3d\xa6\x04\x14\xe1\xf5\x8e\x85\xb0\x62\x69\
\x9f\x49\x38\x94\x72\xfd\x19\xef\x17\xc5\x74\xeb\x88\xe1\xb7\x75\
\x45\x68\xa0\x17\x52\x33\x0b\xdb\x30\x2a\xf3\x50\x50\xaa\xc3\xa7\
\x4b\x8b\xf1\xe9\xd2\x62\x00\x07\x10\x17\x6e\x8d\x27\xc6\x76\xc0\
\xed\x31\x61\xf0\xf7\x8f\xc3\x70\xdf\xbe\x18\xee\xdb\xb7\xd9\x3e\
\x67\xaa\x8c\x13\xde\x82\x1c\x7d\x9b\x3d\xaf\xbb\xb0\x46\x82\x8b\
\xb5\x53\xd3\x73\x39\x35\x05\xa8\x69\xac\x83\xbd\xe2\x52\x39\x60\
\x9d\xb6\x1e\x93\xf7\x7e\x80\xe5\x19\x5b\x60\xb8\xb0\xde\xc1\x3d\
\x9d\x86\xe1\x9b\x81\xef\xc2\xd3\x33\x08\x33\x5f\xf9\x18\xaf\x3c\
\x55\x82\x1f\xfe\xf8\x02\x5f\xfc\x91\x85\xac\xf3\x37\xd7\x7e\xb8\
\x3d\x71\x04\xc0\x34\x38\xc9\x75\x98\xd3\x39\x0f\xe3\xdd\xcb\x31\
\x39\xd5\x1f\xc9\xb5\xa6\xff\xde\x31\x05\x4c\x00\x5a\xe0\x36\xa7\
\x5a\x2c\xec\x92\x83\x50\xdb\x6b\xcf\xd8\xa6\xf6\x75\x38\xfd\xda\
\x09\x80\x42\x2e\xc3\xdb\x2f\x8c\xc6\xd3\xf7\xf6\x87\xd2\xca\xf8\
\x56\xdf\xff\xdb\x34\xa8\x35\x5a\xcc\xff\x79\x1b\xe6\x2c\xd9\x04\
\x9d\xde\x3c\x87\x9e\x5b\x5b\x7c\x52\x03\xe2\x93\x32\x00\x64\x40\
\x2e\x5f\x87\x89\xc3\x1d\xf0\xc4\x98\xce\xe8\x19\x39\x10\x56\x36\
\x21\x00\x80\x09\xc1\x23\xe1\x6b\xe7\x89\x5e\xff\x68\x54\x34\xd0\
\x3b\x06\x00\xb0\xe8\xd4\x32\x44\xbb\x85\x43\x67\xd0\xe1\xa5\xbd\
\x1f\xc2\x00\x03\xc6\x5c\xd6\x75\xf1\xb9\xdd\xef\x61\x55\xe6\x36\
\xf4\x72\x8f\xc0\x5d\x01\x03\xb0\x25\xef\x00\x56\x9c\xdd\x82\x30\
\xe7\x40\x4c\xeb\xf1\x34\x00\xc0\xc1\xc1\x0d\x2f\x3e\xf5\x0e\x26\
\x3d\xa1\xc3\xca\xf5\xdf\xe0\x7f\x5f\xc6\x23\xfd\x9c\xe9\xce\x13\
\x38\x9d\xad\x82\x5e\x2f\x81\x54\xca\x8b\x02\x53\xd0\xc7\xb9\x16\
\x07\x63\x53\x30\x3f\xc7\x03\xef\x67\x7a\x41\xcd\x92\xc1\x6b\xe2\
\x24\xc0\x6b\x70\x96\x6b\xf1\x56\xa7\x42\x3c\xd7\xa1\x18\x52\xf1\
\x54\x2f\x89\xc6\xd0\xe9\x77\x62\x7f\xf2\xf5\xaf\xc0\xee\x1e\xda\
\x03\xbf\x7e\xfc\x0c\xa4\x52\x09\xd4\x1a\x2d\xee\x7b\xf5\x2b\x6c\
\xde\x77\xba\x1d\x22\x14\x87\x01\x3d\x6c\xf0\xc2\xbd\x81\x18\xdc\
\xb7\x0f\x1c\x55\x3d\x71\xa5\xaf\x8d\x87\xb7\x4d\xc3\xea\xac\xed\
\xb0\x95\xdb\x40\x67\xd0\x41\xad\xd3\xe0\x0e\xbf\xdb\xf0\xc7\xb0\
\xb9\x90\x4a\xa4\xc8\xa8\xca\x45\xd4\x9f\xf7\xa0\xbf\x77\x4f\xac\
\x19\xb1\x10\x72\xa9\x0c\x6a\x9d\x06\xd1\xcb\xef\x83\x95\x4c\x81\
\xa3\xf7\x2e\x6f\x76\x3c\x8d\xbe\x11\x56\x52\x05\xf4\x7a\xd3\x4f\
\x04\x4e\x7d\xb9\x1c\x9d\xbc\xb9\xc6\x87\xa9\x39\x53\xaf\xc4\xa4\
\x14\x7f\xec\x29\xb7\x17\x3a\x94\x76\xc7\x49\x80\xb7\x68\x94\x5b\
\x25\x12\xe2\x52\xf0\x82\x2f\x4f\xfe\xa6\x2a\x35\xcf\xe9\xfa\x1b\
\x01\xc8\xcc\x2b\x81\x54\x2a\x41\x71\x59\x35\x94\x56\x72\xa4\x65\
\x9d\x6f\xe3\xc8\xc4\x65\xf7\xd1\x7a\x3c\x38\x23\x09\x1e\x83\xbe\
\x43\xbf\x07\x5f\xc3\xaa\xb5\x0b\x50\x53\xd9\x7c\x59\xdf\x25\x83\
\x66\x61\x66\xcf\xe7\x10\xe4\xe8\x8b\xee\xae\x21\x78\x2f\x66\x32\
\x7e\x1b\xfa\x71\xd3\x6a\x8a\xbb\x2f\x34\x1f\x7a\xb9\xdb\xc3\x90\
\x4b\x2f\xae\xac\x08\xfc\x31\x7c\x2e\xc6\x75\x1c\xd2\xec\x58\x75\
\xda\x06\x44\xfc\x3e\x0e\xff\xd9\xf5\x2e\x92\x2b\x33\x71\xef\x5d\
\xcf\xe3\xf8\x9a\x6f\xf1\xcb\xac\x10\x04\xfb\x98\xde\x8c\xfb\x53\
\xd9\x9c\x85\x6e\x8a\x82\x6d\xd4\xd8\xd8\x23\x1d\x0b\xc3\x72\xe0\
\x28\xe3\xea\xab\x57\xc2\x04\xe0\x1f\xbc\x94\x5a\xfc\x16\x91\x89\
\xe5\xdd\xcf\xc2\x87\x33\x4b\x4d\x56\x49\x95\x35\x4a\x5b\x38\x01\
\x70\xcc\xe0\x28\xbc\xff\xd5\x3a\x04\x0e\x9b\x86\xa9\x73\xfe\xc4\
\x9d\x03\xbb\xb5\x71\x74\xe2\x95\x90\xd2\x80\x09\x6f\x25\xc1\x6d\
\xe0\xd7\x18\xf1\xe4\x1b\xd8\xb9\xe7\x47\x68\xd5\xb9\xb0\x92\x2a\
\xf0\xdf\xa8\x27\xb1\xff\xee\x5f\xb1\x7d\xf4\x12\xbc\xda\xfd\xd1\
\x66\xeb\x2b\x28\xff\x51\x75\xb0\x36\x7b\x27\xc2\x7f\x1f\x8d\x3f\
\x32\x36\xe1\x89\xb0\x71\xcd\x7e\xf6\x4b\xda\xdf\x28\xa8\x2b\xc6\
\xd2\x33\xeb\xd1\x67\xe5\x43\x18\xb7\xf1\x45\xec\x28\x3c\x82\x7b\
\x47\xbf\x8a\x63\x6b\xbe\xc1\xd7\x6f\x06\xa3\xa3\xa7\xe9\xdc\x8e\
\x3b\x9d\xa3\x12\x3a\x04\xba\x0a\x09\x8c\x15\x5b\x47\x7b\x27\x63\
\xac\x47\x85\xd0\xe1\x98\x1c\xce\x01\xb8\x40\x02\xe0\x09\x9f\x52\
\x7c\xd8\xf9\x1c\xb3\x45\x33\x90\x92\xdb\xb2\xab\x7f\x00\xf8\x72\
\xd9\x4e\x14\x97\x19\x87\x68\x17\xfe\xba\x1d\xee\x2e\xec\x22\xd6\
\x1a\x76\x1e\xa9\xc2\xce\x23\x07\x21\x95\xc6\xe3\xb1\x51\xae\x78\
\xee\xbe\x70\x74\x8f\xb8\x03\x12\xd9\xbf\xaf\x88\x6f\xf7\x89\x81\
\x52\x66\x85\x37\x0e\x7e\x0a\x00\x28\xac\x2f\x45\x59\x43\x25\x3e\
\x3d\xfe\x23\x92\xcb\xcf\xe2\x8f\x61\x73\x01\x00\x3a\x83\x1e\x0b\
\x4e\xfd\x86\x00\x07\x1f\x2c\x1e\xf8\x3f\x7c\x79\xfa\x77\xac\xc9\
\xde\x81\x6d\xe7\xe2\xf1\x66\xf4\x33\x98\xde\xe3\x19\x3c\x76\xff\
\x14\x4c\xbc\xbb\x01\x3f\xfe\x31\x0f\xef\x7e\x93\x8a\x12\x81\x5b\
\x0d\x67\x9d\xb7\xbc\x21\x66\x73\xe3\xad\x6c\xc4\xd2\x88\x4c\x6c\
\x28\x75\xc2\x8b\x29\x7e\xc8\x57\x9b\x4f\xa5\x49\x5b\xe2\x08\x00\
\x8c\x43\x45\x1b\x38\x54\x64\x56\xd2\xf3\x5b\x9e\x00\x5c\x3c\xf9\
\x5f\xed\x31\xdd\x1a\xbd\xde\x80\xef\xd7\x96\x20\xee\xb1\xdd\xf0\
\xbe\x7d\x26\xbe\xfc\xf1\x23\x54\x96\x1d\x6e\xb6\x8d\x8f\xad\x3b\
\x66\xf6\x7c\x16\x67\xab\xf2\x70\xef\xe6\x57\xf1\xfa\x81\x4f\xa0\
\x33\xe8\x11\xe0\xe0\x83\xcf\xfa\xbe\xd1\xb4\xdd\xea\xac\xed\xc8\
\xaa\x3e\x87\x11\x7e\xfd\xd0\xdb\x33\x12\x3f\x0e\xfe\x10\x27\xee\
\x5b\x05\x5f\x3b\x4f\xcc\x3b\xf9\x6b\x53\xf5\x80\x42\x61\x8d\xa7\
\x1f\x7a\x03\x27\xfe\x7a\x0f\x53\x27\x28\xa0\x54\x08\xf7\xb9\xcd\
\x3a\xcf\x84\xd2\x5c\x8c\x74\x35\xde\xda\x7d\x92\x2d\xdb\x01\x58\
\x78\x02\xa0\x90\x18\xfb\x4b\x1f\x8e\x4b\xc1\x00\x55\x8d\xd0\xe1\
\xd0\x0d\xc8\x2f\xe5\xca\x60\xa6\xa8\xa2\x5a\x8f\x57\x3f\xcb\x86\
\xe7\xe0\x25\x18\xfb\xec\x54\x1c\x39\xfa\x3b\x0c\xfa\x5a\x00\xc0\
\xcb\xdd\x1e\xc1\x8e\x31\xdf\x63\x7a\x8f\x67\xf0\x5a\xe4\x63\x00\
\x80\x67\xc3\xef\x47\x07\xbb\x4b\x13\x39\xe7\x9d\xf8\x19\x00\xf0\
\x75\xd2\x1f\xe8\xb3\x6a\x22\x7e\x4d\x5f\x0b\xb5\x4e\x03\xa9\x44\
\x0a\xb5\x4e\x8d\x46\xfd\xa5\x76\xdb\xc7\x4b\x53\x61\xe7\xe8\x81\
\xf7\xdf\x98\x8f\x53\xab\x5e\xc2\xc4\x61\x7a\x48\x04\xf8\x56\xcf\
\xe6\x08\x80\x59\x71\x96\x6b\xb1\x30\x2c\x07\x9b\x7b\xa6\x59\x7c\
\x65\x97\xc5\xde\x02\xe8\xed\x54\x8b\x2f\xc2\x72\xd0\xc5\xce\xb2\
\xdf\x00\xe6\xaa\xb0\x9c\x09\x80\xa9\xdb\x14\x5f\x8b\x4d\xf1\x3b\
\xd1\xc1\x7d\x2f\x66\x4f\x0e\xc1\xd8\x61\x23\xd1\xd3\x3d\x1c\x3d\
\xdd\xc3\x51\x54\x5f\x86\xda\xc6\x7a\x3c\x1a\x32\xba\x69\xfb\xdd\
\x05\x89\x38\x52\x92\x8c\x87\x3a\xdf\x09\x95\xd2\x09\x3f\xa6\xae\
\xc6\x73\xbb\xdf\x6b\xfa\xf9\xe4\x88\x89\x4d\xf3\x0a\x2a\xd4\xd5\
\x18\xbb\xf1\x45\xd8\xc8\x94\x98\xd9\xeb\x79\x4c\x08\x1e\x89\x25\
\x73\xbe\xc6\x33\x87\x57\xe3\xbf\x73\x57\xe1\x70\x4a\xfb\x55\x0c\
\x9c\x2b\xb5\x83\x56\x27\x85\xdc\x4c\xbb\x19\x5a\xaa\xdb\x9c\x6a\
\xb1\x3f\x36\x15\x9f\x66\x7b\x62\x4e\x96\x27\x34\x06\xcb\x1b\x13\
\xb0\xb8\x11\x00\x47\x99\x0e\x9f\x84\xe4\x61\x6b\x74\x1a\x4f\xfe\
\x66\xec\x7c\xb9\x69\x96\x84\xd1\xbf\x9d\x2b\xd6\xe2\xd1\x77\x92\
\xa0\xea\xf7\x29\xde\xf8\xe8\x6d\x14\x9e\xdb\x0e\x0f\x1b\x15\x3e\
\xe9\x33\xb5\xd9\x22\x44\xf3\x4e\xfc\x0c\x99\x44\x8a\x37\xa3\xff\
\x83\xd9\x71\xaf\x20\x75\xc2\x5a\x0c\xf2\x89\x85\x52\x66\x85\x9f\
\x06\xcf\xc6\xec\xb8\x57\x9a\xb6\xfd\xf8\xd8\x77\x28\x6d\xa8\x40\
\xb9\xa6\x1a\xcf\xee\x7a\x17\xa3\xd6\x3d\x8f\x63\xa5\x29\xe8\x13\
\x33\x16\xbb\x97\x2e\xc1\xe2\x19\x41\x70\x73\x6a\x9f\x25\xb9\x75\
\x7a\x09\xca\xaa\xad\xda\xe5\xb5\xa8\x75\xd9\x48\xf5\x98\x11\x58\
\x80\x3d\x31\xa9\x88\x71\xac\x15\x3a\x9c\x76\x67\x51\x09\xc0\x48\
\xd7\x4a\x24\xf4\x4e\x66\x69\x9f\x08\x30\x01\x30\x3f\x7a\xbd\x01\
\xf3\x96\x15\xa3\xe3\x9d\x7f\x62\xc4\x53\x53\x71\xea\xd4\x4a\xc0\
\x70\xa9\xd2\xe6\xce\x80\x01\x98\x1c\x31\x11\xfe\xf6\xde\x00\x00\
\x07\x85\x5d\x53\x77\xc1\xbb\x03\x2f\x95\x0a\x66\x56\xe5\xe1\x9b\
\xe4\xe5\x18\xd3\x71\x10\x4e\xdf\xff\x17\x9e\xef\xfa\x00\x0e\x9c\
\x3f\x86\x01\x7f\x3d\x86\x47\xb7\x4f\x47\x5e\x6d\x11\x1e\xbe\x6f\
\x2a\x4e\xae\x7e\x1f\x93\xc6\x2b\xda\xa5\x49\x4f\x69\x35\x3b\xcf\
\x99\xb3\x6e\xf6\xf5\xd8\xd1\x33\x0d\x0b\xc3\x72\x60\x6f\x41\xf3\
\xc0\x2c\x22\x01\xf0\xb4\xd2\xe2\xbb\xf0\x2c\x2e\x1a\x21\x22\xe7\
\x2b\x98\x00\x98\xb3\x9d\x89\x75\xe8\xf5\xf0\x16\x0c\x7c\xf8\x0d\
\x1c\x3f\xbe\x14\x06\x7d\x1d\x9e\x0c\x1b\x8f\xf7\x63\x5f\x6a\xda\
\xc6\x00\x03\x8e\x97\xa6\xa2\xd3\x3f\x5a\x0f\x4f\x3f\x34\x0f\x6a\
\x9d\x06\x7b\x0a\x12\xf1\x53\xda\x1a\xbc\x1f\xfb\x12\xe2\xc7\x2f\
\xc3\x70\xbf\xbe\x58\x95\xb9\x0d\xa9\x15\x59\x00\x00\x95\xb3\x0f\
\xe6\xbe\x3d\x1f\x7b\xbe\xbf\x1b\x3d\x3b\xb7\x6d\xff\x80\x96\xae\
\x49\x41\xa6\xeb\xe2\x22\x6f\x87\xe3\x52\x30\xd4\xc5\x32\x16\x79\
\x13\x75\x02\x20\x01\x30\xd1\xab\x0c\x89\x71\x49\x98\xe0\x55\x2e\
\x74\x38\xd4\x8a\x6a\x1a\x58\xc6\x23\x06\xf1\xa7\xeb\x11\xf7\xd8\
\x6e\x74\x1f\x33\x0d\xbb\xf7\x2e\x86\x41\x77\xe9\x73\x5a\xa5\xa9\
\x81\xb7\xad\x3b\xee\x0a\x18\xd8\xf4\xdc\xee\x82\x44\xac\xcb\xde\
\x85\xb1\x1d\x07\xc3\xdf\xde\x1b\x6f\x1f\x5e\x88\xdb\x56\x3d\x8c\
\x9c\x9a\x02\x2c\x1f\xfe\x19\xb6\xdc\xf5\x2d\x86\xfa\xf6\x6e\xf6\
\x1a\x3d\x23\xef\xc0\xae\xa5\xdf\x60\xf6\x0b\x5e\xb0\xb7\xd1\xa2\
\x2d\x94\x56\x71\x04\x40\x2c\x02\xac\x35\x58\x13\x95\x81\x5f\x22\
\xb2\xe0\xa6\x68\x9b\xf7\x8b\xa9\x10\x6d\x02\xd0\xc9\x46\x8d\x75\
\x51\x67\xb0\x38\x3c\x1b\x2e\x02\x96\x08\x51\xdb\x50\x37\xca\x84\
\x0e\x81\xae\x21\xa2\x73\x87\x1b\xda\x3e\x3d\xaf\x11\xc3\x27\x27\
\x22\x70\xd8\x4c\x6c\xdb\xb5\x18\x06\x5d\x15\x9c\xac\x1c\xb0\x7e\
\xd4\x97\x98\xde\xe3\x19\x00\x80\xde\xa0\xc7\xf4\xf8\xcf\xe0\xac\
\x74\xc0\x17\xfd\x67\x60\xf7\xd8\x1f\xb1\xa8\xff\x5b\xa8\xd0\x54\
\xe3\xc1\x2d\x53\x71\xae\xb6\x08\xbd\x3d\x23\x9b\x8e\x79\xbe\xbe\
\x14\x4b\xcf\xac\xc7\xd6\xbc\x83\x80\x54\x86\x57\xff\xf3\x0e\x8e\
\xfd\xf9\x1a\x46\xc6\xb5\xfe\xdc\x80\x3a\x35\xdf\x8f\x62\x33\xde\
\xa3\x1c\xc7\x7b\x27\x8b\xba\x64\x50\x74\x09\x80\x5c\x62\xc0\x24\
\xbf\x62\xc4\xc7\xa6\xe0\x76\x17\xd6\x7b\x8b\x55\x83\x86\x5f\xb8\
\xa6\xec\x9d\x49\xa3\xe1\xe7\x75\xe3\x2d\x72\x0b\xcb\x74\xb8\xf3\
\xe5\x44\x84\x8f\x9e\x81\xfd\x07\x7f\x86\xc1\x50\x0f\x85\xd4\x58\
\xac\x74\xb4\x24\x05\x29\xe5\x99\xa8\x50\x57\xe3\xb9\xdd\xef\x21\
\xb3\xfa\x1c\x1e\x09\x19\x83\x63\xf7\x2e\xc7\xd2\x61\x73\x9a\x95\
\x13\x16\xd4\x15\x63\xe0\xea\xc7\xf0\x9f\x5d\xef\xe2\xee\x4d\x2f\
\xa1\xcf\xaa\x89\xd8\x5f\x78\x0c\xbe\xbe\x5d\xb0\xea\xeb\x25\xf8\
\xe5\xfd\xee\x70\x71\x68\xbd\xdb\x81\x1a\x26\xa4\xa2\xa4\x52\x18\
\x4b\x06\x37\xf4\x48\x47\xb0\x4d\xfb\x4c\x2a\x6d\x4f\xa2\x4a\x00\
\xa2\x1c\xea\xb0\xb3\x67\x1a\xe6\x74\xce\x83\x1d\x4b\x72\x44\xab\
\x51\x27\x85\x4e\x2f\xd6\x9c\xdc\xbc\xdd\x3d\xb4\x07\xf6\xfe\x3a\
\x0d\x77\xdc\xd6\x15\x1b\xbf\x7d\x05\x8b\xde\x7e\x08\x0e\x76\x37\
\x3e\x3c\x9e\x99\xaf\xc5\xe0\xe7\xf6\x23\xe6\xde\x19\x38\x72\xf4\
\x77\xc0\xa0\x46\x4f\xf7\x70\x1c\xbb\x6f\x05\x26\x04\x8f\xc2\xba\
\xec\xdd\x88\x59\xf1\x00\x5e\xda\x37\x1b\xf5\x3a\xf5\xbf\x96\x2e\
\x5e\x9b\xbd\x0b\xe7\x6a\x8b\x70\x9b\x57\x0f\xfc\x32\xe4\x23\x18\
\x60\xc0\xe8\x0d\x93\xb0\x2e\xdb\xb8\xa8\xd9\xbd\x77\x3d\x8f\x23\
\xcb\xa7\xe1\xce\xde\x9a\x56\xf9\x7b\x73\x44\x4a\xdc\x06\xa8\x6a\
\x10\x1f\x97\x82\x29\x01\xe7\x21\x13\xd1\x72\xf0\xa2\x49\x00\x06\
\xa8\x6a\xb0\xa7\x57\x1a\xa2\x1d\xeb\x84\x0e\x85\xda\x18\xaf\xfe\
\x4d\xd7\xaa\xad\x47\xb1\x7a\xdb\x51\x58\x29\xe4\x90\x49\x25\x78\
\xf5\xa3\xdf\x51\x5d\x7b\xf3\xe5\xb6\xa7\x32\xea\xd1\xf7\x89\x9d\
\x18\xf4\xc8\x34\xa4\x24\x2f\x87\x9f\xbd\x3b\xbe\x19\xf8\x2e\x36\
\xdc\xf9\x15\x22\x5c\x82\xf1\x7d\xca\x2a\xf4\x5c\x7e\x3f\x56\x9c\
\xdd\xd2\x6c\xbf\x58\x8f\x6e\x90\x4a\xa4\xc8\xad\x29\x44\x9c\x47\
\x77\x6c\xbe\xeb\x5b\xc8\xa5\x32\xbc\x11\xff\x59\xd3\x36\x5e\x9e\
\xc1\x58\xf1\xd5\x77\x58\xfc\x56\x57\x38\xdc\xe2\xdc\x00\x8d\x56\
\x34\x5f\xa5\x74\x15\x36\x52\x3d\x66\x05\xe5\x63\x7e\x68\xae\xd0\
\xa1\xb4\x1a\xd1\xbc\x6b\x6d\xa4\x7a\x48\x45\x94\x99\xd1\xd5\x19\
\x44\x7b\x47\x4e\x1c\x7c\xbd\x54\x78\x7c\xfa\x12\x9c\x3e\x93\x0f\
\x95\xa3\x5d\xab\x1c\xf3\xc0\xa9\x06\x44\x4d\xd8\x86\x47\xa7\xbc\
\x85\xca\xf2\x04\xdc\xe6\xd5\x03\xbb\xc6\xfe\x88\x9f\x06\xcf\x86\
\xbd\xc2\xb6\xa9\x9f\x40\xa5\xa6\x1a\x8f\x6c\x9f\x0e\x95\xd2\x11\
\x53\x22\x1f\x43\x4e\x4d\x01\xc6\x6c\x9c\x8c\x46\xbd\x16\x61\xce\
\x81\xa8\x69\xfc\xf7\x05\xc2\xc3\xf7\x4e\x46\xc2\xef\x2f\xe1\xf6\
\x28\xf6\x05\xa1\xeb\xb3\x6d\x87\xb2\xd2\xf6\x22\x9a\x4e\x80\x9b\
\x4a\x1d\x31\xee\x78\x10\xe6\x87\xe6\x22\xc0\xba\x75\x86\xf5\xc8\
\x34\x59\x59\x50\x9d\xae\x39\x7a\x7b\xfe\x6a\x54\xd6\xd4\xe3\xf7\
\x8d\x09\x70\xb0\x6d\xdd\xf2\xb8\x3f\xb6\x55\xe0\xcf\xed\x4b\x30\
\x7b\xd2\x2e\xbc\xf8\xd8\x43\xb8\x3b\x70\x08\x46\xf9\xf7\x87\x52\
\x66\x6c\xc4\x93\x59\x7d\x0e\x7f\x65\x6e\x43\xa5\xba\x1a\xab\x47\
\x2e\x40\xb9\xba\x0a\x8b\x93\x57\xe0\x81\x2d\x53\xb1\xe1\xce\xaf\
\x71\xb2\x34\xed\x8a\xc7\x0d\xf0\xef\x86\x0d\xdf\x7f\x87\xf9\xdf\
\xbd\x87\x99\x5f\x15\xdc\xf0\x15\xbd\xad\xb5\xb8\x67\x8b\x13\xa0\
\xd5\x4b\xf0\x4d\xbe\x1b\xde\xc9\xf0\x11\x3a\x94\x56\x23\x9a\x11\
\x00\x00\xd8\x52\xea\x88\x9e\xf1\x5d\x30\x37\xdb\x13\x3a\x0b\x6c\
\xeb\x68\x29\xac\xe4\x9c\xdf\x61\xca\x2a\x6b\x8c\x35\xf7\x06\x83\
\x01\x55\xb7\x30\xfc\x7f\x35\x06\x83\x01\xd3\x16\x9e\x81\xff\xd0\
\x59\xd8\xbd\x77\x31\x94\xd2\x4b\xef\x87\xae\xaa\x60\xf8\xd9\x7b\
\xe1\x68\x69\x32\x32\x2a\x73\x31\xb7\xcf\xeb\x18\xe4\x13\x8b\xc4\
\xe2\xd3\x58\x93\xb5\x03\x71\x9e\xdd\x9b\xb6\xad\xd2\xd4\x60\xf6\
\xd1\x6f\x31\xed\xe0\x67\x38\x54\x74\x12\x12\x89\x14\x2f\x3f\xfd\
\x2e\x76\x2d\xb9\x07\x41\xde\x37\xd6\x37\xc0\xc6\x8a\x09\x80\x98\
\x1d\xaf\xb1\xc5\xa0\xc4\x10\x4c\x4d\xf3\x45\xad\x4e\x3c\xa7\x4d\
\xf1\xfc\x4d\x2e\xa8\xd3\x49\x31\x33\xc3\x07\xfd\x13\x42\x70\xa4\
\x8a\xfd\xe2\xc5\x48\x2a\x35\x40\x2e\x35\xff\x24\x20\x2a\xcc\x4f\
\xe8\x10\xcc\x5a\x69\xa5\x1e\xc3\x27\x27\x62\xc4\xd3\x33\x90\x97\
\xb3\x11\x00\xa0\x90\xca\xf1\xf3\xe0\x8f\x20\x97\xc8\xd1\x6f\xf5\
\xa3\x78\x79\xdf\x47\x38\x5f\x5f\x0a\x00\x28\x69\x68\xde\x0b\x64\
\xfc\xe6\x57\xf0\xe1\x91\x6f\xf1\xc5\xe9\xa5\x18\xfa\xf7\xd3\x78\
\x61\xcf\xfb\x50\xeb\x34\xe8\xd1\x7d\x38\x0e\xfe\xf1\x09\x1e\x1c\
\xd2\xf2\x91\x26\x5b\x25\x47\xa5\xc4\xa8\x5e\x6f\x3c\x9f\xf4\x3b\
\x1c\x82\xc4\x6a\xf1\x9d\x4f\x44\x97\x00\x5c\x74\xac\xda\x16\xb7\
\x27\x86\xe0\xf5\x74\x71\x65\x6c\x64\x64\x67\xe6\x43\xae\x1e\xae\
\x8e\xf8\xf0\xd5\xf1\x42\x87\x21\x0a\x3b\x13\xeb\x10\x3c\x66\x35\
\xde\x9b\xf7\x1e\xb4\xea\x5c\xf4\x74\x0f\xc7\xce\x31\xdf\x63\xb8\
\x6f\x1f\xfc\x9a\xbe\x16\x49\xe5\x19\xe8\xe3\x19\x85\xc7\x43\xc7\
\x35\xed\xa3\xd6\x69\x90\x58\x7c\x1a\x72\xa9\x0c\xc7\xee\x5b\x81\
\x77\x7a\x3d\x8f\x5f\xd3\xd7\xe2\x91\xed\xd3\x61\x80\x01\x0e\x0e\
\x6e\xf8\x61\xee\x37\x58\x3c\xa3\x13\xec\xac\xaf\x7f\x72\xe7\x08\
\x80\xf8\xec\x2e\xb7\x47\x5c\x7c\x98\xa8\x47\x94\x45\x33\x07\xe0\
\x4a\xb4\x06\x09\xbe\xc8\x75\xc7\x86\x12\x47\x2c\x08\xcb\xc5\x20\
\x15\xfb\x02\x88\x85\x8b\xa3\x1a\x95\x75\xe6\xb7\x00\x4b\x74\xb8\
\x3f\xc6\x0f\xeb\x89\x60\x7f\x77\x0c\x8c\x09\xc1\x87\xaf\x8e\x47\
\x6d\x9d\x1a\x0b\x7f\xdd\xde\x34\x74\x4e\x37\xe7\xc3\xef\x0b\xf0\
\xd5\x8a\x8f\xb0\x6a\x6e\x1c\xe2\x62\x1e\xc2\x4f\x83\x8d\x25\x82\
\xc5\xf5\x65\x4d\xeb\x0b\x00\x40\x61\x5d\x09\xbc\x6c\xdd\x30\xcc\
\xb7\x2f\x36\xe4\xec\xc1\xaa\xcc\xad\x98\x1a\xf9\x04\x4e\x95\x9d\
\xc1\xf2\xb3\x9b\x71\xa4\x38\x09\x3d\xdd\xbb\x02\x00\x1e\xbe\xef\
\x75\x44\x77\x3f\x80\x47\xde\xf8\x1a\xa7\xb3\xae\xde\x7e\xda\x46\
\xc9\x04\x40\x2c\xca\x1b\xe5\x98\x99\xe1\x83\xef\xf3\x5d\x21\x9e\
\xe9\x7e\x57\x66\x11\x97\xc6\x67\xeb\x95\xb8\xeb\x68\x30\x9e\x4e\
\x0a\x40\x19\xeb\x75\x45\xc1\xd5\xde\x3c\x67\x6c\x1f\x49\xca\x41\
\x52\x46\x3e\x46\xf4\x8b\x80\x4c\x2a\xc5\xc8\xfe\x11\x58\xb1\x39\
\x91\x27\xff\x56\x52\x56\xa5\xc7\xc0\x67\x0e\x60\xd2\xdb\xef\x40\
\x5d\x77\x06\x36\x32\x65\xb3\x93\x3f\x00\x0c\x5d\xfb\x34\x5e\xde\
\xf7\x11\x3e\xe9\x33\x15\xde\xb6\xee\x78\x2f\xe1\x2b\xfc\x91\xb1\
\x09\x11\x2e\xc1\x90\x5c\xa1\xc2\x24\x3c\xb4\x0f\xf6\x2e\x9b\x8f\
\x89\x43\xaf\x3e\x12\xd0\x5e\x2b\x0f\x52\xdb\x5a\x59\xa4\x42\xe4\
\xc1\x2e\x58\x62\x01\x27\x7f\xc0\x42\x12\x00\x00\x30\x00\xf8\xad\
\xd0\x05\xd1\xf1\xe1\x58\x5a\xa8\x12\x3a\x1c\xba\x45\x2a\x47\xf3\
\xad\xf4\xd8\xb8\xe7\x14\x64\x32\x29\xf2\x0a\xcb\x91\x93\x5f\x86\
\x94\xcc\x42\x41\xe2\x50\xc8\x65\xe8\xdf\xb3\xb3\x20\xaf\xdd\xd6\
\xbe\x5b\x53\x0a\xef\x41\x9f\x62\xd3\xb6\x2f\x01\x43\xf3\xf7\x8a\
\x46\xd7\x88\x3f\x32\x36\xc2\xcf\xde\x0b\xbf\x0f\x9b\x0b\x1b\xb9\
\x12\x93\xf6\xcc\xc2\x5d\x01\xb7\x63\xdb\xe8\xef\x9a\xae\xfe\x2f\
\x67\x63\xed\x88\x25\x9f\x7c\x83\x85\xaf\x77\x84\xe2\x0a\x4d\xc6\
\x3a\xb8\x5a\xde\x52\xb2\x62\x92\xdd\x60\x85\x31\xc7\x82\xf0\xf0\
\xa9\x8e\x28\x69\x14\xf5\xc0\x78\x33\x16\x93\x00\x5c\x54\xa4\x91\
\xe3\xa9\xa4\x8e\x18\x7f\x22\x08\xb9\x0d\xe6\x37\x84\x4c\x46\xee\
\x4e\xe6\x39\x02\x00\x00\xb7\xf5\x08\xc6\x84\xa9\xdf\xa0\xcb\x5d\
\x33\xb1\xff\xd8\x19\x38\xd9\x0b\xb3\xb2\xe1\xa0\xb8\x30\x3c\x3e\
\xae\xef\xf5\x37\x34\x53\x75\x6a\x03\xc6\x4e\x39\x81\x87\x5e\x9b\
\x89\xba\xea\x93\x4d\xcf\x3f\xdd\xe5\x1e\xd4\x34\xd6\xe1\x7f\x09\
\x5f\x22\xd2\x35\x04\xff\x8d\x7a\x12\x0d\x3a\x0d\xbe\x4d\x5e\x8e\
\x18\x8f\x88\x66\xc7\xa8\xd2\xd4\x60\x7f\xe1\x31\xa4\x57\x66\x1b\
\xf7\x7d\xe8\x0d\xac\x5f\x30\x18\xee\x97\x5d\xf1\x3b\xd9\x6a\xe0\
\x60\xc3\x55\x46\xcd\x91\xde\x00\x2c\xc9\x77\x45\x4c\x7c\x18\xb6\
\x96\x39\x0a\x1d\x4e\xbb\xb3\x9c\x54\xe7\x1f\x36\x96\x38\x22\xa6\
\x3c\x0c\x6f\x07\x15\xe0\xb9\x0e\xc5\x90\x8a\x73\x8e\x87\x68\x05\
\xb8\x9b\xef\x7c\x8e\xb5\xbb\x4e\xc0\x60\x30\x0e\x30\xfe\xdf\xe2\
\x8d\x90\x48\xda\xf7\xcd\x37\x7e\x58\x34\x86\xf4\xee\x82\xe8\x70\
\x7f\x74\xf2\x73\xc7\x17\x33\x1f\xc2\xf9\xd2\x2a\x7c\xb2\x64\x13\
\xea\x1a\xcc\x77\x64\xe5\x6a\x56\xec\xa8\xc2\xba\xc1\x8b\xb0\xe6\
\xb3\x9e\x18\xd0\xef\x09\x4c\x8d\x7c\x1c\xe7\x6a\x8b\x30\xf7\xf8\
\x0f\xf8\x3b\x7b\x27\xd4\x3a\xe3\xdf\x59\x7a\xd9\xef\xc1\x00\x03\
\x3e\x39\xf6\x03\x3e\x39\xfe\x3d\xea\xb4\xc6\x64\x73\x48\x87\x38\
\xfc\x38\xf8\x43\xf4\xef\xfb\x00\x0e\xfc\xda\x0d\x0f\xbc\xfa\x31\
\x12\xd3\x6d\xe0\xe3\xca\xee\xa3\xe6\xe8\x64\x8d\x0d\x26\xa7\xf8\
\xe1\x70\x55\xeb\x34\xab\x32\x47\x16\x37\x02\x70\xb9\x2a\x9d\x0c\
\x53\xd3\x7c\x31\xf4\x48\x08\x92\x6b\xb9\x9c\xa7\x39\xf1\x77\xaf\
\x69\xf7\xd7\x94\x48\x24\x78\x70\x64\xcc\x2d\x1f\xe7\xe2\xc9\xff\
\x6a\x8f\xdb\xda\x5f\xdb\x8e\x22\x3b\xbf\x14\x3d\xba\xf8\xc3\xc9\
\xde\x06\xa1\x1d\x3d\xf1\xd5\xef\xbb\x44\x79\xf2\xbf\xa8\xa1\x11\
\x18\x3e\x39\x11\xcf\xcd\x98\x09\x9d\x3a\x07\xf3\x6e\x9b\x86\x9f\
\x07\xcf\x86\xb5\xcc\x0a\x85\x75\x25\x18\xe9\xdf\x1f\x33\xa2\xff\
\xd3\xb4\xfd\xe7\x27\x7e\xc6\x7b\x89\x5f\xc2\xd9\xca\x01\xaf\x74\
\x7f\x04\x83\x3b\xc4\x61\xdb\xb9\x78\xbc\xb6\xff\x63\x00\x80\xaf\
\x6f\x38\xb6\xfd\xbc\x00\x0f\x0d\xd7\xc3\x87\xc3\xff\x66\xa5\x5e\
\x2f\xc5\x07\x99\xde\xe8\x7f\x38\xd4\xa2\x4f\xfe\x80\x05\x8f\x00\
\x5c\xee\x60\xa5\x1d\x7a\x1f\x0a\xc3\x4b\xfe\x45\x78\x2b\xb0\xb0\
\x59\x63\x11\x32\x4d\x01\x1e\xed\x9b\x00\xb8\xbb\x38\x60\xfe\x9b\
\x13\x70\x7b\x6c\x28\x5c\x55\xf6\x58\xb4\x74\x67\xbb\x9f\xb8\x5b\
\x8b\x5e\x6f\xc0\xfe\x63\x19\x68\xd4\xea\x50\x54\x5a\x85\x8c\xdc\
\x62\x14\x95\x56\x09\x1d\x56\xbb\xf8\x61\x5d\x39\xb6\x1e\xfa\x14\
\x9b\xbe\x1a\x85\x71\x41\x23\x30\x2e\x70\xc8\xbf\xb6\x51\xeb\x34\
\x98\x73\xec\x7b\x74\xb0\xf3\xc0\x9e\xb1\x3f\xc3\xdd\x46\x05\x03\
\x0c\xb8\x6b\xfd\x0b\x58\x95\xb9\x0d\x5f\x0d\x78\x07\x0a\xa9\x1c\
\xd6\xd6\x0e\x58\xfc\x7f\x5f\x22\x61\xff\x73\x02\xfc\x4d\xe8\x66\
\xec\xab\xb4\xc3\xe4\x64\x7f\xa4\xd6\xf1\x82\x0f\xb0\xf0\x11\x80\
\xcb\x35\x1a\x24\x98\x9b\xed\x89\x98\xf8\x30\xec\x2e\xb7\x17\x3a\
\x1c\xba\x8e\x8e\x5e\xed\x7b\x0b\xa0\xb8\xac\x1a\xc7\x52\x72\x70\
\xe8\x44\x26\xd6\xef\x3e\x69\xb6\x27\xff\x8b\xa2\xbb\xf8\x63\xe8\
\x93\x9f\x22\x6a\xfc\x7b\xa8\xaa\x6d\x80\x5c\x66\x39\x5f\x05\x79\
\xc5\x8d\xe8\x7a\xcf\x6a\x7c\xf1\xfd\xfb\x30\xe8\x2a\xff\xf5\xf3\
\xc4\xe2\x24\x54\x37\xd6\xe2\x3f\x5d\xee\x83\xbb\x8d\x71\xc2\xb0\
\x04\x12\x74\x51\x05\xa1\x51\xaf\x45\x75\xe3\xa5\x2b\x7e\x89\x44\
\x8a\x5e\x61\xac\x2c\x32\x75\x15\x5a\x39\x26\xa7\xf8\x63\x78\x62\
\x08\x4f\xfe\x97\xb1\x9c\x4f\x7d\x0b\x9d\xa9\x57\x62\xe4\xd1\xce\
\x98\x9c\xe2\x8f\x2a\x1d\x3f\xd8\xa6\x2a\xc0\xa3\x06\xf6\xd6\xed\
\x3b\xf1\x6a\xe1\xaf\x3b\x30\x76\xf2\x42\x14\x95\x9a\xef\xfc\x83\
\x8b\x16\xfc\xba\x1d\xf1\x27\xce\xa2\xba\xb6\x01\xaf\xcf\xf9\x13\
\x3a\xbd\x79\x27\x34\x37\x63\xca\xbc\x73\x18\xf6\xe4\x7b\xa8\xae\
\x38\xd2\xec\x79\x85\xd4\x38\x30\x6a\x2d\xbf\xb4\x8e\x41\x9d\xb6\
\x01\xeb\x73\x76\xc3\xdb\xd6\x1d\x2a\x65\xf3\xc9\x62\x06\x4d\x52\
\xdb\x07\x4b\x37\x6d\x43\xa9\x13\x7a\xc5\x87\x59\x4c\x69\xdf\x8d\
\x60\x02\x70\x05\x06\x18\x67\x86\x46\x1d\x0c\xc7\x5f\x45\xce\x42\
\x87\x43\x57\x20\x91\x00\x5d\x03\x2a\xda\xf5\x35\x6b\xeb\xd5\xcd\
\xfe\x6f\xea\xa4\xd7\x98\xd9\x2a\xf4\x3c\x04\x53\xb1\xf7\x78\x1d\
\xfc\x86\x7f\x87\x23\x47\xff\x68\x7a\xae\xab\x4b\x30\xdc\x6d\x54\
\xf8\xf4\xf8\x8f\xd8\x9c\xb7\x1f\x87\x8a\x4e\xe2\xbe\xcd\xaf\x22\
\xb7\xa6\x10\x8f\x84\x8c\xfe\x47\xaf\x00\x03\xd0\x98\xdc\xfe\x81\
\xd3\x75\x15\xaa\xe5\x98\x70\x2a\x10\xf7\x1c\xef\x84\x7c\xb5\x42\
\xe8\x70\x4c\x12\x13\x80\x6b\x28\x54\xcb\x31\xf1\x54\x20\xee\x3d\
\xd1\x09\xe7\xf8\x06\x32\x39\x11\x1d\xcb\x84\x0e\xc1\xa4\xdd\x3d\
\xa4\x07\xbc\xdc\x9c\x6e\xf9\x38\xd7\x4a\x24\xc4\xa0\x41\xa3\x47\
\xdf\x27\x76\xe0\xf3\xc5\x1f\xc3\xa0\xaf\x83\xad\xdc\x1a\x1f\xc6\
\xbe\x82\x92\x86\x72\xdc\xb3\xe9\x15\x0c\xf9\xfb\x29\xec\x2e\x48\
\xc4\x28\xff\x01\xf8\x6f\xd4\x93\xcd\x77\x6e\x4c\x07\xf4\x96\x31\
\x7f\xc2\x5c\x5c\x7e\x01\xb7\x9a\x17\x70\xd7\xc4\x49\x80\x2d\xb0\
\xbe\xc4\x09\xfb\x2b\xec\xf0\x56\xa7\x42\x96\x0c\x9a\x90\x6e\xad\
\x98\x00\x8c\x19\x14\x89\xb5\xbb\x4e\x40\x2f\x82\xa1\xf0\x40\x5f\
\x37\xa8\x1c\x6d\xf1\xd0\xe8\xde\xe8\x12\xe4\x8d\xf5\xbb\x4f\x22\
\x3b\xbf\x0c\xa5\x15\x37\x37\x71\xf2\x99\x7b\x07\xe0\x9b\x3f\x77\
\x8b\x7e\x94\x60\xda\xc2\x4c\xec\x4a\x9c\x89\xdf\x3f\x7d\x0e\x0f\
\x06\x8f\x44\x98\x2a\x10\xcb\x33\x36\xa3\x51\xaf\xc5\xed\x3e\x31\
\xb8\xc3\xef\x36\x48\x25\xcd\xaf\x99\x0c\xea\xc3\x02\x45\x4b\x57\
\x72\xa6\x5e\x89\x49\x29\xfe\xd8\xc3\x79\x5c\x2d\xc2\x04\xa0\x85\
\x2a\xb4\x72\x4c\x4d\xf3\xc5\xaa\xf3\x2a\x2c\xec\x92\x83\x50\x5b\
\xf3\x6d\x44\x23\x16\x31\x21\xc5\xad\x76\xac\xd7\x1e\x1f\x8e\xf2\
\xaa\x3a\xec\x49\x4c\x6f\xb5\x63\x0a\xa5\xa6\x4e\x8d\xcf\xa6\x3d\
\x80\x11\xfd\x22\x30\xb2\x7f\x04\x54\x8e\x76\x98\xfe\xd9\xca\x9b\
\x3e\xde\x0b\x13\x6e\xc7\xd1\x0b\x13\x20\xc5\x6e\xc3\x81\x3a\x84\
\x8d\x9e\x8f\x3d\xdf\x8f\x41\x94\xdf\x30\x44\xb9\x86\x5d\x7b\x07\
\xf5\xa1\xf6\x09\x8c\xae\xa9\xd1\x20\xc1\xfc\x1c\x0f\xbc\x9f\xe9\
\x05\xb5\x9e\x03\xdb\x2d\xc5\x04\xe0\x06\xed\xab\xb4\x43\x9f\x43\
\xa1\x98\x12\x50\x84\xd7\x3b\x16\xc2\x4a\x22\xee\xab\x22\x53\xd6\
\x3d\xb0\x0c\x0e\x36\x8d\xa8\xae\xbf\xb9\xdb\x33\xbd\x23\x3b\xa1\
\x83\x87\x33\x94\x4a\x05\x62\xbb\x05\x62\xf2\x43\x83\xe1\xe1\xe2\
\x00\x00\xd8\xb2\x3f\xa9\x4d\xd6\xb2\x6f\x0f\xc5\x65\xd5\x58\xbc\
\x7c\x0f\x7a\x75\xed\x08\x5b\x1b\x2b\x7c\xf0\xf5\x3a\x68\x1a\x6f\
\x6c\xb1\x1a\x77\x17\x07\x7c\x31\xf3\x21\x74\x0f\xe9\x80\x8e\x1d\
\xdc\xb0\x6a\xfe\x0b\x28\x2c\xa9\xc2\x1b\x73\x97\x63\xeb\x01\x71\
\xdf\xf3\xce\x2f\xd1\xa2\xf3\xd8\x55\x58\xf1\x71\x0e\x46\x0e\x7d\
\x02\xd7\xba\x53\x6a\x50\xef\x6d\xbf\xc0\xe8\x8a\x0e\x54\xd8\x61\
\x72\xaa\x3f\x7b\xb9\xdc\x04\xa6\x4a\x37\xa1\x41\x2f\xc5\x07\x99\
\x5e\xe8\x77\x28\x14\x87\xab\xc4\xb7\x46\xb4\xb9\x90\x49\x0d\xe8\
\xd5\xf9\xe6\x47\x01\xd2\xb3\x8b\x30\xf1\xae\x38\x2c\x79\xff\x71\
\x48\xa5\x12\x8c\x1d\x1c\x85\x45\xef\x3c\x0c\xa9\x54\x6a\xb6\x27\
\xff\x8b\x1c\xec\xac\x11\x7d\xef\x2c\x0c\x7b\xf2\x53\x84\x07\xfb\
\xdc\xf0\xfe\xc5\x65\xd5\x78\x74\xda\x77\x38\x9b\x57\xd2\x74\xbc\
\x87\xff\xbb\x58\xf4\x27\xff\x8b\xf4\x7a\x03\xee\x9e\x9a\x80\x77\
\x3f\x7b\x0f\x06\xfd\x55\xaa\x3e\x74\xf9\x00\x2b\x00\x04\x53\xa9\
\x95\xe1\xf5\x74\x5f\x0c\x3b\xca\x46\x6e\x37\x8b\x09\xc0\x2d\x38\
\x55\x6b\x83\x41\x89\xa1\x98\x9c\xe2\x8f\x6a\x96\x0c\x0a\xa2\x6f\
\xf8\xf9\x9b\xde\xb7\xb4\xa2\x06\xf7\xbe\xf2\x15\x8e\xa7\xe6\x35\
\x3d\xf7\xf8\xf4\x25\xf8\x73\x53\x42\x6b\x84\x26\xa8\xa5\xeb\x0e\
\xa1\xa8\xb4\x0a\x89\x49\xd9\xd8\x7b\x93\xb7\x35\x1a\xd4\x8d\x70\
\x57\x39\x60\xd9\x86\xc3\xa8\xa9\x55\xc3\xc6\xda\xf2\x26\xc2\x7e\
\xf4\xe3\x79\x4c\x7c\x75\x16\x74\x9a\x73\xff\xfa\x99\xa1\x7e\x2b\
\xc0\xc2\x32\x41\x6c\x28\x75\x42\x4c\x7c\x17\x7c\x91\xeb\x0e\x11\
\x4c\xdb\x11\x0c\x13\x80\x5b\x74\x71\x31\x89\xd8\xf8\x30\x6c\x29\
\xb5\xbc\xc5\x24\x84\x36\x24\x2a\xff\x96\xf6\x57\x39\xda\x22\x2c\
\xd0\x0b\x0b\x7e\xdd\x8e\xd4\xcc\x42\xf4\x13\xe9\xea\x78\x37\xc3\
\x4d\x65\x8f\xff\x2d\x5a\x83\xc7\xa7\x2f\x41\xaf\xfb\xdf\x87\x9b\
\xca\x41\xe8\x90\x04\xb1\x6a\x57\x35\xfa\x4e\x9c\x83\xda\xea\x13\
\xcd\x7f\x50\xbf\x45\x98\x80\x2c\xd8\x79\x8d\x1c\x4f\x27\x05\xe0\
\x9e\xe3\x9d\x90\xc7\xca\xac\x5b\xc6\x04\xa0\x95\x64\x37\x58\x61\
\xec\x71\xcb\x5b\x4e\x52\x68\x31\x21\xc5\x70\x71\xb8\xf9\xba\xfc\
\xa8\x30\x3f\x8c\x7e\x61\x01\x5e\x9f\xf3\x27\xfa\x4e\xfc\x08\x95\
\xd5\xf5\xad\x18\x9d\x69\x91\x49\xa5\x37\x54\xd2\x57\x52\x5e\x83\
\xb5\x3b\x8d\x27\xbd\xfc\xa2\x0a\x6c\xde\x77\xba\xad\x42\x33\x79\
\xc7\xcf\xa8\xd1\x65\xcc\x37\x28\xcc\xdf\x7e\xe1\x19\x3d\x0c\x0d\
\x3b\x04\x8d\xc9\x92\x18\x00\x2c\x2d\x54\xa1\x67\x7c\x38\x7e\x2b\
\x74\x11\x3a\x1c\xd1\x60\x02\xd0\xca\x56\x16\xa9\x10\x79\xb0\x0b\
\xbb\x4e\xb5\x13\x99\xd4\x80\xc1\x91\x37\x3f\x0a\xb0\x3d\x3e\x05\
\xbb\x13\xd2\x00\x18\x1b\xfc\x7c\xfc\xdd\xc6\xd6\x0a\xcd\xe4\xf4\
\xeb\x19\x8c\xd8\x6e\x81\x42\x87\x61\xb6\x8a\xca\x75\x08\x1e\xbd\
\x02\x87\x12\xfe\x00\xd4\x89\x80\xae\x44\xe8\x90\x2c\xc2\xd9\x7a\
\x25\xee\x3c\x16\x8c\xa7\x92\x3a\xa2\xac\x91\xb7\x5a\x5b\x13\x13\
\x80\x36\x50\xde\x68\xec\x3b\x3d\xe2\x48\x67\xa4\xd7\x29\xaf\xbf\
\x03\xdd\x92\x11\x3d\x73\xaf\xf9\x73\x85\x5c\x86\xfb\x47\xf4\x6a\
\xa7\x68\x4c\x53\xdf\x1e\xc1\xf8\xf9\xa3\xa7\xb0\x6c\xee\x7f\x10\
\xc3\x24\xe0\xa6\x69\x75\x7a\x0c\x78\x7a\x07\xbe\xfd\xe5\xff\x84\
\x0e\x45\xf4\xb4\x7a\xe3\xfa\x2c\xbd\xe2\xc3\xb0\xb3\xcc\x32\x6f\
\x3f\xb5\x35\x26\x00\x6d\x68\x4f\x85\x3d\x7a\x1f\x0a\xc3\xdc\x6c\
\x4f\xe8\x0c\xec\x1e\xd4\x56\x46\xc5\xe6\x41\xa9\xd0\x5d\xf5\xe7\
\x83\xe2\xc2\xf0\xd4\x3d\xfd\xdb\x31\x22\xd3\x73\xf0\x78\x06\x96\
\xae\x3f\x84\x65\xeb\x0f\x23\xe1\x54\x96\xd0\xe1\xb4\xb9\xd6\x58\
\xb6\xf9\x5a\xe4\xfa\xd4\x36\x3d\xbe\xa5\x3b\x56\x6d\x8b\x81\x89\
\x21\x98\x99\xe1\x83\x06\xd6\xf5\xb7\x19\xde\xac\x6e\x63\xf5\x7a\
\x29\x66\x66\xf8\x60\xf9\x79\x67\x2c\xec\x92\x8b\x9e\x0e\x75\x42\
\x87\x24\x3a\xce\x76\x6a\x0c\x89\xca\xc7\xfa\xc3\x7e\xcd\x9e\x1f\
\xd9\x3f\x02\x6f\x3e\x7b\x27\x3a\x78\x38\xc3\xd3\xcd\x11\xfb\x7f\
\x9b\x8e\x93\x69\x79\x78\x7d\xce\x9f\x6d\x5a\xe6\x17\xe0\xe3\x8a\
\xec\xfc\xd2\x36\x3b\xfe\xcd\x30\x18\x80\x37\xe6\xae\x00\x00\x48\
\x24\xe2\x4f\x46\x5f\x7f\x6a\x04\x4e\xa4\xe5\x21\x29\xa3\xa0\xd5\
\x8f\x6d\x6d\xa5\xc3\xd8\xbe\x39\xad\x7e\x5c\x02\xea\x74\x52\xcc\
\xce\xf2\xc2\xe7\x39\x1e\xbc\x68\x6a\x07\x4c\xad\xda\xc9\xf1\x1a\
\x5b\x0c\x4a\x08\xc1\xeb\xe9\xbe\xa8\xd5\xf1\x9f\xbd\xb5\xdd\x73\
\xdb\xbf\xbb\xd4\x6d\xd8\x73\x0a\x33\x3e\x5f\x05\x6f\x77\x27\xc8\
\xa4\x52\xe4\x17\x55\xe0\xe5\xd9\xcb\xda\xbc\xc6\x7f\xee\x7f\xef\
\x87\x8d\xd2\xb4\x66\x28\x5f\xde\xc6\x57\xac\x2d\x7d\x6f\x8f\x0d\
\xc5\x3d\xc3\xa2\xf1\xe4\xf8\x7e\xe8\x1a\xec\x83\xd7\x1e\x1f\x8e\
\x7b\x86\x45\x63\xfc\xb0\x68\xd8\xd9\x5c\xff\x56\xdc\xfd\x23\x7a\
\xb5\x68\x59\xe4\x51\xbd\x72\xe0\x6c\x67\x1e\x0b\x42\x99\x93\xcd\
\xa5\x8e\x88\x8e\xef\xc2\x11\xd3\x76\xc4\x11\x80\x76\xa4\x35\x48\
\xf0\x45\xae\x3b\xd6\x97\x38\x61\x41\x68\x0e\x06\xbb\x98\xff\xb2\
\xb2\xa6\xe2\xce\xb8\x5c\xd8\x59\x6b\x51\xdb\xd0\xfc\x2d\xad\x37\
\x18\x50\x56\x59\x8b\x23\x49\x39\xb0\x52\xc8\xd0\xa0\x6e\x9b\x25\
\x84\x15\x72\x19\x5e\x98\x30\x08\x1e\xae\x0e\x18\xd1\x3f\x02\x8b\
\xde\x7e\x18\x59\xf9\xa5\x58\xb4\x74\x07\x8a\xcb\xf8\x7b\x6e\x0f\
\x49\x19\x05\x58\xf2\xfe\xe3\x18\xda\xa7\x0b\x00\xe0\xe1\xd1\xbd\
\x31\xa2\x5f\x04\x9e\x79\xfb\xc7\x6b\xae\xe0\xe8\x68\x67\x0d\x99\
\x4c\x8a\xa7\xee\xe9\x8f\x9a\x3a\x35\x0e\x1c\xcb\x40\x6d\xbd\xe6\
\xaa\xdd\x13\x1f\x18\x28\xfe\x96\xc8\xed\xa9\xac\x51\x8e\xb7\x33\
\x7c\xb0\x24\xdf\x55\xe8\x50\x2c\x0e\x2f\x45\x05\x90\x59\x6f\x85\
\xbb\x8e\x05\xe3\xe1\x53\x1d\x51\xca\x59\xad\xad\xc2\xd1\x46\x83\
\xf1\x57\x18\x05\x70\x73\xb6\x47\xcc\xfd\x1f\x60\xf4\x0b\x0b\xb0\
\x6a\xdb\xd1\x36\xbb\x32\x6f\xd4\xea\xb0\x6c\xc3\x21\xf4\x8f\xee\
\x0c\xb9\x4c\x8a\xa1\x7d\xba\x60\xdd\xce\xe3\x3c\xf9\xb7\xa3\xa2\
\xd2\x2a\x8c\x9d\xb4\xb0\xd9\xed\x97\xf1\x2f\x2f\xc2\x86\x3d\xa7\
\xae\xb9\x5f\xe7\x00\x4f\xec\xfd\x75\x1a\x06\xc6\x84\x60\xc5\xbc\
\xe7\xf1\xfe\xcb\x77\x43\x76\x95\x72\x49\x95\xbd\x1a\xc3\xa3\xf3\
\xae\xf8\x33\xba\x71\xc6\xaa\xa9\x70\x9e\xfc\x05\xc2\x04\x40\x40\
\x2b\x8b\x8c\x75\xad\x4b\x0b\x55\x42\x87\x22\x0a\x4f\x0e\xff\xf7\
\xc4\xac\xbf\xb6\x1d\x45\x7e\x51\x05\x00\xe0\xfb\x95\xfb\x50\xdf\
\x46\x23\x00\x00\x70\xbe\xa4\x0a\x15\xd5\x75\xd8\x11\x9f\x02\x89\
\x44\x82\x13\x69\xff\xee\x1e\x47\x6d\xcb\xcf\xdb\x05\x3e\xc8\xc6\
\xc2\xe8\x00\x00\x1c\xb7\x49\x44\x41\x54\x1e\xce\xf8\xfc\xa7\xad\
\xc8\x2d\x2c\x43\xbf\x1e\xc1\xd7\xdd\x27\x31\x29\x1b\x9f\xfd\xb8\
\x05\x75\x0d\x1a\x14\x95\x56\xe3\xc5\x0f\x7e\xbb\xea\xfb\xe4\x9e\
\x7e\x59\xd7\x9c\x70\x4a\x2d\x93\x55\x6f\x85\xd1\xbc\x08\x12\x1c\
\x13\x00\x81\x15\x69\xe4\x78\x2a\xa9\x23\xee\x3e\x1e\x84\xdc\x06\
\x2b\xa1\xc3\x31\x6b\x71\xa1\xc5\xe8\xde\x8a\x4b\x04\xdf\x28\xa5\
\x95\x1c\x3f\xad\x3e\x80\x91\xcf\xce\xc3\xb8\xc9\x0b\x11\xe8\xeb\
\x26\x58\x2c\x96\x2a\x32\xd4\x17\x83\x9f\x98\x8b\x69\x9f\xae\x40\
\xec\xfd\x1f\xb4\x78\x3f\x7b\x5b\x25\xc2\xef\x7a\x1b\x6f\xce\x5b\
\x85\xae\xd7\x58\x3b\xe1\x99\x11\x29\xad\x11\xa6\xc5\xd2\xea\x25\
\x58\x94\xe7\x8e\xd8\x43\x61\xd8\xc6\xd2\x3e\xc1\x5d\x71\x9c\x2b\
\xe9\xd4\xf1\x6c\x00\xfe\x17\x1f\x7f\x98\xf9\x1b\xfe\x2c\xda\xd5\
\x6e\x41\x59\x2a\x5b\x99\x1e\xd3\x3b\x16\xe2\x15\xff\x22\xc8\xb8\
\xca\xe0\x4d\xf9\x6e\x53\x28\x5e\xfc\xb2\xaf\xd0\x61\x90\x08\x0d\
\x8b\x3e\x87\xd5\x6f\x6f\x16\x3a\x0c\xb3\x75\xa2\xc6\x06\x93\x93\
\xfd\x90\x50\x6d\x27\x74\x28\xa2\x67\x2b\x53\x62\x5f\xaf\xf9\x4d\
\x8f\x0d\x40\x5e\xd7\x88\x48\xbf\x7f\x6e\xc7\x11\x00\x13\x52\xa7\
\x33\x96\x0c\x0e\x3d\xd2\x19\x49\x35\x5c\xdd\xea\x66\x3c\x34\xe8\
\x0c\x3c\x9c\xcd\x7b\x25\xbf\xf6\xe0\xe9\x66\x79\xeb\x56\xdc\x6a\
\x33\xa8\x57\xc7\x9e\x6c\xa5\x48\x2c\x4b\xbd\x5e\x8a\x0f\x32\xbd\
\xd1\xff\x70\x28\x4f\xfe\x26\x86\x09\x80\x09\x8a\xaf\xb4\x43\x9f\
\xc3\x61\x98\x99\xe1\x03\x35\x9b\x60\xdc\x10\x6b\x2b\x1d\x9e\x19\
\x61\x19\x4b\xd6\xde\x8a\x39\x53\xef\x83\x95\xc2\x72\x8a\x80\xa4\
\x52\x09\x66\xbf\x3a\x1e\xde\xee\x4e\x37\xb5\x7f\x44\x40\x39\x06\
\x76\x6f\xfd\x9e\x02\x62\xb7\xb7\xc2\x1e\x7d\x0e\x85\xe2\x83\x4c\
\x2f\x34\xb2\xb4\xcf\xe4\xf0\xec\x62\xa2\x1a\x0d\x97\xda\x60\xee\
\x2a\xb7\x17\x3a\x1c\xb3\xf2\xec\xa8\x14\xd8\x2a\xaf\x5c\xc2\x45\
\x80\x93\xbd\x0d\xc6\x0d\x89\xc2\xed\xb1\xa1\x42\x87\xd2\xe6\xfc\
\xbd\x5d\xf0\xeb\x9c\x67\xb0\x65\xf1\x6b\xe8\xe0\xa9\xc2\x5f\x0b\
\x27\xe3\xaf\x85\x93\xd0\xab\x6b\xc0\x0d\x1d\xe7\x95\x71\x27\x61\
\x01\xfd\x93\x5a\x4d\x85\xd6\xd8\x0e\xfd\x8e\x23\x9d\x91\x56\xc7\
\xd1\x4c\x53\xc5\x04\xc0\xc4\x65\xd4\x2b\x31\xea\x68\x67\x3c\x9d\
\x14\x80\x32\xae\x32\xd8\x22\x6e\x8e\x0d\x78\x66\x64\xfb\x4f\xd6\
\xb2\x36\xb1\xe6\x3f\x97\x93\x48\x24\x78\xfe\xc1\xdb\x91\xf4\xf7\
\x7b\x38\xba\xf2\x6d\x58\x29\xe4\xf8\xe1\xc3\x27\x90\xbc\x76\x16\
\x16\xcc\x98\x60\x72\x8d\x8b\x5a\x4b\x4e\x41\x19\xa6\xcd\x5d\x01\
\x57\x95\x31\x89\x0e\xf0\x71\xc5\xac\x45\x6b\x91\x70\x3a\xbb\xc5\
\xc7\xe8\xe0\x5a\x87\x7b\xfb\xb3\xf6\xbf\xa5\x56\x16\xa9\x10\x79\
\x80\x0b\xa2\x99\x03\x26\x00\x66\xc0\x00\xe0\xb7\x42\x17\xf4\x8c\
\xef\x82\x55\xc5\xce\x42\x87\x63\x16\xa6\xde\x73\x02\x0e\x36\x6d\
\x57\xf2\xf7\x4f\x61\x81\x5e\x18\x3f\x2c\xba\xdd\x5e\xef\x46\x19\
\x0c\x06\x7c\xb9\x6c\x27\x5e\xfb\xbf\x3f\xe0\x60\x67\xbc\x22\x73\
\x71\xb2\xc3\x92\x95\x7b\xf1\xd2\x87\xcb\xda\xb4\x3c\x52\x68\x79\
\xe7\xcb\x61\x6d\x25\xc7\xbe\x23\x67\x60\xa3\x54\x20\xf3\xdc\x8d\
\xad\xe2\x37\x73\xc2\x11\x58\xc9\xf5\x6d\x14\x9d\x78\x14\xa8\x15\
\x78\xf0\x64\x20\x1e\x3e\xd5\x11\xc5\xbc\x58\x31\x0b\xfc\x2d\x99\
\x91\xf3\x1a\x39\x1e\x3a\x19\x88\x51\x6e\x95\x98\x17\x9a\x8b\x0e\
\x4a\xf1\x7e\x69\xdf\x2a\x57\x07\x35\x9e\xbb\x33\x19\x73\x96\x77\
\x6f\xd3\xd7\xf1\x74\x73\x44\xbf\x1e\xc1\x18\xd6\x37\x1c\xc1\xfe\
\x1e\x50\xab\x1b\x91\x94\x51\x80\xe4\xb3\xa6\x79\xbf\x78\xdf\xd1\
\x33\x50\xc8\x65\xa8\xa9\x53\xc3\xde\x56\x89\x43\x27\x33\xff\xbf\
\xbd\x7b\x8f\xcb\xba\xbe\xfb\x38\xfe\x06\x2e\x40\x8e\x0a\x08\x22\
\x72\xf2\xc0\xc9\xb9\x34\x51\x53\x4b\x4d\x4b\xcb\x55\xae\xb4\x66\
\x07\xbb\x37\xcb\xd6\xd6\xdc\x6a\x4d\xef\x75\x98\x6b\x95\xe6\x4e\
\x56\x6b\x6a\xb5\x76\xbb\xee\xc7\xbd\xb9\x4e\xb3\xad\x79\x2a\xed\
\xa0\xa6\x02\x1e\x10\x25\x42\x11\x41\x21\x44\x04\x39\x9f\xe1\xba\
\xee\x3f\x50\x67\xa9\x09\x08\xfc\xae\xeb\xf7\x7b\x3d\xff\x8a\xba\
\x0e\x9f\x94\xeb\xf7\x7d\x5f\xdf\xdf\xf7\xf3\xfd\x9a\x76\x6b\xe0\
\x33\xe2\x62\xc2\xf4\xcc\xcb\x6b\xb5\x7a\x6d\xaa\x26\x24\xc7\x69\
\x44\x62\x94\x3e\x4a\x6d\xdf\x0c\x51\x62\x64\x85\xee\x9e\x9c\xdb\
\xcd\x15\xba\x36\xbb\x43\x7a\xfd\x78\x88\x1e\xcf\x19\xa0\xea\x56\
\x7a\xfa\x5d\x09\x33\x00\x2e\x68\x7d\x69\x6f\x8d\x4a\x4d\xd2\xca\
\xc2\x50\xd9\xcd\x7d\xed\xbe\x2c\x8f\xdc\x9a\xa9\xe0\x80\xee\xdd\
\xb3\xfd\x44\x69\x95\x7a\x07\xf8\x6a\xce\x8c\x71\xba\x26\x39\x4e\
\xe3\xaf\x1c\xa2\xdc\x82\x93\xdd\xfa\x9e\x97\xe3\xa6\x89\xdf\xd4\
\xba\xad\x07\x14\x77\xe3\x13\x5a\xf0\xbb\xb7\x75\xd3\xa4\xee\x0d\
\x48\xce\xe0\x50\xfe\x09\xad\x5e\x9b\x2a\x49\xda\xb6\x27\xa7\xdd\
\x83\xbf\x24\x2d\x9d\xbb\x4b\x36\x0f\xbe\xfd\x5f\xcc\x67\xb5\x3e\
\x9a\xb2\x37\x41\xf3\xb3\xa3\x19\xfc\x5d\x10\x33\x00\x2e\xaa\xb2\
\xc5\x43\x0b\x0e\x45\x6a\xcd\x89\x20\x2d\x4f\x3c\xa6\x44\x3f\x5a\
\xdf\xbe\x2a\xc8\xbf\x51\xbf\xb8\x2b\x5d\x8f\xfe\x69\x6c\xb7\xbe\
\xcf\x47\xa9\xd9\x2a\x2b\xaf\x51\x59\x65\xad\x76\xee\xcb\xbd\xe8\
\x1e\xf2\xce\x60\x67\xc6\x11\xbd\xb1\x61\x97\x24\x69\xf9\xdf\x3e\
\x52\x4c\x04\x5b\xb0\x5e\xcc\x84\x61\xc5\xba\x21\x99\x6d\x7f\x2f\
\xa4\xd9\xe1\xa6\x97\x8e\x85\xe9\xd9\x23\xfd\xd5\xc4\xea\x7e\x97\
\xc5\x0c\x80\x8b\xdb\x51\xe9\xa7\xab\xd2\xda\x5a\x06\xf9\x20\x9e\
\xef\x81\x1b\xb3\x35\x2c\xa6\xbc\x5b\xdf\x23\x34\x38\x40\xa3\x67\
\x2f\xd1\xf8\xbb\x97\xaa\xa2\xda\xb9\x8f\x7b\xfe\xea\x31\xc5\xce\
\x76\x6c\x71\x57\xf2\xb4\x79\x68\xc6\xe4\xe1\x9d\x7a\xae\x9b\x9b\
\xb4\xf4\x7b\xbb\xba\xb8\x22\x73\xe0\x9a\x63\x1e\x04\x00\x13\x38\
\xd3\x32\x78\x75\x5a\x82\xd2\x2a\x7d\x8d\x2e\xc7\xa9\x78\xb8\x3b\
\xb4\x74\x6e\xf7\x5e\xc8\x77\x1d\xc8\x53\x49\x59\x95\x1a\x1a\x9b\
\xb5\x79\x67\xfb\xf7\x20\x08\xe9\x43\x7b\x67\x77\xba\x6e\x6c\x92\
\xe6\xce\xbc\xa6\x53\xcf\x9d\x33\x25\x47\x23\x87\x74\x6c\xb1\xa0\
\xd9\x55\xb6\x78\x68\x61\x4e\xa4\xa6\xed\x8d\x57\x76\x2d\xad\x7d\
\x66\x40\x00\x30\x11\xee\xc7\x5d\xd8\x75\x23\xbe\xd0\xec\x89\xce\
\xb5\x90\x2b\x2c\x24\x50\x0b\xef\xbb\xc1\xe8\x32\x2e\x5b\x64\x78\
\xe7\x0f\xb2\xf2\xf6\xea\x9e\x3b\x90\x53\xc7\x0f\xd5\xfa\x57\x1f\
\xd6\xf3\x3f\xff\x8e\xae\x1b\x9b\xa8\xf5\xaf\x3e\xac\x3f\x3c\x71\
\xe7\xd9\xee\x87\x4b\x09\x0f\xaa\xd7\xaf\xbb\x39\x34\xba\x9a\x0d\
\x65\x6d\xeb\x8e\x56\x14\xb0\xee\xc8\x4c\x08\x00\x26\x63\x77\x48\
\xab\x8a\x42\x34\x22\x25\x49\xef\xd1\x32\x78\xd6\xef\x1f\x48\x55\
\xdf\x40\xe7\x59\x27\x71\xeb\x75\x23\x74\xc7\x0d\xc9\x72\x73\xf1\
\xdd\x65\x7e\xf9\xc3\x5b\x3a\xbd\xad\xf0\xac\x69\xc9\x8a\x8f\xed\
\xf7\xb5\x8f\xe9\x1f\xda\xfb\x92\x8f\xf9\xaa\x4d\x3b\xb2\xf4\xda\
\xdb\x5b\x35\x28\x2a\x54\x5e\x9e\x36\x35\x36\xb5\xe8\xc9\x17\xdf\
\x55\x75\x6d\xfb\xfe\xfe\x5f\x7c\x70\xa7\x82\xfc\xbb\x77\xf1\xa8\
\xab\x28\x6e\x6c\xeb\x3c\x9a\x95\x31\x48\x5f\x34\x9a\x73\xaf\x08\
\x2b\x63\x11\xa0\x49\x9d\xe9\xc9\x9d\x19\x56\xae\x17\x12\x0a\x15\
\xea\xe9\xbc\x0b\xd3\x7a\x42\x48\x40\xa3\x7e\x3d\x37\x4d\xf3\xfe\
\x30\xd1\xb0\x1a\xfa\x04\xf8\xe8\xf9\x9f\xcf\x56\xe2\xa0\xfe\x8a\
\x89\x08\x56\x48\x1f\x7f\xa5\xbe\xf9\x84\x1a\x9b\x5a\xf4\xeb\xd7\
\x36\x68\xdd\x96\xfd\x86\xd5\xd6\x51\x33\xa7\x8e\xd4\xac\x69\xc9\
\xa7\xdb\x1f\x43\x95\xfe\x79\x81\x9e\x59\xf9\x6f\x55\xd6\xd4\x5f\
\xf2\xb9\xdf\x18\x12\xa1\xc4\x81\xe1\x9a\x7b\xdb\xd5\x9a\x98\x1c\
\xa7\x4d\x3b\xb2\xb4\x63\x5f\xae\x8e\x9f\xac\xbc\xe0\xfb\xf4\xf6\
\xf7\xd1\x73\x7f\x5a\x7f\xd1\xd7\x0b\xf4\xeb\xa5\xaa\xaf\x0c\xee\
\x65\x15\xb5\xaa\xaa\x6d\xd0\xa1\xfc\x13\x6a\x6c\x6a\x56\x4d\x5d\
\xfb\x06\xf4\x3b\x26\x1c\xd1\x8c\xb1\xed\xdf\x24\xc8\xac\x1c\x92\
\xde\x28\x0e\xd2\xc2\x9c\x48\x36\x20\x33\x31\x66\x00\x4c\x8e\x5d\
\xb9\xfe\xe3\xee\xc9\xb9\xba\x6d\x7c\xbe\x61\xef\x5f\x51\x5d\xaf\
\xf9\x8b\x57\xeb\xb3\xc3\x5f\x9c\xbd\xff\xdf\x2f\x38\x50\x8f\x3d\
\xff\x0f\x97\x1a\xfc\x25\x69\xcd\xa6\xbd\xca\x3d\x56\xa2\x40\xbf\
\x5e\x8a\xee\x1f\xa2\xa5\xaf\xad\x6f\xd7\xe0\x2f\x49\xb9\x05\x27\
\x35\x69\x74\x82\x26\x24\xc7\xe9\xde\x6f\x8f\x53\xdf\xa0\x80\xf3\
\x06\xff\xd8\x01\x7d\xf5\xf1\xeb\x0b\xf4\xdc\x23\x33\xf5\xd8\x03\
\xd3\xb5\x7d\xf5\x63\x4a\x1c\x18\x7e\xc1\xd7\x5b\xfc\xf0\x6d\xb2\
\x79\x7c\xf9\x52\x16\x19\x1e\xa4\xab\x66\x2f\xd1\xa4\x7b\x7f\xab\
\x5d\x07\xf2\xdb\xb5\x4b\x63\x70\x40\xa3\x7e\x3f\x2f\xb5\x5d\xff\
\x0f\x66\x96\x5b\xef\xad\xe9\xe9\x71\xba\x3f\x2b\x96\xc1\xdf\xe4\
\x08\x00\x16\xc0\xbe\xdc\xff\xf1\xd2\x0f\x77\x28\x3c\xa8\x7d\x03\
\x55\x77\xa8\x6b\x68\xd2\xf6\xf4\xb6\xf5\x08\x4d\xcd\x2d\x6d\x3f\
\xef\x3d\x6c\x58\x3d\x97\x23\xc0\xaf\x97\x16\xbf\xb2\x56\x27\x4e\
\x55\xa9\xb5\xb5\xfd\xbd\xf2\x0d\x8d\xcd\xda\xb6\x27\x47\x07\xf3\
\x8a\x55\x51\x55\xa7\x8d\x9f\x66\x9e\xf7\x98\xfc\x2f\x4a\xf5\xdd\
\xc7\x57\xc9\xdb\xcb\x26\x2f\x4f\x9b\x7e\xf8\xab\xbf\x2a\x3b\xaf\
\xf8\x4b\x8f\xb9\xed\xfa\x2b\xb5\x60\xee\x34\xdd\x7d\xf3\x55\x5a\
\xfa\xe8\x2c\xfd\x60\xf6\xa4\xb3\xeb\x0a\x56\xaf\x4d\x55\x5e\x61\
\xa9\x5a\xed\x76\x2d\x7b\xfd\x03\x35\xb4\x63\xa7\xc3\xe7\x1f\x48\
\x51\x68\x6f\xe7\xb9\x4d\xd4\xd3\xce\x3d\x7f\x64\x2b\xe7\x8f\x58\
\x02\x01\xc0\x42\xfe\x73\x32\x57\x7f\xcb\x9e\xcc\x15\x12\xd0\xa8\
\x3f\x3f\xb2\xd5\xd0\x83\x5d\xa6\x4f\x18\xa6\x05\xbf\x7b\x5b\xdf\
\xb8\xe5\x29\x1d\x3f\x59\xa1\xe1\x09\x91\xc6\x15\x73\x19\x5e\xf8\
\xdf\x4d\x5a\xfc\xca\x3a\x5d\x37\x77\x99\x3c\x3b\x78\xb2\x60\x55\
\x6d\xbd\xc6\xdd\xb5\x54\xa3\xbf\xb3\x44\x61\x21\x17\x5e\x43\x70\
\xf5\xc8\x21\x5a\xf0\xbb\xb7\x35\xfb\xd1\x57\x75\xe5\xd0\xe8\xf3\
\xfe\xfb\xe6\x9d\x9f\xeb\xea\x91\x71\xf2\xf7\xf5\xd6\x2d\xd7\x5e\
\xa1\x0f\x53\x3e\x57\x63\x53\xe7\x6e\x75\xdd\x37\xed\xa0\xbe\x33\
\xf1\x48\xa7\x9e\x6b\x06\x9c\x40\x6a\x4d\x17\xbc\x0c\x66\x65\x66\
\x1c\x95\x74\xf6\x13\xf7\x5c\xde\x6a\xbd\x5d\xb2\xa5\xc7\x8a\x42\
\xf7\xbb\xc2\xbf\x5e\xcb\x93\x0a\x34\x2a\xa0\xd6\xe8\x52\x0c\xf1\
\xe4\xeb\xa3\xf4\xc2\x3f\xbf\xd9\xe3\xef\xeb\xe6\xe6\xa6\xc1\x51\
\xa1\x3a\x7c\xac\x44\x92\x64\xf3\x70\x57\x54\xff\x60\xe5\x15\xd2\
\x72\xf6\x55\x9e\x36\x0f\x35\xb7\xb4\x9e\xf7\xcf\xe7\x5a\xb5\xf8\
\x7b\xb2\xd9\x3c\x34\x22\x31\x4a\x23\x66\x3e\x2d\x7b\x27\x96\xa8\
\x8f\x1c\x52\xaa\xcd\xcf\xad\x57\x2f\xaf\xf3\x5f\xdf\xec\xea\x5a\
\xdd\xb5\x34\x3f\x5c\x2f\x1e\x0b\x53\xab\x45\xbf\x14\x98\x91\xaf\
\x87\xb7\xb6\x8f\x7a\xe9\xec\xcf\x0e\xa9\xf0\x1b\xc3\x86\x47\x7d\
\xf5\x71\xdc\xe0\xb1\xa8\xfd\x35\x3e\x9a\xb2\x3b\x4e\x0f\x46\x96\
\xea\xa9\x41\xc7\xe5\xef\x61\xad\x8b\xdf\x33\xff\xb5\x47\xfb\xf3\
\x83\xf5\xe1\xbe\x01\x3d\xfa\xbe\x0e\x87\xe3\xec\xe0\x2f\x49\x2d\
\xad\x76\x06\xff\x8b\x38\x77\xc0\xbf\xd0\xe0\x2f\x49\xaf\xbe\xb5\
\x55\xa9\xfb\x8f\x68\x50\x54\xa8\x82\x7b\xfb\xa9\xb4\xbc\xa6\x43\
\xef\x11\xe4\xdf\xa8\xbf\x2e\xfc\xd8\x92\x83\xff\xfb\x65\x81\xfa\
\xc9\xc1\x28\x15\x34\x78\x19\x5d\x0a\x0c\xc2\x5c\x8f\x85\xb5\x38\
\xdc\xb4\xa2\x20\x54\x63\xd2\x12\xf5\xe1\xa9\x00\xa3\xcb\xe9\x51\
\x1e\xee\x0e\xfd\xef\xa3\x5b\x14\xdb\xaf\x63\x03\x06\x7a\x5e\x50\
\xe0\xc5\x37\xb7\x4a\xdd\xdf\x36\x6d\x7f\xa4\xe0\x64\x87\x07\x7f\
\x77\x77\x87\xfe\xf2\xd3\xad\x96\xfb\x1d\x28\x69\xb2\x69\x5e\x56\
\x8c\x6e\xcb\x18\xcc\xe0\x6f\x71\x04\x00\x28\xbf\xde\x4b\xb7\xec\
\x1b\xa2\x39\x99\xb1\x2a\x6b\xb6\xce\x06\x42\xc1\x81\x8d\xfa\xbf\
\xff\xfe\x58\xbe\xde\xd6\x6e\x91\xec\x0e\x1e\xee\xee\x9a\x7c\x55\
\xe2\x65\xbf\x4e\x70\x6f\x3f\xfd\x6c\x6e\xf7\x6c\x98\xf4\xf8\x77\
\xf6\x69\x9a\xc5\xf6\xfa\x5f\x53\x12\xa4\xe4\xd4\xa1\x5a\x5d\x1c\
\x6c\x74\x29\x70\x02\x04\x00\x9c\xb5\xa6\x24\x48\xc3\x53\x86\x6a\
\x55\x91\x75\x0e\x88\x49\x1e\x5c\xaa\xbf\x2e\xfc\x44\x1e\xee\x56\
\x6f\x92\xec\x5a\x13\x47\xc7\xeb\x81\xdb\x27\x74\xfa\xf9\x11\x61\
\x7d\x34\x30\xb2\xaf\xee\x9d\x31\x4e\xb7\x4f\x1b\xa9\x81\x91\x7d\
\x35\x30\xb2\xaf\x7c\xda\xd1\xce\xd7\x1e\xb3\x27\xe5\xea\x89\xd9\
\xfb\xba\xe4\xb5\x5c\x41\x5e\xbd\x97\x6e\x4a\xb7\x5e\xc8\xc7\xd7\
\x23\x00\xe0\x4b\x4e\x35\xb7\xb5\x0c\xde\x9a\x31\x58\xc7\x2c\x32\
\x3d\x78\xe3\xa8\x02\x3d\xc7\xc1\x2f\x5d\xe2\xe6\x6b\xaf\xd0\x8a\
\x45\xf7\x68\xf1\xc3\xb7\xea\xc6\x09\xc3\xb4\x62\xd1\x3d\x5a\xf4\
\xc3\x9b\x3b\x3c\x70\x07\xfa\xf5\xd2\x9b\xcf\x3f\xa8\xdf\xfc\x6c\
\x96\x62\x07\xf4\x55\xe6\x7b\x4f\xeb\x9e\x9b\xc7\xaa\xa9\xf9\xf2\
\xef\xd5\x4f\xbe\xa2\x48\xaf\xfe\xf8\x53\x43\x3b\x41\x7a\x4a\x8b\
\xdd\x4d\x2b\x0b\x43\x35\x26\x2d\x49\x1f\x97\x5b\xeb\x36\x1f\x2e\
\x8d\x00\x80\x0b\xfa\xa0\x2c\x50\x23\x53\x93\xb4\xec\x68\x3f\x4b\
\xac\x0e\xfe\xf1\x8c\xcf\xf4\x93\x6f\x7f\x66\x74\x19\x2e\x6f\xdd\
\x96\x03\x3a\x94\x7f\x42\xc9\x43\x63\xe4\xdb\xcb\x4b\x09\xb1\xfd\
\xf4\xea\x5b\x5b\x55\xdf\x8e\x3e\xfc\x73\x65\xe7\x15\x6b\xc6\x43\
\xcb\xe5\x70\xb4\xcd\xcc\xfc\xf9\x9d\x6d\x5a\xfc\xca\x5a\xb5\xda\
\xdb\xbf\xdf\xc0\x85\x8c\x8e\x2f\xd5\x5b\x4f\x7c\x28\x2f\xdb\xe5\
\xbd\x8e\x2b\xc8\xa8\xf1\xd5\xe4\x3d\xf1\x5a\x70\x28\x52\xb5\xad\
\x5c\xea\x71\x3e\x7e\x2b\x70\x51\x75\xad\xee\x5a\x94\x1b\xa1\x09\
\xbb\xe3\x95\x5e\x6d\xfe\x53\x06\x97\x7e\x2f\x4d\xf3\x6e\x3c\x68\
\x74\x19\x2e\xcd\xe1\x70\x68\x4f\xd6\x51\x35\x35\xb7\xe8\x68\x51\
\x99\x0a\x8a\xcb\x55\x52\x56\xd5\xa9\xd7\xba\x6e\x5c\x92\xde\xdd\
\x9c\xae\xb9\x4f\xfe\x45\x23\x93\xce\xdf\x07\xa0\xa3\x06\x87\x57\
\xe9\x9d\x27\x37\xc9\xaf\x97\xb9\xd7\x7c\xd4\xdb\xdb\x3e\xb7\xd7\
\xec\x8a\xd7\x1e\x0b\x7c\x6e\xd1\x79\xb4\x01\xe2\x92\xf6\x55\xfb\
\x6a\xd2\xee\x78\x3d\x1c\x5d\xa2\x27\x07\x16\xab\x97\xbb\x39\xbf\
\x3d\xb9\xb9\x49\x2f\x7e\x7f\xa7\xaa\xeb\x6d\x7a\x73\xcb\x60\xa3\
\xcb\x71\x59\xc9\x43\x63\x34\xf5\xfe\x17\xb4\xff\x60\x81\x16\xdc\
\x77\x83\xbc\x3c\x6d\x6a\x6a\xee\xf8\xa0\xbb\x27\x33\x5f\x7f\xfb\
\x77\x8a\x24\x69\xdb\x9e\x1c\xf9\xfb\x7a\xb7\x7b\x4f\xff\xaf\x8a\
\x0e\xad\xd1\xba\x67\xdf\x37\xfd\x4e\x7f\xdb\x2a\xfc\x35\x3f\x3b\
\x5a\x39\x75\xde\x46\x97\x02\x17\x40\x00\x40\xbb\xb4\x9c\xde\x26\
\xf4\xdd\x92\x3e\x5a\x9e\x50\xa0\x6b\x83\xab\x8d\x2e\xa9\x5b\xb8\
\xbb\x3b\xf4\xda\x4f\x3e\x95\xc3\xe1\xa6\xb7\xb6\x0e\x32\xba\x1c\
\x97\xf4\xd2\x5f\x3f\x3c\x3b\x75\xff\xec\xcb\x6b\x3b\x7d\xe2\xe1\
\xb9\x5b\xff\x16\x16\x97\x77\xba\x9e\xb8\x88\x4a\xad\x7d\xe6\x7d\
\x45\xf5\x35\xef\xa6\x57\xe5\xcd\x36\x2d\xca\x8d\xd0\x5f\x38\xf3\
\x03\x1d\xc0\x2d\x00\x74\xc8\x91\x7a\x6f\xdd\xb4\x6f\x88\xe6\x65\
\xc5\xe8\x94\x49\x57\x13\xdb\x3c\xec\x5a\xf5\xc8\x56\x7d\x6f\xea\
\x21\xa3\x4b\x71\x49\x67\x06\xff\x8b\xfd\xdc\x93\x92\xa2\x2a\xb4\
\x71\xf1\x46\x53\x0f\xfe\x6d\xdd\x3b\x1c\xf8\x85\x8e\x23\x00\xa0\
\xc3\x1c\x92\x56\x17\x07\x2b\x39\x75\xa8\xfe\x5e\x1c\x64\x74\x39\
\xdd\xc2\xdd\xdd\xa1\x15\x0f\x6d\xd7\x43\x37\x67\x19\x5d\x8a\xe5\
\x85\x06\x77\x6e\xf5\xfa\xe8\xf8\x52\x6d\x5e\xba\x5e\xfd\x83\xeb\
\xba\xb8\x22\xe7\x70\xb4\xc1\x4b\x33\xf6\x0d\xd6\x9c\xcc\x58\x95\
\x72\x6a\x1f\x3a\x81\x00\x80\x4e\x3b\xd1\x64\xd3\xfd\x59\xb1\x9a\
\x95\x31\x48\x85\x8d\x5d\xd3\x9f\xed\x4c\xdc\xdc\xa4\xdf\xcf\x4b\
\xd5\xb3\xff\xb5\xc7\x12\x2d\x63\xce\xc8\xcd\xcd\x4d\xbf\x5f\x78\
\x47\x87\x9f\x37\xf1\x9b\xc7\xb5\xf6\xe9\x8d\x0a\xf2\xef\xdc\x9a\
\x01\x67\x66\x77\x48\xab\x8a\x42\x34\x3a\x35\x51\x9b\x4f\x5d\xf8\
\x20\x25\xa0\x3d\x88\x8d\xb8\x6c\x1b\xca\x7a\x6b\x47\xaa\xbf\x16\
\x0d\x3a\xae\x1f\x0c\x38\x29\x77\x93\x0d\x96\x3f\x9b\xb9\x5f\x83\
\xc3\xab\x74\xff\x8b\x13\x54\xdf\xc4\x47\xa6\x27\x78\x79\xda\xf4\
\xe8\x77\xa7\x2a\x61\x50\xb8\xee\xb8\x61\x94\x6a\xeb\x1b\x95\x99\
\x53\xa4\x57\xde\xfc\xe4\x92\x07\xfe\xdc\x39\x29\x57\x2b\x7e\xb4\
\x43\x3e\x5e\xe6\x5b\xed\x7f\xa0\xc6\x47\xf3\xb3\xa3\xb4\xab\xca\
\xcf\xe8\x52\x60\x02\xcc\x00\xa0\x4b\x54\xb6\x78\x68\xc1\xa1\x48\
\x4d\x4d\x8f\xd7\xe7\xb5\xbd\x8c\x2e\xa7\xcb\xdd\x3a\x3e\x5f\xeb\
\x9e\x79\x5f\xfd\x82\xea\x8d\x2e\xc5\x12\x9a\x9a\x5b\xf4\xea\x5b\
\x5b\x14\x1f\xdb\x4f\xee\xee\x6e\x0a\xef\xdb\x5b\xab\xd6\x7c\xfa\
\xb5\x83\xbf\xcd\xdd\xae\xe7\xbf\x9f\xa2\x55\x3f\xdd\x6a\xba\xc1\
\xbf\xc1\xee\xae\x25\x79\xfd\x35\x61\x57\x02\x83\x3f\xba\x0c\x01\
\x00\x5d\x6a\x67\x85\x9f\xc6\xa6\x99\xf3\x5c\xf1\xb1\x89\x25\xda\
\xb1\xec\x3d\x8d\x4d\x2c\xb9\xf4\x83\x71\xd9\xca\xab\xea\x64\xb7\
\x3b\xb4\xec\xf5\x0f\x24\x49\x0d\x5f\xb3\x99\x50\x70\x40\xa3\xde\
\x7b\xea\x03\xfd\xe0\x5b\x9f\xf7\x54\x79\x3d\x66\x7b\xa5\x9f\xc6\
\xa5\x25\x68\x49\x5e\xb8\x9a\x2c\xb0\x29\x17\x7a\x0e\xf3\x99\xe8\
\x72\xcd\xa7\x5b\x06\xff\x55\xd2\x47\xcb\x13\x8f\x69\x62\x90\x79\
\x4e\x5b\xeb\x1f\x5c\xa7\x8d\x8b\x37\xe8\xe7\xab\xc6\xe8\xd5\xf5\
\x49\x46\x97\x63\x6a\xfe\xbe\xde\xba\x6b\xc1\x9f\x54\x58\x5c\xae\
\xb8\x98\x30\xb9\xbb\xbb\x5d\x70\x06\x60\xf8\xc0\x32\xbd\xf1\xf8\
\x47\x8a\x09\x33\xcf\xef\x99\x24\x55\xb4\xd8\xb4\x24\x2f\x5c\x2f\
\x17\x86\xea\x12\x77\x3d\x80\x4e\x31\xd7\x57\x34\x38\x95\xc3\xf5\
\xde\x9a\x9e\x1e\xa7\xf9\xd9\xd1\xaa\x6a\x35\x4f\xcb\xa0\x97\xcd\
\xae\x17\xbe\x9f\xa2\x37\x1e\xfb\x48\xc1\x01\xae\xbb\xc8\xcc\xdf\
\xd7\x5b\x13\x47\xc5\x1b\x5d\xc6\x45\xd5\xd4\x35\x9e\xed\xff\xcf\
\x39\x5a\x72\xde\xe0\xef\xe6\x26\xdd\x37\xed\xa0\x36\x2f\x5d\x6f\
\xba\xc1\x7f\x43\x59\x6f\x8d\x4a\x4d\xd4\x8a\x02\x06\x7f\x74\x1f\
\x02\x00\xba\x95\x43\x6d\x2b\x96\xaf\x4c\x49\xd2\xbf\x4a\xfa\x18\
\x5d\x4e\x97\x9a\x31\xf6\xa8\xf6\xfe\x71\x8d\xa6\x8e\xfc\xc2\xe8\
\x52\x3a\xcc\xdb\xcb\xa6\x97\x9f\x9a\xa3\x97\x9e\xbc\x4b\xfd\x43\
\x7b\x1b\x5d\x4e\x87\x45\x87\xd6\x68\xfd\xd3\x1b\xb5\xfc\xa1\x1d\
\xa6\xda\xda\xb7\xb8\xd1\xa6\xbb\x33\x07\x6a\x56\xc6\x20\x15\x99\
\xb0\xb3\x06\xce\x85\x5b\x00\xe8\x11\xc7\x1b\x3d\x75\x57\xe6\x40\
\x7d\xab\x6f\xa5\x5e\x4a\x28\x50\x84\x77\xc7\x0e\x87\x71\x56\x61\
\x7d\x1a\xf4\xee\x2f\x36\x69\xe5\xba\xa1\x7a\xfa\x6f\x23\x55\xdb\
\xe0\x1a\x1f\xa9\xc6\xa6\x16\xfd\xf9\x9d\x6d\xf2\xed\xe5\xa5\xe3\
\x27\x2b\x8d\x2e\xa7\x43\xee\xbd\x2e\x47\xbf\x9b\x97\xa6\x40\x9f\
\x26\xa3\x4b\xe9\x32\x0e\x49\x7f\x29\x0a\xd1\x13\x39\x03\x4c\x35\
\x5b\x06\xe7\xe6\x1a\x57\x2b\x98\xc6\xfa\xd2\xde\xda\x51\xe1\xa7\
\xc5\x43\x8a\x34\x37\xa2\x4c\x66\x58\xd2\xe4\xee\xee\xd0\xfc\x5b\
\x3e\xd3\x2d\x57\x1d\xd5\x8f\x5f\x1e\xaf\xcd\xe9\x03\x8c\x2e\xa9\
\x5d\xb6\xec\x72\xad\x9d\x0e\x07\x84\xd4\xe9\xc5\x07\x77\xea\xa6\
\x31\xc7\x8c\x2e\xa5\x4b\x1d\xae\xf7\xd6\x8f\xb2\xa3\xb5\xad\xdc\
\xdf\xe8\x52\x60\x31\xdc\x02\x40\x8f\xab\x68\xb1\x69\x7e\x76\xb4\
\xa6\xed\x89\xd7\xc1\x3a\xf3\xb4\x0c\xc6\x84\xd5\xe8\xbd\xa7\x3e\
\xd0\xaa\x9f\x6e\x51\x44\x88\x39\x77\x9f\x33\x82\x8f\x57\x8b\x1e\
\xbb\x63\x9f\xf6\xad\xf8\x87\xa9\x06\xff\x33\x8b\x65\x47\xa7\x26\
\x32\xf8\xc3\x10\xcc\x00\xc0\x30\xdb\x2b\xfd\x34\x3e\x2d\x41\x8f\
\xc6\x94\x68\x61\x6c\xb1\xbc\xdc\xcc\xb1\xda\xe9\xce\x49\x47\x34\
\x63\xec\x31\xbd\xbc\x6e\xa8\x7e\xf3\xd6\x15\xaa\x69\xe0\x5e\x6e\
\x67\x4d\x1f\x55\xa0\x65\x0f\xa4\x28\xb6\x9f\xb9\x16\xf9\xa5\x54\
\xfa\xe9\x47\xd9\xd1\xa6\xdc\x33\x03\xae\x83\x19\x00\x18\xaa\xde\
\xee\xae\x25\x79\xe1\xa6\xdb\xe0\xc4\xd7\xbb\x45\x3f\x9b\xb9\x5f\
\xbb\xff\xf8\x4f\xdd\x33\xf9\xb0\x3c\xdc\xcd\x11\x6e\x7a\xca\xf0\
\x81\x65\xda\xb8\x78\x83\xfe\xf1\x8b\xcd\xa6\x1a\xfc\xab\x5a\x3d\
\xb4\x30\x27\x52\xd7\xef\x35\xe7\x86\x59\x70\x2d\x04\x00\x38\x85\
\x03\x35\x3e\x9a\xbc\x27\x5e\xf3\xb3\xa3\x55\x63\xa2\x45\x50\xd1\
\xa1\x35\x7a\xed\xe1\x6d\x3a\xf0\xf2\x3b\xba\x6f\xda\x41\x82\xc0\
\x25\x8c\x18\x54\xa6\x3f\x3f\xbc\x55\xdb\x97\xfd\x5b\x13\x87\x15\
\x5f\xfa\x09\x2e\x64\x43\x59\x6f\x8d\x4a\x49\xa2\xb5\x0f\x4e\x83\
\x5b\x00\x70\x1a\x67\x0e\x39\xf9\xa8\x3c\x40\x2f\x25\x14\xe8\xfa\
\xe0\x2a\xa3\x4b\xea\x32\xb1\xfd\x6a\xb4\xfc\xa1\x1d\xfa\xd1\x2d\
\x59\xfa\xc3\xbf\x86\xe9\xcd\x2d\x83\xd4\x68\xd2\xe3\x94\x3b\x63\
\xd2\x15\xc7\xf5\xf3\x59\x19\xba\x76\xf8\x71\xa3\x4b\xe9\x72\x27\
\x9a\x6c\x7a\xf2\xf0\x00\xad\x2e\x0e\x36\xba\x14\xe0\x4b\x08\x00\
\x70\x3a\xf9\xf5\x6d\xc7\x9c\xce\x0c\x2b\xd7\x8b\x09\x85\xea\xeb\
\x69\x9e\x3e\xef\xa4\xa8\x0a\xbd\x32\xff\x53\xfd\xea\x9e\x3d\x7a\
\x79\xdd\x50\xfd\xcf\xfb\x09\x3a\x55\xed\x6d\x74\x59\x86\xf0\xf4\
\xb0\xeb\x5b\x63\x0a\xf4\xd3\x5b\x0f\x68\x4c\xc2\x49\xa3\xcb\xe9\
\x72\x0e\x49\x6f\x14\x07\x69\x61\x4e\x94\x4e\x11\xf6\xe0\x84\x08\
\x00\x70\x5a\x6b\x4a\x82\xf4\x71\x79\x80\x9e\x1d\x5c\xa4\xfb\x22\
\xca\x8c\x2e\xa7\x4b\x85\x07\xd5\xeb\xe9\x39\x7b\xf4\xc4\xec\x7d\
\x5a\xb7\x2b\x5a\xff\xb3\x31\x5e\x9f\x1c\x88\x90\xc3\x02\x53\xc3\
\x09\x91\x95\x9a\x33\xe5\xb0\xee\x9d\x72\x48\x61\x7d\x1a\x8c\x2e\
\xa7\x5b\x1c\xa9\xf7\xd6\xfc\x83\x51\xfa\xe4\x54\x80\xd1\xa5\x00\
\x17\x45\x00\x80\x53\x2b\x6f\x6e\x6b\x19\xfc\xd7\xc9\x3e\x7a\x29\
\xa1\x40\x31\xbd\xcc\xb3\xf9\x8b\x24\x79\x7b\xb6\x6a\xe6\xf8\x3c\
\xcd\x1c\x9f\xa7\xc3\xc7\x03\xf5\xe6\x96\xc1\x5a\xb3\x3d\x56\x9f\
\x17\x98\x6b\xd7\xc4\x40\x9f\x26\xcd\xba\x26\x5f\xdf\xbd\xfe\x90\
\x29\xbf\xed\x9f\xd1\x62\x77\xd3\x9f\x8a\xfa\xea\xa9\xdc\x08\xd5\
\xb6\xb2\xc4\x0a\xce\x8d\x00\x00\x97\xb0\xa9\x2c\x50\xc9\xa9\x49\
\x7a\x3c\xb6\x58\x8f\x44\x97\xc8\xc3\x24\x2d\x83\xe7\x1a\xd2\xbf\
\x4a\x4f\xde\x99\xae\x27\xef\x4c\x57\xe6\xd1\x20\xbd\xbb\x3d\x56\
\x1b\x76\x47\x29\x23\x2f\xc4\x25\x67\x06\x06\xf5\xaf\xd6\x8d\xc9\
\x05\x9a\x3e\xaa\x50\xd7\x7c\xa3\x58\xde\x9e\xad\x46\x97\xd4\xad\
\xf6\x55\xfb\x6a\xfe\xc1\x28\xed\xad\xf2\x35\xba\x14\xa0\x5d\x08\
\x00\x70\x19\x75\xad\xee\x5a\x94\x1b\xa1\x77\x4e\xf4\xd1\xf2\xa4\
\x02\x25\x07\x98\x77\xb3\x9d\x61\x31\xe5\x1a\x16\x53\xae\x45\x77\
\xa7\xeb\x44\xb9\x8f\x36\xa5\x0f\xd0\xa6\xf4\x01\xfa\xf4\xb3\x70\
\x1d\x3f\xe5\x9c\x03\x8c\xaf\x77\x8b\x46\x27\x9c\xd4\x8d\x23\x0b\
\x35\x7d\x74\x81\xe2\x07\xb8\xd6\x16\xc3\x9d\x55\xd7\xea\xae\xa5\
\xf9\xe1\x7a\xf1\x58\x98\x5a\x39\xae\x17\x2e\x84\x00\x00\x97\x93\
\x51\xe3\xab\xc9\xbb\xe3\xf5\x60\x64\xa9\x7e\x35\xa8\x48\x7e\x1e\
\x76\xa3\x4b\xea\x56\xfd\x82\xea\x35\x67\xca\x61\xcd\x99\x72\x58\
\x92\x74\xb4\xc4\x5f\x3b\x3f\xef\xa7\x94\xec\x30\xed\xcf\x0b\x56\
\xd6\xd1\x3e\xaa\xaa\xf7\xea\xd1\x9a\x3c\x3d\xec\x1a\x16\x5b\xae\
\x91\x43\x4a\x35\x6a\xc8\x49\x8d\x8c\x2b\x53\x52\x54\x85\x6c\x26\
\xff\xbb\xf8\xaa\x0f\xca\x02\xf5\x93\x83\x51\x3a\xd6\xd0\xb3\x7f\
\xfe\x40\x57\x20\x00\xc0\x25\xb5\x38\xdc\xb4\xa2\x20\x54\x1b\x4a\
\x03\xf5\xc7\xc4\x02\x4d\x0e\xaa\x36\xba\xa4\x1e\x13\x13\x56\xa3\
\x98\xb0\x1a\xdd\x39\x29\x57\x92\xe4\x70\xb4\x85\x82\xac\x63\x41\
\x3a\x52\x1c\xa8\xfc\x13\xfe\xca\x3f\x11\xa0\xa3\x27\xfc\x55\x52\
\xe9\xa3\x53\xd5\xde\x6a\xb5\x77\xfc\x9b\x69\xa0\x4f\x93\xa2\xc3\
\x6a\x15\x7d\xfa\xfd\x62\xc2\xaa\x15\x1d\xda\xf6\xf3\xd0\xe8\x72\
\xf5\xf2\x32\xf7\x94\xfe\xd7\x39\xd5\x6c\xd3\x2f\x73\x23\xb4\xaa\
\x28\xc4\xe8\x52\x80\x4e\x23\x00\xc0\xa5\x1d\xa9\xf7\xd6\xcd\xe9\
\x43\x74\x57\xf8\x29\xfd\x36\xae\x50\xc1\x26\xbf\xcf\x7c\x21\x6e\
\x6e\x6d\xfb\x0c\x7c\xdd\x8e\x79\xe5\x35\xde\x2a\xab\xf6\x56\x55\
\x6d\xdb\x37\xd5\xea\x3a\x4f\xd9\x4f\x1f\xc5\xe4\xed\xd9\xa2\x5e\
\x9e\x76\xf5\xf6\x6f\x92\xb7\xad\x55\x7e\xbd\x5a\xe4\xef\xd3\x2c\
\x4f\x8b\x7d\x9b\x6f\xaf\x35\x25\x41\x7a\xf8\x60\x94\xca\x68\xed\
\x83\x8b\x23\x00\xc0\xe5\x39\x24\xad\x2e\x0e\xd6\xe6\x53\x81\x5a\
\x3a\xa4\x50\x77\x85\x97\x1b\x5d\x92\xd3\x09\xf2\x6f\x54\x90\x7f\
\xa3\xd1\x65\xb8\xb4\xfc\x7a\x2f\xfd\xf8\x60\xb4\x3e\xa4\xb5\x0f\
\x26\x41\x9f\x0a\x4c\xa3\xa4\xc9\xa6\xfb\xb3\x62\x35\x73\xff\x60\
\x15\x70\x4f\x16\x5d\xa4\xc5\xee\xa6\x95\x85\xa1\x1a\x93\x96\xc8\
\xe0\x0f\x53\x21\x00\xc0\x74\x36\x96\x06\x6a\x64\x6a\x92\x96\x1d\
\xed\xc7\xaa\x6c\x5c\x96\x03\x35\x3e\x9a\xb2\x27\x4e\x0b\x0e\x45\
\x9a\xea\x8c\x0a\x40\x22\x00\xc0\xa4\x6a\x4f\xb7\x0c\x4e\xdd\x1b\
\xa7\xac\x1a\x4e\x5d\x43\xc7\xb4\x9d\x52\xd9\x5f\x13\x76\x25\x68\
\x77\xb5\x79\x4e\xa9\x04\xce\x45\x00\x80\xa9\xa5\x54\xfa\x69\xdc\
\xae\x44\x2d\xca\x8d\x50\xa3\x9d\x5f\x77\x5c\xda\xa7\x15\xfe\x1a\
\x97\x96\xa0\x25\x79\xe1\x6a\x62\x06\x09\x26\xc6\x15\x11\xa6\xd7\
\xec\x70\xd3\xb2\xa3\xfd\x34\x3a\x35\x51\x5b\xcb\xfd\x8d\x2e\x07\
\x4e\xaa\xa2\xa5\x6d\xdb\xe9\x1b\xf6\xc6\xe9\x50\x1d\xb3\x46\x30\
\x3f\x02\x00\x2c\xe3\x70\xbd\xb7\xa6\xa7\xc7\x69\x7e\x76\xb4\xaa\
\xb8\x9f\x8b\x73\xac\x29\x09\xd2\xf0\x9d\x49\x5a\x55\x14\x22\x17\
\xdc\x75\x19\xe8\x14\x02\x00\x2c\xc5\x21\x69\x55\x51\x88\x46\xa4\
\x0c\xd5\x3f\x4b\xcc\x75\xe0\x0e\x3a\xee\x78\xa3\xa7\xee\x3c\x30\
\x50\x73\x32\x63\x75\xb2\x99\xae\x68\x58\x0b\x01\x00\x96\x54\xdc\
\x68\xd3\xdd\x99\x03\x75\xfb\xfe\x41\xfa\xa2\xd1\xd3\xe8\x72\xd0\
\xc3\xec\x8e\x33\x41\x30\x49\xef\x9d\x24\x08\xc2\x9a\x08\x00\xb0\
\xb4\xf5\xa5\xbd\x35\x2a\x35\x49\x2b\x0b\x43\x65\x67\xee\xd7\x12\
\x3e\xab\xf5\xd1\x94\xbd\x09\x9a\x9f\x1d\xad\x6a\x6e\x05\xc1\xc2\
\x08\x00\xb0\xbc\xca\x16\x0f\x2d\x38\x14\xa9\x69\x7b\xe3\x75\x90\
\xc5\x5f\xa6\x75\x66\x31\xe8\xd5\x69\x09\x4a\xab\x74\xce\x13\x15\
\x81\x9e\x44\x00\x00\x4e\xdb\x51\xe9\x77\xba\xfd\xab\x3f\xed\x5f\
\x26\xb3\xb3\xc2\x4f\x57\xa5\xb5\xb5\x83\xf2\x77\x0b\xb4\x21\x00\
\x00\xe7\x68\xb0\xbb\x6b\x49\x5e\xb8\xae\x49\x4b\xd0\xae\x2a\xbe\
\x25\xba\xba\xca\x16\x0f\x2d\xcc\x89\xd4\xd4\xf4\x78\x65\xd7\x32\
\xbb\x03\x9c\x8b\x00\x00\x5c\x40\x66\xad\x8f\x26\xef\xe1\x3e\xb1\
\x2b\xdb\x50\xd6\xb6\xbe\x63\x45\x01\xeb\x3b\x80\x0b\x21\x00\x00\
\x17\x71\x66\xa5\xf8\x95\x29\x49\xfa\x37\x2b\xc5\x5d\xc6\x89\x26\
\x9b\xee\x39\x30\x50\xb3\x32\xe8\xf0\x00\xbe\x0e\x01\x00\xb8\x84\
\xa2\x46\x4f\xcd\xa6\x57\xdc\xe9\x39\x24\xfd\xbd\x38\x48\xc9\xa9\
\x49\x7a\x97\xc0\x06\x5c\x12\x01\x00\x68\xa7\x35\x25\x41\x1a\x91\
\xc2\x6e\x71\xce\x28\xb7\xde\x5b\xdf\x4a\x8f\xd3\xfd\x59\xb1\x3a\
\x45\x48\x03\xda\x85\x00\x00\x74\x40\x79\x73\xdb\x7e\xf1\x37\xee\
\x8d\x53\x4e\x9d\xb7\xd1\xe5\x58\xde\x99\xd6\xbe\x51\xa9\x89\xda\
\xc2\x39\x0f\x40\x87\x10\x00\x80\x4e\xd8\x56\xe1\xaf\xb1\x69\x89\
\x5a\x76\xb4\x9f\x5a\x69\x2b\x33\x44\x2a\x27\x3d\x02\x97\x85\x4f\
\x0d\xd0\x49\xf5\x76\x77\x2d\xca\x8d\xd0\xd5\xbb\x12\xb4\xa7\x9a\
\x96\xc1\x9e\x52\xd7\xda\xf6\xe7\x7e\xfd\xde\x38\x65\xd5\xd0\xda\
\x07\x74\x16\x01\x00\xb8\x4c\xfb\x6b\x7c\x34\x79\x77\xbc\x16\xe6\
\x44\xaa\xb6\x95\x8f\x54\x77\x7a\xbf\x2c\x50\x57\xa6\x26\x31\xf3\
\x02\x74\x01\xae\x56\x40\x17\x68\x71\xb8\x69\x45\x41\xa8\xc6\xa4\
\x25\xe9\xa3\x53\x01\x46\x97\x63\x3a\x25\x4d\x36\xcd\xcb\x8a\xd1\
\x6d\x19\x83\x55\xd0\xe0\x65\x74\x39\x80\x29\x10\x00\x80\x2e\x94\
\x57\xef\xa5\x9b\xf7\x0d\xd1\x9c\xcc\x58\x95\x35\xb3\x81\x50\x57\
\x58\x53\x12\xa4\xe4\xd4\xa1\x5a\x5d\x1c\x6c\x74\x29\x80\xa9\x10\
\x00\x80\x6e\x70\x66\xd0\xfa\x7b\x71\x90\xd1\xa5\xb8\x2c\xc2\x14\
\xd0\xbd\x08\x00\x40\x37\x29\x69\xb2\xe9\xfe\xac\x58\xdd\x96\x31\
\x58\xc7\x98\xb6\x6e\xb7\x16\xbb\x9b\x56\x16\x72\x3b\x05\xe8\x6e\
\x04\x00\xa0\x9b\xbd\x5f\x16\xa8\x91\x2c\x5c\x6b\x97\x8c\x1a\x5f\
\x4d\xde\x13\xaf\x05\x87\x58\x50\x09\x74\x37\x3e\x61\x40\x0f\x38\
\xd3\xba\x36\x71\x77\xbc\xd2\x69\x19\x3c\xcf\x99\x96\xca\x6b\x76\
\xc5\xd3\x52\x09\xf4\x10\x02\x00\xd0\x83\xd2\xab\x7d\x75\xed\xee\
\x78\x2d\xca\x8d\x50\x03\x9b\xd7\x48\x62\x53\x25\xc0\x28\x5c\x81\
\x80\x1e\x76\x66\xfb\xda\xd1\x16\xdf\xbe\x96\x6d\x95\x01\x63\x11\
\x00\x00\x83\x9c\x39\xc0\x66\x5e\x56\x8c\xe5\x0e\xb0\x59\x53\x12\
\xa4\xe1\x1c\xac\x04\x18\x8a\x00\x00\x18\xc8\x21\x69\x75\x71\xb0\
\x92\x53\x93\xb4\xa6\xc4\xfc\x2d\x83\x47\x1b\xbc\xf4\xed\x8c\xc1\
\x9a\x93\x19\xab\x52\x8b\x85\x1e\xc0\xd9\x10\x00\x00\x27\x70\xa2\
\xc9\xa6\x39\x99\xb1\xba\x7d\xff\x20\x15\x36\x7a\x1a\x5d\x4e\x97\
\xb3\x3b\xa4\x55\x45\x21\x1a\x93\x9a\xa8\x4d\x65\x81\x46\x97\x03\
\x40\x04\x00\xc0\xa9\xac\x2f\xed\xad\xd1\xa9\x49\x5a\x59\x18\x2a\
\xbb\x49\xe6\xc6\x33\x6b\x7d\x34\x79\x4f\x82\xe6\x67\x47\xab\xba\
\x95\x0d\x7d\x00\x67\x41\x00\x00\x9c\x4c\x65\x8b\x87\x16\x1c\x8a\
\xd4\xb4\xbd\xf1\xca\xae\x75\xdd\xd3\xee\x1a\xec\xee\x5a\x92\xd7\
\x5f\xd7\xa4\x25\x68\x57\x15\xad\x7d\x80\xb3\x21\x00\x00\x4e\x6a\
\x47\xa5\x9f\xae\x4a\x73\xcd\xf3\xee\xb7\x57\xfa\x69\x5c\x5a\x82\
\x96\xe4\x85\xab\x89\xd6\x3e\xc0\x29\xb9\xd6\x55\x05\xb0\x98\x33\
\x2d\x83\xd7\xec\x8a\x57\x5a\xa5\xf3\x7f\x8b\xae\x68\xb1\x69\x61\
\x4e\xa4\x6e\xd8\x1b\xaf\x83\x75\xae\x3b\x7b\x01\x58\x01\x01\x00\
\x70\x01\x9f\xb9\xc0\x7d\xf4\x0d\x65\xbd\x35\x2a\x35\x51\x2b\x0a\
\xcc\xb3\x7e\x01\x30\x33\x02\x00\xe0\x22\x1c\x6a\x5b\x49\x3f\x22\
\x25\x49\xef\x9d\xec\x63\x74\x39\x67\x15\x37\xda\x74\x77\xe6\x40\
\xcd\xca\x18\xa4\x22\x13\x76\x30\x00\x66\x45\x00\x00\x5c\xcc\xf1\
\x46\x4f\xdd\x79\x60\xa0\x6e\xdf\x6f\xec\x80\xfb\x9f\x40\x32\x54\
\xff\x2c\x71\x9e\x40\x02\xa0\x7d\x08\x00\x80\x8b\x5a\x5f\xda\x36\
\xe5\x6e\xc4\x6e\x7a\x87\xeb\xbd\x35\x3d\x3d\x4e\xf3\xb3\xa3\x55\
\xe5\xa4\xb7\x24\x00\x7c\x3d\x02\x00\xe0\xc2\x2a\x5a\xda\xf6\xd3\
\xbf\x61\x6f\x9c\x0e\xf5\xc0\xa2\xbb\x73\xcf\x31\xd8\x6a\xe1\x73\
\x0c\x00\x33\x20\x00\x00\x26\xf0\x69\x85\xff\xe9\xb6\xbb\xfe\xdd\
\xd6\x76\x97\x52\xe9\xa7\xb1\x2e\xda\x96\x08\xe0\x7c\x7c\x8a\x01\
\x93\xa8\xb7\xbb\x6b\x49\x5e\xb8\x26\xec\x4a\xd0\xee\x6a\xbf\x2e\
\x7b\xdd\xaa\x56\x0f\x2d\xcc\x89\xd4\xf5\x7b\xe3\xf5\xb9\x0b\x6f\
\x4c\x04\xe0\xcb\x08\x00\x80\xc9\x1c\xa8\xf1\xd1\x94\xdd\x71\x5a\
\x98\x13\xa9\x9a\xcb\xbc\x3f\xbf\xa1\xac\xb7\x46\xa5\x24\xd1\xda\
\x07\x98\x10\x01\x00\x30\xa1\x16\x87\x9b\x56\x14\x84\x6a\x4c\x5a\
\xa2\x3e\x3c\x15\xd0\xe1\xe7\x9f\x68\xb2\x69\x5e\x56\x8c\x66\x65\
\x98\xf3\x70\x22\x00\x04\x00\xc0\xd4\xf2\xeb\xbd\x74\xcb\xbe\x21\
\xed\x3e\x7e\xd7\x21\xe9\xef\xc5\x41\x4a\x4e\x1d\xaa\xd5\xc5\xc1\
\xdd\x5f\x20\x00\xc3\x10\x00\x00\x0b\x58\x53\x12\xa4\x11\x29\x49\
\x5a\x55\x14\x72\xd1\xc7\x1c\xa9\xf7\xd6\x4d\xfb\x86\xe8\xfe\xac\
\x58\x9d\x6a\xa6\xb5\x0f\x30\x3b\x02\x00\x60\x11\xa7\x9a\xdb\x5a\
\x06\x6f\xcd\x18\xac\x63\x0d\x5e\x67\xff\x7d\x8b\xdd\x4d\x2b\x0b\
\x43\x75\x55\x5a\xa2\x3e\xe9\xc4\xed\x02\x00\xae\xe9\xd2\x73\x82\
\x00\x4c\xe5\x83\xb2\x40\x8d\x4a\x4d\xd4\x7f\xc7\x9e\xd0\x20\x9f\
\x26\xfd\x26\xbf\x9f\x0e\xd4\xf8\x18\x5d\x16\x80\x1e\x46\x00\x00\
\x2c\xa8\xa6\xd5\x43\xbf\xcc\x8d\x30\xba\x0c\x00\x06\xe2\x16\x00\
\x00\x00\x16\x44\x00\x00\x00\xc0\x82\x08\x00\x00\x00\x58\x10\x01\
\x00\x00\x00\x0b\x22\x00\x00\x00\x60\x41\x04\x00\x00\x00\x2c\x88\
\x00\x00\x00\x80\x05\x11\x00\x00\x00\xb0\x20\x02\x00\x00\x00\x16\
\x44\x00\x00\x00\xc0\x82\x08\x00\x00\x00\x58\x10\x01\x00\x00\x00\
\x0b\x22\x00\x00\x00\x60\x41\x04\x00\x00\x00\x2c\x88\x00\x00\x00\
\x80\x05\x11\x00\x00\x00\xb0\x20\x02\x00\x00\x00\x16\x44\x00\x00\
\x00\xc0\x82\x08\x00\x00\x00\x58\x10\x01\x00\x00\x00\x0b\x22\x00\
\x00\x00\x60\x41\x04\x00\x00\x00\x2c\x88\x00\x00\x00\x80\x05\x11\
\x00\x00\x00\xb0\x20\x02\x00\x00\x00\x16\x44\x00\x00\x00\xc0\x82\
\x08\x00\x00\x00\x58\x10\x01\x00\x00\x00\x0b\x22\x00\x00\x00\x60\
\x41\x04\x00\x00\x00\x2c\x88\x00\x00\x00\x80\x05\xd9\xda\xf3\xa0\
\xb1\x7d\x86\xca\xc7\xc3\xbb\xbb\x6b\x01\x00\x00\x97\xc9\xdb\xdd\
\xb3\x5d\x8f\x6b\x57\x00\x98\x12\x34\x42\x53\x82\x46\x5c\x56\x41\
\x00\x00\xc0\x79\x70\x0b\x00\x00\x00\x0b\x22\x00\x00\x00\x60\x41\
\x17\xbc\x05\xe0\x90\xdb\x3b\x6e\x72\xf4\xed\xe9\x62\x00\x00\x40\
\xd7\x72\x93\xa3\xcc\xe8\x1a\x00\x00\x00\x00\x00\x00\x00\x00\x00\
\x00\x00\x00\x00\x00\x00\x00\x00\x00\x00\x00\x00\x00\x00\x00\x00\
\x00\x00\x00\x00\x00\x00\x00\x00\x00\x00\x00\x00\x00\x00\x00\x00\
\x00\x00\x00\x00\x00\x00\x00\x00\x00\x00\x00\x00\x00\x00\x00\x00\
\x00\x00\x00\x00\x00\x00\x00\x00\x00\x00\x00\x00\x00\x00\x00\x00\
\x00\x00\x00\x00\x00\x00\x00\x00\x00\x00\x00\x00\x00\x00\x00\x00\
\x00\x00\x00\x00\x00\x00\x00\x00\x00\x00\x00\x00\x00\x00\x00\x00\
\x00\x00\x00\x00\x00\x00\x00\x00\x00\x00\x00\x00\x00\x00\x00\x00\
\x00\x00\x00\x00\x00\x00\x00\x00\x00\x00\x00\x00\x00\x00\x00\x00\
\x00\x00\x00\x00\x00\x00\x00\x00\x00\x00\x00\x00\x00\x00\x00\x00\
\x00\x00\x00\x00\x00\x00\x00\x00\x00\x00\x00\x00\x00\x00\x00\x00\
\x00\x00\x00\x00\x00\x00\x00\x00\x00\x00\x00\x00\x00\x00\x00\x00\
\x00\x00\x00\x00\x00\x00\x00\x00\x00\x00\x00\x00\x00\x00\x00\x00\
\x00\x00\x00\x00\x00\x00\x00\x00\x00\x00\x00\x00\x00\x00\x00\x00\
\x00\x00\x00\x00\x00\x00\x00\x00\x00\x00\x00\x00\x00\x00\x00\x00\
\x00\x00\x00\x00\x00\x00\x00\x00\x00\x00\x00\x00\x00\x00\x00\x00\
\x00\x00\x00\x00\x00\x00\x00\x00\x00\x00\x27\xf1\xff\x52\x99\xa8\
\xe5\x63\xe2\x6e\xeb\x00\x00\x00\x00\x49\x45\x4e\x44\xae\x42\x60\
\x82\
\x00\x00\x57\x56\
\x89\
\x50\x4e\x47\x0d\x0a\x1a\x0a\x00\x00\x00\x0d\x49\x48\x44\x52\x00\
\x00\x02\x00\x00\x00\x02\x00\x08\x06\x00\x00\x00\xf4\x78\xd4\xfa\
\x00\x00\x00\x04\x73\x42\x49\x54\x08\x08\x08\x08\x7c\x08\x64\x88\
\x00\x00\x00\x09\x70\x48\x59\x73\x00\x00\x0b\x13\x00\x00\x0b\x13\
\x01\x00\x9a\x9c\x18\x00\x00\x00\x19\x74\x45\x58\x74\x53\x6f\x66\
\x74\x77\x61\x72\x65\x00\x77\x77\x77\x2e\x69\x6e\x6b\x73\x63\x61\
\x70\x65\x2e\x6f\x72\x67\x9b\xee\x3c\x1a\x00\x00\x20\x00\x49\x44\
\x41\x54\x78\x9c\xec\xdd\x77\x9c\x55\xd5\xb9\xff\xf1\xcf\x39\x73\
\xa6\x17\x66\x18\x18\x86\x2a\x1d\x14\xac\x88\x28\x16\xec\x1a\xbb\
\x46\x89\xd8\x88\x89\x89\x46\xa3\xde\x24\xde\x68\x92\x1b\x13\x6f\
\x4c\xf3\xc6\x5f\xf4\x6a\x72\xa3\x46\x63\x89\x46\x23\x16\x2c\xb1\
\xf7\x1e\xc4\x8a\x22\xbd\x77\x66\x60\x7a\x3d\xe7\xfc\xfe\x58\x20\
\x08\x33\xcc\x99\xbd\x76\x3b\x67\xbe\xef\xd7\x6b\x5e\xa3\x38\x6b\
\xed\x47\x60\x9f\xfd\xec\x55\x9e\x15\x41\xd2\x4d\x0e\x30\x18\x18\
\xb6\xe5\x7b\x39\xd0\x67\xcb\x57\xf9\x76\xdf\x73\x81\x28\xd0\x6b\
\x4b\xbb\x5c\xa0\xc0\xef\x60\xc5\x33\x71\x60\x3d\xf0\x3e\xf0\x0f\
\xe0\x21\x20\xe1\xd3\xb5\xa3\xc0\xd9\xc0\x34\x60\x02\x50\x01\x64\
\xf9\x74\x6d\xf1\x5e\x23\xd0\xb2\xe5\x9f\x6b\x30\x7f\xaf\x5a\x80\
\x8d\x40\xd5\x96\xaf\x8d\xdb\x7d\xad\x00\x96\x02\xcb\x81\x36\x9f\
\x63\x15\x0b\x91\xa0\x03\x90\x4e\x0d\x06\xf6\x02\xf6\x04\x76\xc7\
\x3c\xf0\x87\x02\x03\x31\x1f\xc0\x22\xdb\xfb\x00\x38\x0b\x58\xec\
\xf1\x75\x46\x00\x33\x80\x7d\x3c\xbe\x8e\xa4\x9f\x38\xb0\x0a\x93\
\x0c\x2c\x01\xbe\x00\x3e\x01\x3e\xc5\x24\x09\x12\x32\x4a\x00\xc2\
\x61\x24\x30\x19\xd8\x1f\xf3\xd0\xdf\x0b\x28\x0b\x34\x22\x49\x47\
\x1b\x80\x03\xf1\x2e\x09\x18\x01\xbc\x03\xf4\xf5\xa8\x7f\xc9\x5c\
\x9b\x80\x8f\x31\xc9\xc0\x2c\xe0\x6d\x60\x51\xa0\x11\x89\x12\x80\
\x00\x64\x63\x86\x4d\x27\x03\x87\x00\x07\x01\x95\x81\x46\x24\x99\
\xe4\x03\x60\x22\xee\x4f\x07\x64\x61\xa6\x1b\xf4\xe6\x2f\x6e\x59\
\x8b\x49\x04\xde\xdc\xf2\x7d\x36\xd0\x1e\x68\x44\x3d\x8c\x12\x00\
\x7f\x0c\x02\x8e\xdf\xf2\x75\x0c\x50\x12\x6c\x38\x92\xe1\xa6\x01\
\x0f\xba\xdc\xe7\x39\xc0\xfd\x2e\xf7\x29\xb2\xbd\x1a\xe0\x05\xe0\
\x59\xe0\x19\x60\x75\xb0\xe1\x64\x3e\x25\x00\xde\x88\x00\x93\x80\
\xd3\x31\x0f\xfd\xbd\x82\x0d\x47\x7a\x98\x27\x80\x53\x5d\xee\xf3\
\x49\xe0\x24\x97\xfb\x14\xd9\x95\x8f\x31\xc9\xc0\xa3\x98\x69\x83\
\x64\xb0\xe1\x64\x1e\x25\x00\xee\x1a\x87\x59\x88\x75\x2e\x66\x5e\
\x5f\x24\x08\xab\x31\x8b\x45\xdd\xb4\x06\x4d\x55\x49\x70\x96\x03\
\x8f\x03\x0f\x03\x6f\xa1\x64\xc0\x15\x4a\x00\xec\x8d\x04\x2e\x04\
\xbe\x81\x59\x24\x25\x12\xac\x68\x56\x3b\x57\x2d\xfc\x2f\x57\xfb\
\xfc\x9f\x11\xbf\x26\x99\xd0\x56\x3f\x09\x83\x85\x98\x29\xae\xbb\
\xd1\x42\x42\x2b\x4a\x00\x9c\xc9\xc1\x0c\xb1\x7e\x17\x38\x0a\xfd\
\x3e\x4a\x98\x14\x55\xc2\xa5\x6f\xbb\xdb\xe7\x9f\x0f\x84\xfa\xf5\
\xee\xf6\x29\x62\x6f\x36\x70\x3b\x70\x1f\xd0\x14\x70\x2c\x69\x47\
\xfb\xc9\xbb\x67\x34\x70\x23\x66\xaf\xeb\x3f\x81\xa3\xd1\xc3\x5f\
\xc2\xa6\xff\x9e\xee\xf7\x59\xe9\x41\x9f\x22\xf6\x26\x00\xb7\x01\
\xcb\x80\x3f\x00\xa3\x82\x0d\x27\xbd\x28\x01\x48\xcd\xa1\xc0\x4c\
\x60\x2e\xf0\x43\x4c\xb5\x3d\x91\x70\xda\xfd\x64\x0f\xfa\x3c\xc5\
\xfd\x3e\x45\xdc\xd3\x17\xf8\x11\xa6\xf8\xd0\x63\x98\x2d\xd6\xd2\
\x05\x25\x00\x9d\xcb\x02\xa6\x02\xef\x01\xaf\x03\xa7\xa0\xdf\x2f\
\x09\xbb\xca\x3d\x61\xcc\x09\xee\xf7\x3b\xf6\x44\xe8\x37\xde\xfd\
\x7e\x45\xdc\x15\x05\x4e\x03\xde\xc0\x14\xad\x3a\x13\x95\xa9\xee\
\x94\x1e\x68\x3b\x8b\x01\xdf\x06\x16\x60\xea\xab\x1f\x10\x6c\x38\
\x22\x29\x2a\x28\x87\x53\xff\x04\x11\x0f\x6e\xeb\x48\x14\x4e\xbd\
\xd5\x5c\x43\x24\x3d\x1c\x88\xd9\x35\x30\x0f\xf8\x26\xe6\xb3\x5d\
\xb6\xa3\xcc\x68\x9b\x2c\xcc\xf6\xbd\x87\x31\x7f\x59\x54\x8a\x57\
\xd2\x47\xe5\x9e\x30\xf5\x1e\xe8\x35\xd8\xbb\x6b\xe4\xf5\x82\xd1\
\xc7\xc3\xca\xf7\xa1\x41\x0b\x02\x25\x6d\xf4\xc6\x8c\x0a\x9c\x0d\
\x54\x03\x9f\xa1\x6d\x84\x80\x16\xb0\x81\xf9\x3d\x38\x13\xf8\x25\
\xb0\x47\xb0\xa1\x88\xa4\x28\x92\x05\x85\x7d\xa0\xff\x5e\x66\xce\
\x7f\xcc\x09\xde\xbc\xf9\x77\x24\x99\x80\x2f\x9e\x86\xb9\x4f\xc2\
\xda\x4f\xa1\x61\x23\x24\xe3\xfe\x5c\x5b\xc4\xde\x67\xc0\x2f\x30\
\x05\x86\x7a\x74\x22\xd0\xd3\x13\x80\x83\x80\x9b\x31\xb5\xd3\xd3\
\x47\x56\x0e\xf4\x1a\x08\x25\x83\xa0\x74\x30\x14\xf4\x81\xfc\x52\
\xc8\xef\xbd\xed\x7b\x5e\x09\x44\xb3\x20\xa7\x68\x5b\x9b\xec\xfc\
\x60\xe3\x16\x91\xf0\x6b\x6b\x82\xf6\x26\x68\xa9\x81\xcd\xab\xcc\
\xbf\xb7\xd6\x41\x4b\x1d\x34\xd7\x9a\xef\x2d\x75\xd0\xbc\xc9\x6c\
\x0d\xad\x5f\x0f\x0d\x1b\x20\x9e\x76\x27\x01\xbf\x07\x5c\xb9\xe5\
\x7b\x8f\xd4\x53\x13\x80\x41\xc0\xef\x31\x35\xd3\xc3\xfb\x7b\x90\
\x5b\x0c\x7d\xc7\x42\xdf\x31\xe6\x7b\x9f\x51\x50\x3a\x04\x8a\x2a\
\x08\x73\xd8\x22\x92\x41\x5a\x1b\xa0\xa9\x0a\x9a\x6b\x20\xd9\xd9\
\x0b\x73\x12\x1a\xab\xa1\x7e\x1d\x6c\x5e\x01\x9b\x96\xc0\xa6\x65\
\xb0\x79\x19\xb4\x36\xfa\x1a\x6e\x37\x25\x81\xbf\x03\x3f\xc1\x6c\
\xef\xee\x51\x7a\xda\x53\xa4\x00\xf8\x4f\xe0\xc7\x5b\xfe\x39\x3c\
\xa2\x31\xb3\xca\x7a\xe0\x7e\x30\x68\x7f\x33\xa7\x5b\xe2\x76\x35\
\x57\x11\x11\x87\xe2\xed\x26\x11\x68\xa8\x82\x64\x37\x0e\xed\xab\
\x5f\x0f\x55\x0b\x61\xfd\x5c\xd8\xf0\x05\x54\x2d\x0e\xe3\x94\x51\
\x03\xf0\x3b\x4c\x9d\x97\x1e\x53\x50\xa8\x27\x25\x00\x47\x63\x0a\
\x46\x0c\x0f\x3a\x10\xc0\xcc\xe1\xf6\xdf\x1b\x86\x1f\x06\x83\x27\
\x41\xe5\x5e\x1a\xa2\x17\x91\xf0\x4b\x24\xa0\x65\x93\x59\xfb\xd1\
\xde\xd2\xfd\xf6\xed\x2d\xb0\x71\x01\xac\x9b\x03\xab\x3e\x30\xc9\
\x41\xd2\xed\xd3\xab\x1d\x5b\x88\xa9\xf0\xfa\x4a\xd0\x81\xf8\xa1\
\x27\x24\x00\xbd\x31\x59\xdd\x74\x82\xfe\xff\x2d\x28\x87\x61\x53\
\x60\xf8\x14\x18\x7a\x08\xe4\x6b\xa3\x81\x88\xa4\xab\xa4\x59\x13\
\x50\xb7\x06\xe2\xad\xce\xbb\x69\xa9\x85\xd5\x1f\x99\x64\x60\xf5\
\x07\xa6\xcf\x60\x25\x81\xbb\x30\xa3\xc5\x9b\x02\x8e\xc5\x53\x99\
\x9e\x00\x9c\x0c\xfc\x1f\xee\x9f\x8c\x96\xba\xbc\x5e\x30\xe2\x48\
\xb3\x4a\x7b\xf8\x14\x33\xd4\x2f\x22\x92\x31\x92\xd0\xb4\xd9\xcc\
\xff\xdb\x24\x02\x60\xd6\x18\x6c\xf8\x02\x96\xbd\x05\x4b\xde\x84\
\xe6\xcd\xee\x84\xe8\xcc\x3a\xcc\x74\xf1\xbd\x41\x06\xe1\xa5\x4c\
\x4d\x00\xca\x31\x07\x44\x9c\x11\xc8\xd5\xb3\x0b\xcc\x03\x7f\xf7\
\x93\x60\xb7\x83\xcd\x6a\x7c\x11\x91\x4c\x96\x4c\x42\xe3\x46\xb3\
\x23\x20\xd1\x8d\x35\x02\x9d\x49\xc4\x61\xcd\xc7\xb0\xf4\x4d\x93\
\x10\x38\x99\x6e\x70\xc7\xc3\xc0\x25\x98\x1a\x02\x19\x25\x13\x13\
\x80\x23\x31\x19\x9b\xff\x6f\xfd\xe5\xa3\x60\xfc\xe9\xb0\xf7\xd9\
\x90\x57\xea\xfb\xe5\x45\x44\x02\x97\x88\x9b\x24\xa0\x71\xc3\x2e\
\x76\x0d\x74\x53\x5b\xa3\x19\x11\x98\xff\x1c\x54\x07\x72\x02\xf0\
\x5a\xcc\xb1\xef\xcf\x06\x71\x71\xaf\x64\x52\x02\x90\x0b\xfc\x1a\
\x73\x58\x8f\x7f\xff\x5f\xb1\x5c\x18\x77\x3a\xec\x7d\x0e\x54\xaa\
\x56\xba\x88\x08\x60\xde\xd8\xeb\xd6\x98\x39\x7e\x37\x55\x2d\x34\
\x89\xc0\xe2\xd7\xec\xa7\x1c\xba\x27\x01\xfc\x0f\x70\x2d\xe0\xeb\
\x85\xbd\x92\x29\x09\xc0\x58\xe0\x1f\xc0\x3e\xbe\x5d\xb1\xa0\x37\
\xec\x7b\x3e\xec\x7b\x9e\xea\xa3\x8b\x88\x74\xa6\xb9\x16\xea\x56\
\xb9\x5f\x28\xa8\xb9\xc6\x54\xa4\x9c\xf7\xac\xfb\x49\xc6\xae\xcd\
\xc6\xd4\x90\x59\xe0\xe7\x45\xbd\x90\x09\x09\xc0\x19\xc0\xdf\x80\
\x12\x5f\xae\x56\xb6\x1b\x4c\xfc\x0e\x8c\x3f\x03\x62\x79\xbe\x5c\
\x52\x44\x24\xad\x25\x13\xdb\x2a\x06\xba\x5d\x7d\xb7\xbd\x05\x16\
\xbd\x02\x9f\x3f\x06\x75\xeb\xdc\xed\xbb\x73\x35\xc0\x05\xc0\x13\
\x7e\x5d\xd0\x0b\xe9\x9c\x00\x64\x01\x3f\xdf\xf2\xe5\x7d\x11\xf4\
\x92\x01\x70\xd0\x65\xb0\xe7\x54\x2d\xea\x13\x11\x71\xa2\xad\x09\
\x6a\x57\x9a\xef\x6e\x4b\xc4\x61\xc9\xeb\xf0\xc9\x43\x50\xb7\xd6\
\xfd\xfe\x77\x96\x04\x6e\x00\x7e\x06\x84\xae\xb2\x51\x2a\xd2\x35\
\x01\x28\x07\x1e\x00\x8e\xf5\xfc\x4a\xc5\x95\x70\xc0\x77\xcc\x1c\
\x7f\x2c\xd7\xf3\xcb\x89\x88\x64\xb4\x64\xd2\x9c\x26\xd9\xb0\xce\
\x9b\xa3\x78\x12\x71\x58\xf8\x92\x49\x04\x1a\xab\x3c\xb8\xc0\x4e\
\x5e\xc1\x9c\x34\x98\x76\x47\x64\xa6\x63\x02\x30\x1e\x78\x0a\xd8\
\xcd\xd3\xab\xe4\x14\x9a\x37\xfe\x09\x17\xea\xc1\x2f\x22\xe2\xb6\
\xb6\x46\xa8\x59\x0e\xed\x1e\xad\xa7\x8b\xb7\xc2\xe7\x4f\xc0\xa7\
\x33\xa0\xbd\xd9\x9b\x6b\x6c\xb3\x04\x38\x09\xf8\xdc\xeb\x0b\xb9\
\x29\xdd\x12\x80\xa3\x80\x47\x80\x5e\xde\x5d\x22\x02\xe3\x4e\x83\
\xc3\xaf\x81\xc2\xbe\xde\x5d\x46\x44\xa4\xa7\x4b\x26\xa0\x76\x8d\
\x39\x63\xc0\x2b\x4d\x9b\xe0\xe3\x7f\xc0\x82\x17\xdc\xdb\x96\xd8\
\xb1\x3a\x60\x2a\x69\xb4\x55\x30\x9d\x26\xb3\xbf\x05\x3c\x88\x97\
\x87\xf8\x0c\xdc\x0f\x4e\xbf\x0d\xf6\x3b\xdf\x8c\x00\x88\x88\x88\
\x77\x22\x11\x73\x74\x79\x56\xae\x39\x72\xd8\x8b\x39\x81\xec\x7c\
\x18\x34\x11\x06\x4e\x80\xcd\xcb\xbd\x9c\x16\xc8\xc5\x24\x00\x2b\
\x80\x8f\xbd\xba\x88\x9b\xd2\x21\x01\x88\x00\xbf\x04\xfe\x1f\x5e\
\xc5\x9b\x53\x04\x87\x5f\x0d\xc7\xfe\x1a\x8a\xfb\x79\x72\x09\x11\
\x11\xe9\x44\x76\x9e\x29\x9b\xde\xda\xe0\x4e\x15\xc1\x8e\x14\x94\
\xc3\xa8\xa3\x21\xbf\xdc\x1c\x44\xe4\xcd\x75\xb2\x80\xd3\x30\x67\
\xd0\x3c\xe7\xc5\x05\xdc\x14\xf6\x04\x20\x0b\xb3\xc5\xef\x4a\xcf\
\xae\x30\xf2\x28\x38\xf3\x6f\x30\xf4\x50\x93\x8d\x8a\x88\x88\xff\
\xa2\x31\xc8\x2b\x83\x78\x8b\x87\x65\x7f\x23\x50\x3e\xc2\x9c\xcb\
\x52\xb7\x06\x6a\x57\x7b\x74\x1d\x26\x01\x83\x81\xa7\xf1\x66\xa9\
\xa3\x2b\xc2\xfc\xc4\xcb\x01\xee\x07\xce\xf4\xa4\xf7\xfc\x32\x38\
\xe6\x3a\x18\x7b\x92\x27\xdd\x8b\x88\x88\x43\x4d\x55\x50\xb3\x1a\
\xcf\x9f\x9d\x4b\x5e\x87\x7f\xdf\x01\x2d\x75\x5e\x5d\xe1\x21\xe0\
\x7c\xc0\xe5\x2a\x48\xee\x08\xeb\x08\x40\x2e\xe6\x37\xce\x9b\xc3\
\x7c\x76\x9b\x0c\x53\xef\x81\x01\xfb\x79\xd2\xbd\x88\x88\x58\xc8\
\x2e\x30\x5f\x2d\xb5\x78\x9a\x04\x94\xed\x06\x23\x8f\x34\x6b\x03\
\xea\xd6\x78\x71\x85\xf1\xc0\x7e\xc0\x63\x80\x47\x73\x1b\xce\x85\
\x71\x04\xa0\x10\xf3\x9b\x75\x8c\xeb\x3d\x67\xe5\xc0\x21\xff\x01\
\x07\x7c\x17\x22\xde\xd7\x0e\x12\x11\x11\x0b\xed\xcd\xb0\x69\x89\
\xfb\x65\x84\x77\x92\x84\xb9\x4f\xc1\x07\xf7\x7a\x75\xad\xd7\x30\
\xc7\xd3\x7b\x36\xd4\xe0\x44\xd8\x12\x80\x42\xcc\xc2\x89\x83\x5d\
\xef\xb9\x7c\x24\x9c\xf2\xbf\xd0\x77\xac\xeb\x5d\x8b\x88\x88\x47\
\xe2\x6d\xb0\x79\xa9\x37\xd5\x03\x77\x54\xbd\x18\x5e\xbf\x11\x6a\
\x57\x79\xd1\xfb\x9b\xc0\xf1\x40\x83\x17\x9d\x3b\x11\xa6\x29\x80\
\x1c\xcc\x9b\xff\x91\xae\xf7\x3c\xf2\x68\x38\xf3\x4e\x28\xf1\xff\
\x84\x60\x11\x11\xb1\x10\xcd\x32\x6b\xb6\xda\x9a\xbc\x3f\xfd\x2f\
\xbf\x0c\x46\x1c\x69\xa6\x03\x6a\x56\xb8\xdd\xfb\x10\xe0\x40\xe0\
\x9f\x84\x64\x3a\x20\x2c\x09\x40\x36\xf0\x28\x70\x82\xab\xbd\x46\
\xb2\x60\xca\x7f\xc2\x31\xbf\x54\x35\x3f\x11\x91\x74\x15\x89\x40\
\x7e\xa9\xa9\x1a\xe8\x75\x55\xbf\xac\x6c\x18\x3a\xd9\xd4\x26\x58\
\xfb\x29\x2e\xaf\x41\x18\x06\x4c\x04\x1e\x26\x04\xe7\x07\x84\x21\
\x01\x88\x61\x8e\xf2\x3d\xcd\xd5\x5e\x0b\x7a\xc3\x19\x77\xc0\xb8\
\xd3\x09\xdf\x4c\x87\x88\x88\x74\xcf\x96\xa2\x41\xf1\x36\x1f\x4a\
\xfb\x46\xa0\x62\x77\xe8\x3b\x06\x56\xcd\x76\x7b\xe4\x61\x24\x30\
\x1a\x33\xe2\x1d\xe8\x16\xc1\xa0\x13\x80\x08\x66\x9f\xff\x34\x57\
\x7b\x2d\x1f\x01\x67\x3f\x00\x95\xe3\x5d\xed\x56\x44\x44\x82\x14\
\x31\x05\x83\x92\x09\x73\x96\x80\xd7\x8a\x2b\x61\xb7\x83\x60\xf5\
\x87\x6e\x6f\x15\x1c\x87\xa9\x13\x10\xe8\x71\xc2\x41\x27\x00\xbf\
\x06\xbe\xef\x6a\x8f\x03\xf7\x83\xa9\xf7\x99\x3f\x38\x11\x11\xc9\
\x3c\xb9\xc5\xfe\x25\x01\xb9\xc5\x30\x6c\x0a\x6c\x9c\x07\x0d\x1b\
\xdc\xec\x79\xdf\x2d\xdf\x5f\x75\xb3\xd3\xee\x08\x32\x01\xf8\x16\
\xf0\x07\x57\x7b\x1c\x73\x82\xa9\xe5\x9f\x5b\xe4\x6a\xb7\x22\x22\
\x12\x32\x7e\x26\x01\xb1\x1c\x18\x76\x98\x39\xc6\x78\xd3\x32\x37\
\x7b\x9e\x02\x2c\x03\x3e\x72\xb3\xd3\x54\x05\x95\x00\x1c\x0b\x3c\
\xe0\xea\xf5\x27\x5d\x02\xc7\x5d\x6f\xca\x49\x8a\x88\x48\xe6\xcb\
\x2d\x86\x78\x3b\xb4\xfb\xb0\x45\x30\x9a\x05\x43\x0e\x84\xb6\x66\
\xd8\x30\xcf\xad\x5e\x23\x98\xc5\xef\x6f\x63\x8e\x14\xf6\x55\x10\
\x09\xc0\x1e\xc0\x33\x98\x3d\xff\xee\x98\x74\x09\x4c\xf9\x31\x5a\
\xec\x27\x22\xd2\xc3\xe4\x15\xfb\xb3\x3b\x00\x80\x08\x0c\xd8\xd7\
\x14\x95\x5b\xe3\xda\x81\x7f\x59\xc0\xe9\x98\x73\x03\xd6\xbb\xd5\
\x69\xaa\x17\xf6\x53\x1f\x4c\x45\x24\x97\x26\xe8\x23\x70\xe4\x7f\
\xc1\x64\x77\x97\x11\x88\x88\x48\xba\xd8\xb2\x3b\xa0\xad\xd9\x1c\
\x24\xe4\x87\x8a\xdd\x21\x96\xe7\x66\x12\x90\x8b\x29\x12\x74\x1f\
\xe0\xc3\x70\x86\xe1\x67\x02\x90\x05\x3c\x8e\xa9\x8b\x6c\x2f\x12\
\x85\x63\x7f\x05\xfb\x5d\xe0\x4a\x77\x22\x22\x92\xae\xb6\x24\x01\
\xad\xf5\x90\xf0\xe9\xdc\x9d\x8a\xb1\x90\x57\x0a\xab\x67\xbb\xd5\
\x63\x19\xb0\x37\x66\x5b\xbc\x2f\xdb\x03\xfd\x4c\x00\x7e\x0b\xb8\
\xf4\xb4\x8e\xc0\xb1\xff\x0d\xfb\x9c\xeb\x4e\x77\x22\x22\x92\xde\
\x22\x5b\x92\x80\x96\x1a\x48\xf8\x54\x63\xa7\xcf\x48\x28\xec\x03\
\x2b\x66\xb9\xd5\xe3\x48\xcc\x73\xf9\x15\xb7\x3a\xdc\x15\xbf\x12\
\x80\x53\x81\x5b\x70\x6b\x92\xfe\xf0\x6b\x60\xc2\x85\xae\x74\x25\
\x22\x22\x19\x22\x12\x85\x9c\x22\x68\xde\x0c\x49\x9f\x6a\xec\xf4\
\x1e\x0e\x39\x85\xa6\x56\x80\x3b\x0e\x05\xe6\x00\x73\xdd\xea\xb0\
\x33\x7e\x24\x00\x63\x31\x8b\xfe\xdc\xa9\xc5\x7b\xe8\x0f\xe1\xc0\
\xef\xb9\xd2\x95\x88\x88\x64\x98\x68\xcc\x1c\x25\xdc\xbc\xd9\xbf\
\x6b\xf6\x1d\x63\xbe\xaf\x9b\xe3\x46\x6f\x11\xe0\x38\xe0\x11\xa0\
\xda\x8d\x0e\x3b\xe3\x75\x02\x90\x8b\x39\xdd\x6f\x88\x2b\xbd\x4d\
\xba\x04\x0e\xf9\x81\x2b\x5d\x89\x88\x48\x86\xca\xca\x81\x48\x0c\
\x5a\x7d\x3c\x7d\xb7\x72\xbc\x39\xb0\xc8\x9d\x2d\x82\x79\xc0\x64\
\xe0\x6e\x3c\x3c\x33\xc0\xeb\x04\xe0\x06\xcc\xf6\x06\x7b\x63\x4f\
\x82\xe3\x7e\x85\xb6\xfa\x89\x88\x48\x97\x72\x0a\x4c\x0d\x7f\x5f\
\xb6\x07\x6e\x31\x60\x1f\xa8\x5b\xeb\x56\xb1\xa0\x01\x98\x83\xf2\
\x5e\x72\xa3\xb3\x8e\x78\x99\x00\x1c\x03\xdc\x8a\x1b\x4f\xec\x41\
\x13\xe1\xf4\xbf\xa8\xc8\x8f\x88\x88\xa4\x2e\xb7\xc4\x8c\x02\x24\
\xfc\x3a\x7d\x37\x62\x9e\x57\xeb\xe7\x42\xbd\x2b\x5b\xfa\x27\x03\
\x6f\xe2\x51\x91\x20\xaf\x5e\xa7\xcb\x80\x8f\x31\x87\x1d\xd8\x29\
\x1f\x01\xe7\x3e\x6c\xb6\x5b\x88\x88\x88\x74\x47\xbc\x15\xaa\x16\
\xf8\xb7\x33\x00\xcc\xc1\x41\xcf\x5c\x0d\xb5\xab\xdd\xe8\x6d\x15\
\x66\x7b\x60\x95\x1b\x9d\x6d\xcf\xab\x11\x80\x07\x80\x49\xd6\xbd\
\x14\xf4\x36\xa7\xfa\x15\xf5\xb3\x8f\x48\x44\x44\x7a\x9e\x68\x16\
\xc4\xf2\xfd\x5d\x14\x18\xcb\x35\x07\xd3\x2d\x79\xdd\x8d\xa3\x84\
\x4b\x80\x61\xc0\xc3\xf6\x81\x7d\x95\x17\x09\xc0\x37\x80\x9f\x5b\
\xf7\x12\xc9\x82\xd3\xff\x0f\x2a\xf7\xb2\x8f\x48\x44\x44\x7a\xae\
\x58\x2e\x24\xdb\xcd\x22\x3d\xbf\xe4\x16\x43\xf9\x48\x58\xf2\x1a\
\x2e\xd4\xf5\x19\x07\x7c\x8a\xcb\x5b\x03\xdd\x4e\x00\x7a\x03\x4f\
\x01\xf6\xc7\xf1\x1d\x7e\x0d\x8c\x73\x67\xfd\xa0\x88\x88\xf4\x70\
\x39\xc5\xd0\x52\xeb\xe3\x7a\x00\xa0\xb8\x9f\x19\x81\x58\xfb\x89\
\x1b\xbd\x4d\x01\xee\x02\x5c\x5b\xd5\xe8\x76\x02\xf0\x7f\xc0\xc1\
\xd6\xbd\x8c\x3a\x16\x8e\xbe\x16\xad\xf8\x17\x11\x11\x57\x44\x22\
\xa6\x48\x50\x93\xa7\x5b\xeb\x77\xd6\x6f\x77\xd8\xbc\x02\x6a\x56\
\xd8\xf6\x54\x84\x59\x5f\xf7\x94\x7d\x50\x86\x9b\x09\xc0\x31\xc0\
\x1f\xb0\x7d\x6a\x97\x8f\x82\x33\xef\x32\xfb\x38\x45\x44\x44\xdc\
\x12\x8d\x99\x37\xf2\x16\x1f\xeb\x03\x10\x81\x81\xfb\xc2\xf2\x77\
\xdc\xb8\xee\x7e\x98\x03\xf5\x96\x5a\x87\x05\x44\xdd\xe8\x04\x28\
\x00\xfe\x82\xed\xc3\x3f\x2b\x07\x4e\xb9\xd9\x94\x55\x14\x11\x11\
\x71\x5b\x41\xb9\xff\xcf\x98\xec\x02\x38\xec\x47\x6e\x6c\x65\x8f\
\x00\xb7\x61\x0a\x05\x59\x73\x6b\x04\xe0\x67\xb8\x51\xf0\xe7\x88\
\x9f\xc0\xa8\x63\xec\xa3\x11\x11\x11\xe9\x50\x04\xb2\x0b\xfd\x9f\
\x0a\xc8\xef\x0d\xd1\x6c\x37\x8e\x10\x2e\xc7\x1c\x19\xfc\x86\x6d\
\x47\x6e\x4c\xb2\x0f\x02\xbe\x00\xec\x52\xaa\xa1\x87\xc0\xd4\x7b\
\x5c\x0a\x49\xa4\x87\x89\xb7\xc1\xe6\xa5\x50\xbd\x18\xaa\x96\xc0\
\xa6\xc5\xd0\x58\x0d\x4d\x9b\xcc\x57\x32\x61\x86\x1f\x93\x09\xf3\
\xf3\x39\x45\x66\x28\x34\xaf\xc4\x7c\x30\xe5\x97\x42\xaf\x21\xa6\
\xee\x46\xef\xe1\xd0\x7b\x98\xf9\x19\x91\x4c\x55\xbf\xce\x7c\xf9\
\x29\x99\x84\x17\x7f\x01\x6b\xac\x17\x05\xd6\x03\x63\x00\xab\x42\
\x03\x6e\x3c\x6d\x1f\x00\xa6\x59\xf5\x90\x5f\x06\x17\xfe\x4b\xfb\
\xfd\x45\x52\x92\x84\x0d\xf3\xcd\x9c\xe2\xf2\x77\x61\xc3\x17\x50\
\xb3\x0a\x92\x2e\x17\x3a\x29\xaa\x30\x09\xc1\xa0\x03\x60\xc8\x41\
\xa6\xcc\xa9\xd6\xe6\x48\xa6\x48\x26\xa1\x6a\x3e\xb4\xb7\xf8\x7b\
\xdd\xc6\x2a\x78\xf2\x3f\xdc\x58\x0f\x70\x0f\xf0\x4d\x9b\x0e\x6c\
\x13\x80\xad\x65\x0a\xed\xfa\x39\xe5\x7f\x4d\xad\x7f\x11\xe9\x58\
\xfd\x5a\x58\xf8\x92\x79\xe0\x2f\x7f\xd7\x7c\x88\xf8\x2d\x3b\x1f\
\x06\x4e\x30\xc9\xc0\xf0\x29\x50\xb1\x87\xff\x31\x88\xb8\xa9\xb5\
\x11\xaa\x17\xfa\x7f\xdd\xc5\xaf\xc1\x9b\x7f\xb4\xed\x25\x09\x1c\
\x08\xfc\xdb\x69\x07\x36\x0f\xee\x28\xf0\x2e\x30\xd1\xa2\x0f\x18\
\x79\x14\x9c\x71\x87\x55\x17\x22\x19\xa9\xbd\x05\x16\xbd\x04\x73\
\x1e\x35\xc5\x44\xfc\x2c\x65\x9a\x8a\xf2\x51\x30\xf6\x04\x18\xff\
\x75\xe8\x35\x28\xe8\x68\x44\x9c\xa9\x59\x0e\x4d\x3e\x56\x09\xdc\
\xea\xa5\xff\x86\x55\x1f\xd8\xf6\xf2\x0e\x66\xeb\xbd\xa3\x4a\x43\
\x36\x09\xc0\x54\xe0\x21\x8b\xf6\x66\x8e\xf1\xdb\xcf\x41\x71\x7f\
\xab\x6e\x44\x32\xca\xca\x59\xf0\xc9\xc3\x30\xff\x19\x68\x6d\x08\
\x3a\x9a\xae\x45\xb2\x60\xe8\xc1\x30\xee\x0c\x93\x10\xe8\xd0\x2e\
\x49\x27\x89\x36\xd8\x38\x0f\x12\x09\x7f\xaf\xdb\xb0\x01\x9e\xb8\
\xc2\x8d\xea\x84\x67\x00\x8f\x39\x69\xe8\x34\x01\xc8\xc2\x94\x25\
\xdc\xdd\x61\x7b\xe3\x98\x5f\xc1\xbe\xe7\x5a\x75\x21\x92\x31\x56\
\xbe\x0f\x6f\xfd\x11\x96\xbd\x13\x74\x24\xce\x95\x0c\x80\x89\xdf\
\x86\xbd\xa7\x41\xcc\x95\x9d\x4a\x22\xde\x6b\x58\x6f\x8e\xf1\xf5\
\xdb\xdc\xa7\x60\xd6\x5f\x6d\x7b\xf9\x0c\xd8\x0b\xe8\x76\x06\xe3\
\x74\x1b\xe0\x79\xc0\x77\x1d\xb6\x35\x06\xee\x07\xc7\xfc\xb7\xa9\
\xce\x24\xd2\x53\x25\x13\xb0\xe8\x65\x78\xfa\x87\xf0\xce\xad\x50\
\xb3\x32\xe8\x88\xec\xb4\xd4\x99\x03\x50\x3e\x7e\xd0\xbc\xd9\xf4\
\x1b\x67\xea\xb0\x8b\x84\x59\x76\x81\x39\x2c\xc8\xed\x85\xb4\x5d\
\xe9\x33\x0a\x56\x7f\x60\x76\xec\x38\x57\x01\xcc\x03\xe6\x74\xb7\
\xa1\x93\xa7\x6f\x16\x26\xe3\x18\xe3\xa0\xed\x96\xab\x46\xe1\xbc\
\x47\xa1\xbf\x0e\xfa\x91\x1e\x6c\xd9\x3b\xf0\xd2\x2f\x61\xe3\x82\
\xa0\x23\xf1\x4e\x7e\x19\x1c\xfc\x1f\xb0\xef\x39\x66\xaa\x40\x24\
\xac\x9a\x37\xc3\xe6\xe5\xfe\x5f\x77\xe3\x7c\xf8\xd7\xd5\x58\x1e\
\x18\xb4\x00\xd8\x03\xe8\xd6\x41\x07\x4e\xee\xc8\x6f\x03\x17\x3a\
\x68\xb7\xcd\x9e\x67\xc2\xbe\xe7\x59\x75\x21\x92\xb6\x1a\x36\xc0\
\x0b\xd7\xc2\x2b\xbf\x09\x66\x35\xbf\x9f\xda\x9b\x61\xf1\xab\x66\
\x07\x43\xc5\x58\xad\xf7\x91\xf0\x8a\xe5\x9a\x11\x2c\x3f\x0f\x0b\
\x02\x53\x99\xb0\x6e\x0d\x6c\x5a\x66\xd3\x4b\x39\xb0\x18\xe8\x56\
\x95\xa1\xee\x8e\x00\xc4\x80\xf9\x98\xb3\x89\x9d\xc9\x29\x84\xef\
\xbc\x0c\x85\x7d\x1d\x77\x21\x92\x96\x92\x09\xf8\xe4\x21\x78\xf5\
\x77\x3e\xd7\x22\x0f\x8b\x08\x8c\x3b\x0d\x8e\xfc\x2f\x33\x32\x20\
\x12\x36\x2d\x35\xb6\x0f\x62\x67\x1a\xab\xe0\xf1\xcb\x4c\xc2\xec\
\xdc\x42\x60\x2c\x90\xf2\x3c\x46\x77\x47\x00\xa6\x02\x17\x75\xb3\
\xcd\x57\x1d\xf2\x03\x18\x36\xc5\xaa\x0b\x91\xb4\xb3\x69\x19\x3c\
\x3c\xdd\xcc\x8d\xc7\x5b\x83\x8e\x26\x38\x1b\xbe\x80\x39\x8f\x40\
\x9f\xd1\x50\x36\x34\xe8\x68\x44\xbe\x2a\x96\xe7\xff\x91\xc1\x60\
\xd6\x20\x24\x13\xb0\xf6\x53\x9b\x5e\x7a\x03\x9f\x00\x73\x53\x6d\
\xd0\xdd\x04\xe0\x2e\x60\x60\x37\xdb\x6c\x53\x5c\x09\x27\xdd\xa4\
\x6d\x42\xd2\xb3\x2c\x78\x0e\x66\x7c\xdb\x8d\xe3\x40\x33\x43\x5b\
\x13\x7c\xfe\x04\x34\xd7\x98\xed\x83\x11\xb7\xce\x24\x13\x71\x41\
\x56\x8e\x59\x0f\xe0\xb7\xf2\x91\x66\xaa\xcc\x6e\x14\x60\x30\x70\
\x67\xaa\x3f\xdc\x9d\x3b\x6f\x0a\xb6\x45\x7f\x0e\xba\x4c\x2b\x82\
\xa5\xe7\x88\xb7\x9a\x62\x1f\x8f\x7d\xcf\xbc\x55\xc8\x76\x92\x30\
\xfb\x6e\xb8\xff\x4c\x25\x46\x12\x2e\xb9\xc5\xe6\x8d\xdc\x6f\xb1\
\x5c\x53\x54\xcb\xce\x41\x98\xc2\x40\x29\xe9\xce\x08\xc0\x2d\xd8\
\xac\xfc\x2f\x19\x08\x5f\xbb\xc1\x1c\x40\x22\x92\xe9\x36\x2f\x87\
\x7f\x5e\x00\x0b\x5f\x08\x3a\x92\x70\xab\x5f\x07\x9f\xcf\x34\x0b\
\x04\x35\x25\x20\x61\x11\xcd\x32\x23\x54\x7e\xeb\x3d\x0c\x16\xbf\
\x02\x6d\x8d\x36\xbd\x94\x91\x62\x91\xbe\x54\x9f\xc6\xa3\x81\x9b\
\xb1\xa9\x1c\x78\xe4\x7f\x41\xe5\x9e\x8e\x9b\x8b\xa4\x8d\x8d\xf3\
\xe1\xc1\xf3\x60\xd3\x92\xa0\x23\x49\x0f\xed\xcd\xa6\x20\x4a\x71\
\x3f\xe8\x37\x3e\xe8\x68\x44\xcc\xdb\x78\x53\x00\x75\x01\xa2\x59\
\xe6\xda\x2b\xdf\xb7\xe9\x65\x0c\xe6\x90\xbe\x2e\x8b\x0b\xa4\x3a\
\x19\x7f\x31\xdd\x9b\x2e\xf8\xaa\xb2\xdd\x4c\x99\x50\x91\x4c\xb7\
\xe2\x3d\x78\xf4\xbb\x81\xac\xf2\xcf\xce\xce\x66\xe8\xd0\xa1\x8c\
\x1c\x39\x92\xe1\xc3\x87\x33\x72\xe4\x48\x06\x0c\x18\x40\x51\x51\
\x11\x05\x05\x05\x14\x14\x14\x50\x52\x52\x42\x53\x53\x13\x8d\x8d\
\x8d\xd4\xd7\xd7\x53\x5b\x5b\x4b\x75\x75\x35\x8b\x17\x2f\x66\xc1\
\x82\x05\x2c\x5e\xbc\x98\x45\x8b\x16\x51\x5f\x5f\xef\x6f\xf0\xc9\
\x38\x3c\xfb\x53\xf3\xd6\x75\x80\x5d\x8d\x31\x11\x7b\x11\x28\xec\
\x03\xb5\x56\xa7\xed\x3a\x33\xf2\x68\xb3\x50\xb6\x7e\xbd\xd3\x1e\
\xa2\x98\x67\xf6\x7f\x76\xf5\x83\xa9\xbc\xd1\xe7\x00\x2b\x01\xe7\
\xfb\xf6\x8e\xbd\x1e\xf6\x39\xc7\x71\x73\x91\xb4\xb0\xf0\x45\x53\
\xdb\xdb\x6e\x11\x4f\xca\xb2\xb2\xb2\xd8\x67\x9f\x7d\x38\xfa\xe8\
\xa3\x99\x34\x69\x12\x7b\xef\xbd\x37\xf9\xf9\xf9\xd6\xfd\x26\x12\
\x09\x16\x2c\x58\xc0\xac\x59\xb3\x78\xe3\x8d\x37\x78\xed\xb5\xd7\
\xa8\xad\xf5\x71\x0d\xc3\x84\x6f\x9a\x11\x43\x2d\x0e\x94\x20\x25\
\x13\x66\xd7\x8a\xdf\x3b\x02\x00\xbe\x78\x1a\xfe\x6d\x75\x48\xde\
\x46\x60\x10\xb0\xcb\xb3\x8e\x53\x49\x00\xa6\x61\x86\x13\x9c\x29\
\xe8\x0d\x97\xbc\xa9\xba\xe0\x92\xd9\xe6\x3c\x0a\xcf\x5c\xed\xf9\
\x90\x61\x24\x12\x61\xf2\xe4\xc9\x9c\x7f\xfe\xf9\x4c\x9d\x3a\x95\
\xb2\xb2\x6d\xfb\xe9\x93\xc9\x24\x35\x35\x35\x34\x35\x59\x1f\x2e\
\xf2\x15\x6d\x6d\x6d\xbc\xf2\xca\x2b\xcc\x98\x31\x83\xe7\x9f\x7f\
\x9e\xd6\x56\x1f\xb6\x31\x8e\x3f\x13\x4e\xf8\x3d\xf6\x27\x96\x8b\
\x58\xa8\x5b\x6b\xce\x09\xf0\x5b\x7b\x0b\x3c\xf2\x1d\xdb\xc5\xc3\
\x67\x01\x33\x76\xf5\x03\xa9\xdc\x5d\x2f\x03\x47\x38\x0e\xe1\xe0\
\x2b\xcd\x97\x48\xa6\x5a\xf8\x12\x3c\x7e\x89\xa7\xc7\xf5\x96\x97\
\x97\x73\xe9\xa5\x97\x32\x7d\xfa\x74\x46\x8c\x18\xb1\xcb\x9f\x6d\
\x6a\x6a\xa2\xa6\xa6\x86\x64\xd2\xaa\xb4\x68\x87\x6a\x6a\x6a\x98\
\x39\x73\x26\x77\xdd\x75\x17\xf3\xe7\xcf\x77\xbd\xff\xaf\xd8\xff\
\x5b\x66\x24\x40\x24\x28\xf1\x56\xd8\x30\x0f\xcb\x32\xbd\xce\x7c\
\xf4\x00\x7c\xf2\x4f\x9b\x1e\x9e\x07\x8e\xdb\xd5\x0f\x74\x95\x00\
\x0c\xc7\x54\x17\x72\x96\x86\xc7\x72\xe1\xe2\x37\xcc\x5c\x8a\x48\
\x26\x5a\xfd\x21\x3c\x74\xbe\xed\xaa\xdd\x4e\x55\x54\x54\xf0\xbd\
\xef\x7d\x8f\x1f\xfc\xe0\x07\xf4\xea\xd5\x2b\xe5\x76\x6d\x6d\x6d\
\x54\x57\x57\x93\xf0\xe8\x88\xd3\x64\x32\xc9\x8b\x2f\xbe\xc8\x4d\
\x37\xdd\xc4\x87\x1f\x7e\xe8\xc9\x35\x00\x38\xec\xc7\x70\xe0\x25\
\xde\xf5\x2f\xd2\x95\x4d\x8b\xa1\xc5\xe7\x35\x31\x60\xd6\xc3\x3c\
\xf2\x1d\x9b\xc2\x61\x49\x60\x14\xb0\xa8\xb3\x1f\xe8\x6a\x17\xc0\
\x55\xc0\x61\x4e\xaf\xce\x9e\x67\xc1\xee\x27\x3b\x6e\x2e\x12\x6a\
\x1b\xe6\xc1\x43\xe7\x41\xab\xfb\x1f\x0e\x65\x65\x65\xdc\x70\xc3\
\x0d\xdc\x77\xdf\x7d\x1c\x7d\xf4\xd1\xe4\xe5\x75\x6f\x0a\x2d\x2b\
\x2b\x8b\xfc\xfc\x7c\x5a\x5b\x5b\x3d\x49\x02\x22\x91\x08\x23\x46\
\x8c\xe0\xdc\x73\xcf\x65\xdf\x7d\xf7\x65\xce\x9c\x39\x54\x55\x79\
\x70\xae\xc1\xb2\xb7\xcd\x16\xe2\x7e\x7b\xb8\xdf\xb7\x48\x2a\x22\
\xd1\x60\xb6\x04\xc6\xf2\xcc\x36\xd9\xea\xc5\x4e\x7b\x88\x00\x9b\
\x81\x57\x3b\xfb\x81\xae\x12\x80\xdb\x30\xe5\x05\x9d\x39\xee\x37\
\x50\x54\xe1\xb8\xb9\x48\x68\xd5\xae\x86\x07\xcf\x81\x26\xab\x63\
\x3c\x77\x12\x89\x44\x98\x3e\x7d\x3a\x33\x67\xce\xe4\xc8\x23\x8f\
\x24\x16\x73\x5e\x35\x33\x1a\x8d\x92\x97\x97\x47\x5b\x5b\x1b\xf1\
\xb8\x77\xd3\x13\xc3\x86\x0d\xe3\xdc\x73\xcf\xa5\xa8\xa8\x88\xf7\
\xdf\x7f\x9f\xb6\xb6\x36\x77\x2f\xb0\xf8\x65\xe8\xb7\xa7\xd9\x23\
\x2d\xe2\xb7\xac\x5c\x73\x9f\x27\xbd\x19\x4d\xdb\xa5\xfc\x32\x58\
\x60\x55\x4b\xa4\x3f\x70\x6b\x67\xff\x71\x57\xcb\x6c\x27\x02\x23\
\x1d\x5f\xb6\x62\x77\xa8\xd4\x9e\x5e\xc9\x40\x89\x76\x98\xf9\x7d\
\x93\x9d\xbb\x68\xec\xd8\xb1\xbc\xfe\xfa\xeb\xdc\x7d\xf7\xdd\x54\
\x54\xb8\x93\x38\x47\xa3\x51\x7a\xf7\xee\x4d\x4e\x4e\x8e\x2b\xfd\
\x75\x26\x3b\x3b\x9b\x4b\x2f\xbd\x94\xd7\x5f\x7f\x9d\x63\x8e\x39\
\xc6\xdd\xce\x13\x71\x78\xea\x07\xaa\x18\x28\xc1\x88\x44\x82\x3b\
\xbc\xaa\xcf\x28\xdb\xc4\x77\x34\xb0\x4f\x67\xff\x71\x57\x09\xc0\
\x54\x9b\xab\x6a\xdb\x9f\x64\xac\xd7\x7e\x0f\x6b\x3e\x72\xb5\xcb\
\xf3\xcf\x3f\x9f\x59\xb3\x66\x71\xc8\x21\x87\xb8\xda\x2f\x98\x51\
\x05\x3f\x92\x00\x80\x01\x03\x06\x70\xcf\x3d\xf7\x70\xc3\x0d\x37\
\x90\x9d\x9d\xed\x5e\xc7\x2d\xb5\xf0\xc4\xe5\x10\x77\x79\x74\x41\
\x24\x15\x79\xa5\xc1\x5d\x7b\xe4\xd1\xb6\x3d\x74\xfa\x2c\xef\x2c\
\x01\x88\x00\x67\x3a\xbe\x5c\x76\x01\xec\x71\xaa\xe3\xe6\x22\xa1\
\xb5\xe8\x15\x98\x75\x97\x6b\xdd\xe5\xe7\xe7\x73\xd3\x4d\x37\x71\
\xef\xbd\xf7\x52\x54\x54\xe4\x5a\xbf\x3b\xda\x9a\x04\xb8\xfa\x50\
\xde\x85\xf3\xce\x3b\x8f\x27\x9f\x7c\x92\xa1\x43\x87\xba\xd7\xe9\
\x9a\x4f\x4c\xf2\x25\xe2\xb7\xec\xfc\xe0\xb6\xb2\x0f\x3f\xc2\xf6\
\x0c\x9d\x6f\xd0\xc9\x42\xfe\xce\x12\x80\x49\xc0\x50\xc7\x97\x1b\
\x73\x02\xe4\x78\xf7\x61\x26\x12\x88\xda\xd5\xf0\xf4\x8f\x70\x6b\
\x4b\xd0\x80\x01\x03\x78\xf7\xdd\x77\xb9\xf2\x4a\x7f\xb6\xc9\x6e\
\x4d\x02\xb2\xb2\xfc\x39\x8f\x63\xaf\xbd\xf6\xe2\xd9\x67\x9f\x65\
\xf2\xe4\xc9\xee\x75\xfa\xfe\xdf\x60\xc1\xf3\xee\xf5\x27\x92\xaa\
\xbc\xd4\x77\xe1\xb8\x2a\xa7\x00\x86\x1c\x68\xd3\xc3\x70\x60\xff\
\x8e\xfe\x43\x67\x09\xc0\xe9\x36\x57\x63\xf7\x93\xac\x9a\x8b\x84\
\x4f\xd2\x3c\xfc\x5d\x3a\x26\x74\xf4\xe8\xd1\xbc\xf5\xd6\x5b\xec\
\xb5\xd7\x5e\xae\xf4\x97\xaa\x68\x34\x4a\x59\x59\x19\x91\x88\x3f\
\x05\x76\x4a\x4a\x4a\xb8\xff\xfe\xfb\x39\xe1\x84\x13\x5c\xea\x31\
\x69\x0a\x2e\x35\x6c\x74\xa9\x3f\x91\x14\x05\x39\x0d\x30\xcc\xf9\
\x66\xbc\x2d\x4e\xeb\xe8\x17\x3b\x4b\x00\xbe\xe6\xf8\x32\xf9\x65\
\xb0\x5b\xca\xa7\x11\x8a\xa4\x87\x39\x8f\x9a\x3a\xff\x2e\xd8\x7f\
\xff\xfd\x79\xe3\x8d\x37\xdc\x1d\x1e\xef\x86\xec\xec\x6c\x4a\x4b\
\xfd\xfb\x30\xcb\xcd\xcd\xe5\xb6\xdb\x6e\xe3\x82\x0b\x2e\x70\xa7\
\xc3\xe6\x1a\x78\xf5\x77\xee\xf4\x25\x92\xaa\x58\x6e\x70\xc7\xd9\
\xf7\xdf\xc7\x1c\x53\xec\x5c\x87\xcf\xf4\x8e\xc6\x02\x07\x01\xbf\
\xc5\x69\xf1\x9f\xf1\x67\xb8\xb1\x68\x41\x24\x3c\x9a\x6b\xcc\x01\
\x3f\x6d\xf6\x25\x76\xf7\xdb\x6f\x3f\x5e\x7e\xf9\x65\x7a\xf7\x76\
\xbe\xbb\xd6\x0d\xb1\x58\x8c\x44\x22\xe1\xfe\x96\xbd\x4e\x44\xa3\
\x51\x8e\x3e\xfa\x68\xaa\xaa\xaa\xf8\xe8\x23\x17\x16\x50\x6e\xf8\
\xc2\x0c\x8b\xf6\x1a\x64\xdf\x97\x48\xaa\x12\x71\x68\x6d\xf0\xff\
\xba\x91\xa8\x99\x82\x74\x5e\x13\xa0\x12\xb8\x1d\xf8\x4a\xd1\x92\
\x8e\x46\x00\x8e\xc7\xa6\x00\xf7\xd8\x13\x1d\x37\x15\x09\xa5\x37\
\xfe\x00\x8d\xf6\x45\x6e\x46\x8c\x18\xc1\xd3\x4f\x3f\x4d\x49\x49\
\x89\x0b\x41\xd9\x2b\x29\x29\xf1\x6d\x51\xe0\x56\xd7\x5f\x7f\x3d\
\x27\x9f\xec\x46\x71\xb0\x24\x3c\x7f\x6d\x30\x07\xb5\x48\xcf\x65\
\xf7\x16\x6e\x67\x98\xd5\x0e\xa1\x08\x70\xec\x8e\xbf\xd8\x51\x02\
\xe0\x7c\xf8\xbf\xa0\x1c\x06\x1f\xe0\xb8\xb9\x48\xe8\xac\x9d\x03\
\x1f\x3d\x68\xdd\x4d\x45\x45\x05\xcf\x3c\xf3\x0c\x95\x95\x95\x2e\
\x04\xe5\x8e\x48\x24\x42\x69\x69\xa9\x6f\xeb\x01\xc0\x8c\x04\xdc\
\x7a\xeb\xad\x4c\x99\x32\xc5\xbe\xb3\xaa\x05\xf0\xbe\x7b\x3b\x32\
\x44\xba\x94\x9d\x0f\x51\xe7\xc5\xb9\xac\x54\xee\x09\xb9\x56\x2f\
\x0f\x3b\x3d\xdb\x77\x4c\x00\x62\xc0\x51\x8e\xbb\x1f\x36\x05\x22\
\xfe\xac\x30\x16\xf1\xc5\xcb\xbf\xb2\x3e\xe1\x2f\x37\x37\x97\x7f\
\xfd\xeb\x5f\x8c\x1a\x35\xca\xa5\xa0\xdc\x13\x8b\xc5\x28\x2c\x2c\
\xf4\xf5\x9a\xd9\xd9\xd9\xdc\x7e\xfb\xed\x0c\x1b\xe6\x42\x65\xbf\
\xb7\x6f\x71\x6d\x61\xa6\x48\xd7\x22\x90\x1b\xd0\x0e\xb7\x48\x16\
\x0c\xe8\xb4\xa6\x4f\x2a\x8e\x65\x87\x69\xff\x1d\x13\x80\x89\x80\
\xf3\xbd\x0e\xc3\x5d\xc8\xea\x45\xc2\x62\xc5\xbf\x61\xe5\x2c\xeb\
\x6e\x6e\xbc\xf1\x46\x26\x4c\x98\xe0\x42\x40\xde\x28\x2a\x2a\xb2\
\x2a\x39\xec\x44\x71\x71\x31\x7f\xfd\xeb\x5f\xbb\x7d\xc6\xc1\x4e\
\x5a\x1b\x60\xf6\x3d\xee\x04\x25\x92\x8a\x9c\x00\xa7\x01\x06\xee\
\x67\xd3\xba\x8c\x1d\xaa\x02\xee\x98\x00\x38\x5f\xbe\x1f\xc9\x82\
\xa1\xee\x57\x31\x13\x09\xcc\x3b\x7f\xb2\xee\xe2\xcc\x33\xcf\xe4\
\xb2\xcb\x2e\x73\x21\x18\xef\x44\x22\x91\x6e\x9d\x34\xe8\x96\xdd\
\x77\xdf\x9d\x5f\xfc\xe2\x17\xf6\x1d\xbd\x7f\x97\xed\xb9\xe9\x22\
\xa9\x0b\x3a\x01\xb0\x9b\xb2\xfb\xca\x33\x7e\xc7\x04\xc0\x79\xc5\
\x8e\xfe\x7b\x07\x57\x2f\x59\xc4\x6d\x6b\x3e\x81\xa5\x6f\x58\x75\
\x31\x74\xe8\x50\xfe\xfa\xd7\xbf\xba\x14\x90\xb7\x72\x72\x72\xc8\
\xcd\xf5\x7f\x8b\xd3\xf4\xe9\xd3\xed\x17\x05\xb6\xd4\xc1\x87\x0f\
\xb8\x13\x90\x48\x57\xb2\x62\xc1\x55\x05\xcc\x2d\x81\x72\xe7\x47\
\xf4\xe0\x59\x02\x30\xdc\xba\x50\x81\x48\x78\xbc\x6b\xff\xf6\x7f\
\xcb\x2d\xb7\x04\xf2\x66\xed\x54\x50\xbb\x13\xae\xbf\xfe\x7a\xfb\
\x6b\xcf\xba\x03\x5a\x1b\xdd\x09\x48\xa4\x2b\xd9\x05\xc1\x5d\x7b\
\xc0\xbe\x36\xad\xbf\x32\x4c\xbf\x7d\x02\x30\x12\xe8\xe7\xb8\xdb\
\xc1\x56\xa5\x0a\x45\xc2\xa3\x7a\x09\x2c\x78\xd1\xaa\x8b\x53\x4f\
\x3d\x95\x93\x4e\x4a\xaf\x8a\x98\xb1\x58\x8c\xfc\xfc\x7c\xdf\xaf\
\xdb\xb7\x6f\x5f\xae\xbe\xfa\x6a\xbb\x4e\x9a\x36\xc1\x67\x8f\xb9\
\x13\x90\x48\x57\x72\x02\x4c\x00\xfa\x59\x9d\xb2\x3b\x00\xf8\x72\
\xf5\xed\xf6\x09\x80\xf3\xf9\xff\x68\xcc\x6c\x51\x10\xc9\x04\x9f\
\x3d\x8a\x4d\xbd\xff\x82\x82\x02\xfe\xf8\xc7\x3f\xba\x17\x8f\x8f\
\xbc\x3c\x90\x68\x57\xa6\x4f\x9f\xce\xbe\xfb\x5a\xbd\xd9\xc0\x9c\
\x47\xdc\x09\x46\xa4\x2b\x41\x9e\x75\xd3\x77\xb4\xed\x6e\xbb\x2f\
\x9f\xf5\xdb\x27\x00\x1d\x1e\x16\x90\x92\x7e\xe3\xcd\xfe\x48\x91\
\x74\x97\x4c\xc0\x67\x8f\x5b\x75\x71\xd5\x55\x57\xb9\xb3\xc5\x2d\
\x00\xb1\x58\x2c\x90\xb5\x00\xd1\x68\x94\x6b\xaf\xbd\xd6\xae\x93\
\x35\x1f\xd9\x54\x4a\x13\x49\x5d\x56\x4e\x70\xf5\x00\x62\x79\xd0\
\x7b\xa8\x4d\x0f\x5f\x3e\xeb\xb7\x4f\x00\x9c\x9f\x4a\x32\x28\xbc\
\x5b\x9c\x44\xba\x65\xc5\x7b\x50\xbb\xca\x71\xf3\xa2\xa2\x22\x2e\
\xbf\xfc\x72\x17\x03\xf2\x9f\xdf\x75\x01\xb6\x9a\x34\x69\x92\xfd\
\xc9\x81\x96\xc9\x9b\x48\xca\x82\x9c\x06\xa8\xd8\xc3\xa6\xf5\x97\
\xcf\xfa\xed\x13\x00\xe7\x63\xf8\x03\x9d\x0f\x1e\x88\x84\xca\x1c\
\xbb\x79\xe4\xcb\x2e\xbb\x8c\x3e\x7d\xfa\xb8\x14\x4c\x30\x72\x73\
\x73\x7d\x3b\x32\x78\x47\xd6\x47\x23\x7f\xf6\x98\x19\xc5\x11\xf1\
\x5a\x2c\xc0\x51\xef\x8a\xb1\x36\xad\x77\x4a\x00\x86\x60\x8a\x04\
\x38\xa3\xf9\x7f\xc9\x04\x6d\x4d\x30\xff\x19\xc7\xcd\xf3\xf3\xf3\
\xf9\xc1\x0f\x7e\xe0\x62\x40\xc1\x09\x62\x31\x20\xc0\xa1\x87\x1e\
\x6a\x57\x34\xa9\x76\x95\x2b\xc5\x9b\x44\xba\x14\xd4\x56\x40\xb0\
\xdd\x0a\x58\x8e\x59\x0c\xf8\x65\x02\xe0\x7c\xf8\x3f\xb7\x04\x4a\
\xfa\xdb\x04\x23\x12\x0e\xab\xde\xb7\x3a\xe9\xeb\x9c\x73\xce\xa1\
\x5f\x3f\xe7\x1b\x69\xc2\x24\xa8\x04\x00\xe0\x3b\xdf\xf9\x8e\x5d\
\x07\x8b\x5f\x75\x25\x0e\x91\x5d\x0a\x32\x01\x28\xaa\xb0\xdd\x8a\
\xb8\x17\xb8\x91\x00\x54\x8c\xc5\xe6\xf0\x40\x91\xd0\x58\xf6\x8e\
\x55\xf3\xe9\xd3\xa7\xbb\x14\x48\xf0\x62\xb1\x98\xef\x27\x05\x6e\
\x75\xdc\x71\xc7\xd9\xd5\x05\x58\xf6\xb6\x7b\xc1\x88\x74\x26\x96\
\x63\x8e\xe9\x0d\x44\x04\x4a\x87\xd8\x74\xb0\x27\x6c\x4b\x00\xc6\
\x38\xee\xa6\xcf\x68\x9b\x20\x44\xc2\x63\xb9\xf3\x07\xc7\xd0\xa1\
\x43\x39\xe4\x90\xcc\x2a\x85\x1d\xc4\x6e\x80\xad\xd7\xb5\xaa\x0e\
\xb8\xee\x73\x68\xae\x71\x2f\x20\x91\x0e\x45\x20\x16\xcc\x3d\x02\
\x40\xd9\x50\x9b\xd6\x63\x61\x5b\x02\xe0\x7c\xcf\x52\xc5\xee\x36\
\x41\x88\x84\x43\x4b\x1d\xac\xfd\xcc\x71\xf3\xe9\xd3\xa7\xfb\x7a\
\xac\xae\x1f\x82\x4a\x00\xc0\x9c\xa1\xe0\x58\x32\x6e\x76\x73\x88\
\x78\x2d\xc8\x69\x80\xb2\xdd\x6c\x5a\x0f\x85\x6d\x09\xc0\x50\xc7\
\xdd\x94\x87\xef\x88\x53\x91\x6e\x5b\xf1\x6f\xab\x63\x7f\xad\x1e\
\x58\x21\x95\x93\x93\x43\x34\x1a\xcc\x10\xe7\x01\x07\x1c\x60\xb7\
\x9e\xc2\x72\x3a\x47\x24\x25\x59\x39\xc1\x5d\xdb\x6e\x0a\x60\x18\
\x98\x04\x20\x9b\x2d\x2b\x02\x9d\x05\x31\xd8\x26\x08\x91\x70\xb0\
\x78\x63\xac\xac\xac\x64\xdc\xb8\x71\x2e\x06\x13\x1e\x39\x39\xc1\
\x7c\xc0\x45\x22\x11\xbb\x29\x15\x8d\x00\x88\x1f\x82\x4c\x00\x8a\
\x2a\x6c\x5a\x0f\x06\x62\x51\x60\x37\xc0\xd9\xa6\xdf\xac\x1c\x28\
\xec\x6b\x13\x84\x48\x38\xac\x77\x3e\xfc\x7f\xc4\x11\x47\x64\xdc\
\xf0\xff\x56\x41\x2d\x04\x04\x38\xf8\x60\xe7\xd5\xc9\xa9\x5a\x00\
\xf1\x56\xf7\x82\x11\xe9\x48\x56\x70\xf7\x07\x05\xe5\x36\xd5\x08\
\x63\xc0\xa0\x28\x36\xc3\xff\xbd\x06\x06\xb8\x0a\x52\xc4\x45\x1b\
\xe6\x39\x6e\x7a\xe4\x91\x47\xba\x18\x48\xb8\x04\x99\x00\x1c\x7a\
\xe8\xa1\xce\x1b\x27\xe2\x50\xb5\xc8\xbd\x60\x44\x3a\x12\xe4\x08\
\x40\x24\x0a\x85\x56\x45\xc7\x86\x45\x81\x41\x8e\x9b\x97\x38\x6f\
\x2a\x12\x1a\x0d\x1b\xa1\xb1\xda\x71\xf3\xc3\x0e\xcb\xdc\xa3\xb0\
\x83\x4c\x00\x06\x0e\x1c\xc8\xa0\x41\x16\x9f\x31\x1b\x17\xb8\x17\
\x8c\x48\x47\xb2\xb2\x09\x74\x1b\x7c\x91\x55\xdd\x91\xc1\x51\xc0\
\x79\x0a\xd1\x4b\x09\x80\x64\x80\x9a\xe5\x8e\x9b\xe6\xe6\xe6\x32\
\x62\xc4\x08\x17\x83\x09\x97\x68\x34\x1a\xd8\x42\x40\x80\x51\xa3\
\x2c\x16\x19\xd7\xac\x70\x2f\x10\x91\x0e\x45\x82\x3b\x14\x08\x6c\
\xd7\x01\xf4\x89\x02\xce\x27\xf1\xed\x2e\x2e\x12\x0e\x35\xce\x0f\
\xff\x19\x35\x6a\x54\x60\x75\xf3\xfd\x12\xe4\xff\xdf\xc8\x91\x16\
\x25\x4f\x95\x00\x88\x1f\xa2\x01\xde\xff\xf9\xce\x2b\xf8\xb3\x25\
\x01\x28\x77\x7e\xf1\x52\x9b\x8b\x8b\x84\x43\xed\x6a\xc7\x4d\x47\
\x8f\xce\xfc\x42\x58\x41\x26\x00\x56\xa3\x2b\x16\x7f\xae\x22\x29\
\x0b\xf2\x05\x20\xb7\xd8\xa6\x75\xb9\xdd\x14\x40\x7e\x6f\x9b\x8b\
\x8b\x84\x43\xd3\x26\xc7\x4d\xc7\x8c\x71\x5e\x44\x33\x5d\xa4\x6d\
\x02\x60\xb1\xae\x43\x24\x65\x91\x00\xa7\x00\xec\x12\x00\x8d\x00\
\x88\xd0\xe4\xfc\x41\x51\x59\x59\xe9\x62\x20\xe1\x14\x64\x02\xd0\
\xb7\xaf\xc5\x36\x63\x8b\xc4\x4e\x24\x65\x41\xae\x01\xc8\xb5\x38\
\x33\x63\xcb\x08\x80\xf3\xd7\xf8\x3c\xab\xf9\x07\x91\x70\x68\xae\
\x73\xdc\xb4\xa8\xa8\xc8\xc5\x40\xc2\x29\xc8\x1a\x07\x56\xbf\xbf\
\x2d\x3a\x0f\x40\x7c\x10\x49\xef\x29\x00\xe7\xc5\x8c\xf3\xac\xb2\
\x0f\x91\x70\x88\xb7\x38\x6e\x5a\x5c\x6c\x75\x03\xa6\x85\xb4\x4d\
\x00\xda\x9d\xff\xb9\x8a\xa4\x2c\xc8\x04\x20\xa7\xd0\xa6\x75\x5e\
\x14\x70\x7e\xe2\x47\x2c\xc0\x22\x08\x22\x6e\xb1\xa8\x18\xa7\x11\
\x00\x6f\x15\x16\x5a\x7c\xc0\x25\xe2\x56\xe7\x3b\x88\xa4\x24\x1a\
\x60\x1d\x00\xbb\x42\x44\xb9\x51\xc0\x79\x0f\x51\x25\x00\x92\x01\
\x12\xce\x1f\x12\x79\x79\x01\x9e\x06\xd6\x03\x64\x65\x65\xd9\x15\
\x23\xb2\xf8\xb3\x15\x49\x49\x32\xc8\x04\xc0\x6a\xfd\x41\x8e\x5d\
\x02\x10\x64\x1d\x64\x11\xb7\x58\x2c\xe2\x69\x6c\x6c\x74\x31\x10\
\xd9\x51\x5b\x5b\x1b\x6d\x6d\x6d\xce\x3b\xd0\x67\x94\x78\x2d\xc8\
\x11\x80\xa8\xd5\xdf\xef\x5c\xbb\x29\x80\x20\xeb\x20\x8b\xb8\xc5\
\xe2\x21\x51\x5f\x5f\xef\x62\x20\xe1\x94\x48\x24\x02\xbb\x76\x43\
\x43\x83\xf3\xc6\xd1\x18\x81\x96\x69\x95\x1e\x22\xc8\x04\xc0\x7e\
\x04\xc0\xf9\xa7\x9f\xdd\xf0\x83\x48\x38\xc4\x9c\x0f\xe3\xd7\xd6\
\xd6\xba\x18\x88\xec\xc8\x2a\xc1\xb2\xf8\x73\x15\x49\x59\x90\x27\
\x81\xda\x8d\x70\xe5\x46\x71\x7a\x14\x30\x04\xbb\xfa\x51\xc4\x2d\
\x16\xf5\x2c\x34\x02\xe0\x2d\xab\xdf\x5f\xd5\x29\x11\x5f\x04\x98\
\x00\xd8\x9d\xc6\x9b\xa5\xb3\x7c\x45\x2c\xea\x69\xaf\x5a\xe5\xfc\
\x1c\x81\x74\x11\x64\x02\xb0\x66\xcd\x1a\xe7\x8d\x0b\x54\xa9\x54\
\x64\x57\x94\x00\x88\x14\x38\x2f\x86\xf9\xc5\x17\x5f\xb8\x18\x48\
\x38\xc5\xe3\xc1\xad\xa4\x5f\xb4\x68\x91\xf3\xc6\x2a\x55\x2e\xb2\
\x4b\x4a\x00\x44\x4a\x06\x38\x6e\x3a\x6f\xde\x3c\x17\x03\x09\xa7\
\x20\x13\x80\x85\x0b\x17\x3a\x6f\xdc\x6b\xa0\x7b\x81\x88\x64\x20\
\x25\x00\x22\x25\x83\x1c\x37\x5d\xb2\x64\x09\x2d\x2d\x99\x5d\x71\
\x2e\x6d\x47\x00\x7a\x0d\x76\x2f\x10\x91\x0c\xa4\x04\x40\xa4\x6c\
\x88\xe3\xa6\xf1\x78\x9c\xb9\x73\xe7\xba\x18\x4c\xb8\xc4\xe3\xf1\
\xc0\xd6\x00\x24\x93\x49\xbb\x29\x96\x52\xe7\x7f\xae\x22\x3d\x81\
\x12\x00\x91\xdc\x12\x28\xee\xef\xb8\xf9\xab\xaf\xbe\xea\x5e\x2c\
\x21\x63\x55\x84\xc7\xd2\xbc\x79\xf3\xa8\xaa\xaa\x72\xde\x41\xdf\
\xb1\xee\x05\x23\x92\x81\x94\x00\x88\x00\x54\x38\x7f\x58\xbc\xfc\
\xf2\xcb\x2e\x06\x12\x2e\x41\x26\x00\x6f\xbe\xf9\xa6\xf3\xc6\xb1\
\x3c\x28\xd5\x14\x80\xc8\xae\x28\x01\x10\x01\xe8\x37\xde\x71\xd3\
\xd7\x5e\x7b\x8d\xf6\xf6\x76\x17\x83\x09\x8f\x20\x13\x80\xb7\xde\
\x7a\xcb\x79\xe3\x8a\x3d\x54\xa7\x44\xa4\x0b\x4a\x00\x44\x00\x86\
\x1c\xe8\xb8\x69\x6d\x6d\x2d\xff\xfe\xf7\xbf\x5d\x0c\x26\x1c\x92\
\xc9\x24\xad\xad\xce\x4f\x4a\xb4\xd1\xd6\xd6\xc6\x3b\xef\xbc\xe3\
\xbc\x83\x21\x93\xdc\x0b\x46\x24\x43\x29\x01\x10\x01\x18\xb0\x9f\
\x55\xe9\x42\x19\x4c\x6e\x00\x00\x20\x00\x49\x44\x41\x54\xd8\x07\
\x1f\x7c\xd0\xc5\x60\xc2\xa1\xb5\xb5\x95\x64\x32\x19\xc8\xb5\x5f\
\x79\xe5\x15\xbb\x32\xcb\xbb\x1d\xec\x5e\x30\x22\x19\x4a\x09\x80\
\x08\x40\x2c\x17\x06\xec\xeb\xb8\xf9\x03\x0f\x3c\x10\xd8\xdb\xb2\
\x57\x82\xdc\xde\x38\x63\xc6\x0c\xe7\x8d\xb3\x72\x60\xe0\x7e\xee\
\x05\x23\x92\xa1\x94\x00\x88\x6c\x65\x31\x0d\x50\x55\x55\xc5\x33\
\xcf\x3c\xe3\x62\x30\xc1\x0b\x2a\x01\xa8\xa9\xa9\xe1\xf9\xe7\x9f\
\x77\xde\xc1\xc0\x09\x3a\x08\x48\x24\x05\x4a\x00\x44\xb6\xb2\x1c\
\x36\xbe\xe7\x9e\x7b\x5c\x0a\x24\x78\xad\xad\xad\x81\x2d\x6c\x7c\
\xfc\xf1\xc7\xed\x46\x53\x2c\x12\x39\x91\x9e\x44\x09\x80\xc8\x56\
\xfd\xf7\x86\xc2\xbe\x8e\x9b\x3f\xf1\xc4\x13\x19\x53\x1a\xb8\xa9\
\xa9\x29\x90\xeb\xc6\xe3\x71\x6e\xbb\xed\x36\xbb\x4e\x46\x1d\xe3\
\x4e\x30\x22\x19\x4e\x09\x80\xc8\x56\xd1\x2c\xd8\xe3\x14\xc7\xcd\
\xe3\xf1\x38\xbf\xfb\xdd\xef\x5c\x0c\x28\x18\xc9\x64\x92\xe6\xe6\
\xe6\x40\xae\x3d\x73\xe6\x4c\x96\x2e\x5d\xea\xbc\x83\x8a\xdd\x55\
\x00\x48\x24\x45\x4a\x00\x44\xb6\x37\xee\x74\xab\xe6\xf7\xdf\x7f\
\x3f\x4b\x96\x2c\x71\x29\x98\x60\x34\x37\x37\x07\x52\xfe\x37\x99\
\x4c\x72\xeb\xad\xb7\xda\x75\x62\xf9\xe7\x27\xd2\x93\x28\x01\x10\
\xd9\x5e\xc5\x1e\xe6\x2d\xd2\xa1\xb6\xb6\x36\x7e\xf3\x9b\xdf\xb8\
\x18\x90\xff\x1a\x1a\x1a\x02\xb9\xee\x93\x4f\x3e\x69\x57\xfb\x3f\
\x92\x05\xbb\x3b\x1f\xc1\x11\xe9\x69\x94\x00\x88\xec\x68\x8f\xd3\
\xac\x9a\xdf\x75\xd7\x5d\xbc\xf7\xde\x7b\x2e\x05\xe3\xaf\x96\x96\
\x96\x40\xaa\xff\x35\x35\x35\xf1\xeb\x5f\xff\xda\xae\x93\xa1\x87\
\x40\x51\x85\x3b\x01\x89\xf4\x00\x4a\x00\x44\x76\x34\xee\x34\xb3\
\x97\xdc\xa1\x44\x22\xc1\xe5\x97\x5f\x1e\xd8\x29\x7a\x36\xea\xeb\
\xeb\x03\xb9\xee\x8d\x37\xde\xc8\x8a\x15\x2b\xec\x3a\xd9\xf3\x4c\
\x77\x82\x11\xe9\x21\x94\x00\x88\xec\xa8\xb0\x2f\x8c\xff\xba\x55\
\x17\xb3\x66\xcd\xe2\xf6\xdb\x6f\x77\x29\x20\x7f\xb4\xb4\xb4\x04\
\x52\xcc\x68\xfe\xfc\xf9\xdc\x71\xc7\x1d\x76\x9d\x94\x0e\x81\xd1\
\xc7\xbb\x13\x90\x48\x0f\xa1\x04\x40\xa4\x23\x93\x2e\x36\xbb\x02\
\x2c\xfc\xe4\x27\x3f\xb1\x5b\xd1\xee\xb3\xba\xba\x3a\xdf\xaf\xd9\
\xd6\xd6\xc6\x8f\x7e\xf4\x23\xfb\x69\x87\x83\x2e\xb3\xfe\xf3\x12\
\xe9\x69\x94\x00\x88\x74\xa4\x74\x88\xf5\x82\xb2\xcd\x9b\x37\x33\
\x75\xea\xd4\xb4\x28\x11\xdc\xd4\xd4\x14\xc8\xdc\xff\x6f\x7f\xfb\
\x5b\x66\xcf\x9e\x6d\xd7\x49\x71\x7f\xeb\x75\x1b\x22\x3d\x91\x12\
\x00\x91\xce\x1c\x78\x29\x44\xec\x6e\x91\x59\xb3\x66\x71\xcd\x35\
\xd7\xb8\x14\x90\x37\x12\x89\x84\xdd\xc1\x3b\x0e\xbd\xf8\xe2\x8b\
\xf6\x45\x7f\x00\x0e\xfc\x1e\x64\x65\xdb\xf7\x23\xd2\xc3\x28\x01\
\x10\xe9\x4c\xf9\x08\x18\xf3\x35\xeb\x6e\x6e\xba\xe9\x26\x1e\x79\
\xe4\x11\x17\x02\xf2\x46\x5d\x5d\x9d\xef\x0b\x16\x97\x2d\x5b\xc6\
\x15\x57\x5c\x61\x7f\xda\x60\x51\x25\xec\x79\x96\x3b\x41\x89\xf4\
\x30\x4a\x00\x44\x76\xe5\xf0\x9f\x40\x76\x81\x55\x17\xc9\x64\x92\
\xf3\xce\x3b\x8f\xd7\x5f\x7f\xdd\xa5\xa0\xdc\xd3\xda\xda\x4a\x63\
\x63\xa3\xaf\xd7\xac\xae\xae\xe6\xbc\xf3\xce\x63\xf3\xe6\xcd\xf6\
\x9d\x1d\xf9\x53\x73\x92\xa3\x88\x74\x9b\x12\x00\x91\x5d\x29\x19\
\x60\x16\x98\x59\x6a\x6e\x6e\xe6\xe4\x93\x4f\xe6\xa3\x8f\x3e\x72\
\x21\x28\x77\x24\x12\x09\x77\x1e\xc2\xdd\xd0\xd4\xd4\xc4\xf4\xe9\
\xd3\x59\xb4\x68\x91\x7d\x67\xbb\x1d\x0c\x63\x4f\xb2\xef\x47\xa4\
\x87\x52\x02\x20\xd2\x95\x89\x17\x41\xf9\x48\xeb\x6e\x6a\x6b\x6b\
\x39\xf1\xc4\x13\x43\x53\x2a\xb8\xa6\xa6\x86\x78\x3c\xee\xdb\xf5\
\x5a\x5b\x5b\xb9\xf0\xc2\x0b\xed\x17\xfd\x81\xa9\xd3\x70\xcc\x75\
\xf6\xfd\x88\xf4\x60\x4a\x00\x44\xba\x92\x95\x0d\xc7\x5e\x0f\x44\
\xac\xbb\x5a\xbd\x7a\x35\x93\x27\x4f\x0e\x7c\x24\xa0\xbe\xbe\xde\
\xd7\x03\x7f\x1a\x1a\x1a\x98\x3e\x7d\xba\x7b\xd3\x20\x07\x7c\x07\
\x7a\x0f\x77\xa7\x2f\x91\x1e\x4a\x09\x80\x48\x2a\x06\x1f\xe0\xda\
\x41\x33\x6b\xd7\xae\xe5\x88\x23\x8e\xe0\x8d\x37\xde\x70\xa5\xbf\
\xee\x6a\x6e\x6e\xf6\x75\xcf\xff\xba\x75\xeb\x38\xed\xb4\xd3\x78\
\xed\xb5\xd7\xdc\xe9\xb0\x6c\x37\xb3\x43\x43\x44\xac\x28\x01\x10\
\x49\xd5\x31\xd7\x41\xd9\x50\x57\xba\xda\xbc\x79\x33\xc7\x1d\x77\
\x1c\x33\x66\xcc\x70\xa5\xbf\x54\xb5\xb5\xb5\xf9\x3a\xef\x3f\x7f\
\xfe\x7c\x4e\x3d\xf5\x54\x3e\xfb\xec\x33\x77\x3a\xcc\xca\x81\x93\
\x6f\x81\xec\x7c\x77\xfa\x13\xe9\xc1\x94\x00\x88\xa4\x2a\xa7\x10\
\x4e\xfb\x3f\x88\xe5\xb9\xd2\x5d\x53\x53\x13\x67\x9d\x75\x16\x17\
\x5f\x7c\xb1\x2f\xc5\x82\xe2\xf1\x38\xd5\xd5\xd5\xf6\x5b\xef\x52\
\x34\x63\xc6\x0c\x4e\x3c\xf1\x44\x96\x2f\x5f\xee\x5e\xa7\x47\xfc\
\x14\x2a\xc7\xbb\xd7\x9f\x48\x0f\xa6\x04\x40\xa4\x3b\xfa\x8e\x31\
\x0f\x21\x17\xdd\x7e\xfb\xed\x4c\x9e\x3c\xd9\x9d\x95\xf1\x9d\x88\
\xc7\xe3\x54\x55\x55\xf9\xb2\xdf\xbf\xa5\xa5\x85\x9f\xff\xfc\xe7\
\x5c\x71\xc5\x15\xee\x1e\x2d\x3c\xe6\x6b\xb0\xdf\x05\xee\xf5\x27\
\xd2\xc3\x29\x01\x10\xe9\xae\x7d\xcf\x83\xb1\x27\xba\xda\xe5\xec\
\xd9\xb3\x99\x30\x61\x02\x7f\xfe\xf3\x9f\x5d\x5f\x99\xbf\xf5\xe1\
\xef\xc7\x8a\xff\xb7\xde\x7a\x8b\x63\x8e\x39\x86\x3b\xef\xbc\xd3\
\xdd\x8e\x4b\x87\xc0\xf1\xbf\x73\xb7\x4f\x91\x1e\x4e\x09\x80\x88\
\x13\xc7\xff\x0e\xfa\xb9\x3b\x14\x5d\x53\x53\xc3\x65\x97\x5d\xc6\
\xa4\x49\x93\x98\x35\x6b\x96\x2b\x7d\xb6\xb7\xb7\xfb\xf2\xf0\x5f\
\xb7\x6e\x1d\x97\x5d\x76\x19\x67\x9d\x75\x16\x0b\x17\x2e\x74\xb7\
\xf3\xdc\x12\x38\xfd\x2f\x90\x5b\xec\x6e\xbf\x22\x3d\x9c\x12\x00\
\x11\x27\x72\x0a\xe1\xcc\xbb\xcc\x8a\x74\x97\xcd\x9e\x3d\x9b\x03\
\x0f\x3c\x90\x8b\x2e\xba\xc8\xaa\x66\x40\x6b\x6b\xab\xe7\x0f\xff\
\xfa\xfa\x7a\x6e\xbd\xf5\x56\xa6\x4c\x99\xc2\x63\x8f\x3d\xe6\xfe\
\x05\x62\xb9\x70\xc6\xed\xd0\x77\xac\xfb\x7d\x8b\xf4\x70\x4a\x00\
\x44\x9c\x2a\xec\x03\x53\xef\x85\xa2\x0a\xd7\xbb\x4e\x24\x12\xdc\
\x79\xe7\x9d\x8c\x1c\x39\x92\xa9\x53\xa7\x32\x77\xee\xdc\x6e\xb5\
\x6f\x6a\x6a\xa2\xba\xba\xda\xb3\x39\xff\xba\xba\x3a\xfe\xf4\xa7\
\x3f\x71\xc0\x01\x07\xf0\x9b\xdf\xfc\xc6\x9b\xc3\x84\x22\x59\x70\
\xd2\x1f\xcd\x16\x4c\x11\x71\x5d\x04\x70\xbe\x24\xf8\xc7\x8b\xdd\
\x8b\x44\x24\x5d\xad\x9f\x0b\xff\x38\x1b\x5a\xbc\xdb\x5b\x1f\x8d\
\x46\x39\xf9\xe4\x93\xf9\xe6\x37\xbf\xc9\x09\x27\x9c\x40\x4e\x4e\
\x4e\x87\x3f\x97\x4c\x26\xa9\xab\xab\x73\x77\xf1\xdd\x76\x66\xcf\
\x9e\xcd\x23\x8f\x3c\xc2\x8c\x19\x33\xa8\xaf\xaf\xf7\xe4\x1a\x5f\
\x3a\xee\xd7\xb0\xf7\x34\x6f\xaf\x21\x62\xab\xb9\x06\x36\x2f\x0b\
\xee\xfa\xf7\x3a\x3f\x0a\x5b\x09\x80\x88\x1b\x56\xbe\x0f\x8f\x7c\
\xdb\xd3\x24\x60\xab\xde\xbd\x7b\x73\xf6\xd9\x67\x33\x6d\xda\x34\
\x0e\x3c\xf0\x40\x62\xb1\x18\x60\xe6\xfb\x37\x6f\xde\x4c\x5b\x5b\
\x9b\xab\xd7\x5b\xb8\x70\x21\x4f\x3e\xf9\x24\x8f\x3c\xf2\x08\x8b\
\x17\xfb\x71\xcf\x47\xe0\x88\x9f\x98\x12\xcc\x22\x61\xa7\x04\x40\
\x44\x58\x3f\x17\x66\x5c\x08\xf5\xeb\x7d\xbb\x64\x71\x71\x31\x87\
\x1d\x76\x18\x07\x1f\x7c\x30\x13\x26\x4c\x60\xcc\x98\x31\x9d\x8e\
\x0e\xa4\x22\x91\x48\xb0\x7c\xf9\x72\xde\x7b\xef\x3d\xde\x7c\xf3\
\x4d\xde\x7c\xf3\x4d\xd6\xad\x5b\xe7\x62\xc4\x5d\x88\x66\xc1\xf1\
\xbf\x85\xf1\x67\xfa\x77\x4d\x11\x1b\x4a\x00\x44\x04\x80\xcd\xcb\
\xe1\xe1\xe9\xb0\x29\x98\x0f\x84\xac\xac\x2c\x06\x0f\x1e\xcc\xf0\
\xe1\xc3\x19\x35\x6a\x14\x95\x95\x95\x14\x16\x16\x52\x52\x52\x42\
\x61\x61\x21\x39\x39\x39\x24\x93\x49\x6a\x6a\x6a\x68\x68\x68\xa0\
\xa1\xa1\x81\x8d\x1b\x37\xb2\x68\xd1\x22\x16\x2d\x5a\xc4\xe2\xc5\
\x8b\x69\x69\x69\x09\x24\x76\xb2\xf3\xe1\x94\x5b\x61\xc4\x11\xc1\
\x5c\x5f\xc4\x09\x25\x00\x22\xf2\xa5\xa6\x4d\xf0\xc8\x45\xb0\xfa\
\xc3\xa0\x23\x49\x1f\x79\xbd\xe0\x8c\x3b\x60\xd0\xfe\x41\x47\x22\
\xd2\x3d\x69\x9c\x00\x68\x17\x80\x88\xdb\xf2\xcb\xcc\xee\x00\x97\
\x8b\x05\x65\xac\xbe\x63\xe0\xbc\x47\xf4\xf0\x17\xf1\x99\x12\x00\
\x11\x2f\xe4\x14\xc2\x29\xb7\xc0\x09\x7f\xd0\xc1\x35\xbb\x32\xee\
\x74\x38\xef\x51\x1d\xed\x2b\x12\x00\x25\x00\x22\x5e\x1a\x7f\x06\
\x9c\xff\x38\x94\x8f\x0a\x3a\x92\x70\xc9\x29\x30\x7b\xfc\x4f\xbc\
\x51\x09\x92\x48\x40\x94\x00\x88\x78\xad\xcf\x28\x38\xff\x51\x18\
\x77\x46\xd0\x91\x84\x43\xe5\x9e\x70\xc1\x13\xb0\xc7\xa9\x41\x47\
\x22\xd2\xa3\x29\x01\x10\xf1\x43\x4e\x21\x9c\xf8\x07\x98\xf6\xa0\
\x49\x08\x7a\xa2\xdc\x12\x38\xea\xe7\x26\x19\xd2\x90\xbf\x48\xe0\
\x94\x00\x88\xf8\x69\xf0\x01\xf0\xcd\xa7\xcd\x83\x30\xa7\x30\xe8\
\x68\x7c\x12\x31\x73\xfd\x17\xbd\x08\x13\x2e\x34\x25\x7e\x45\x24\
\x70\xb1\xa0\x03\x10\xe9\x71\xa2\x31\xf3\x20\x1c\x75\x1c\xbc\xf6\
\x7b\xf8\xe2\x69\x48\x7a\x53\xb3\x3f\x70\xfd\xf7\x86\x23\x7e\x0a\
\x83\x26\x06\x1d\x89\x88\xec\x40\x09\x80\x48\x50\x4a\x06\xc0\xc9\
\x37\xc3\xa1\x3f\x82\xf7\x6e\x83\x4f\x1f\x86\x44\x7b\xd0\x51\xb9\
\x63\xe0\x04\x98\x74\x09\x8c\x3c\x12\x53\x6e\x44\x44\xc2\x46\x09\
\x80\x48\xd0\x4a\x87\x98\x83\x6f\x0e\xba\x14\x66\xdd\x09\x1f\x3f\
\x08\xed\xcd\x41\x47\xe5\xcc\xc0\x09\x70\xc8\x0f\x60\xb7\xc9\x41\
\x47\x22\x22\x5d\x50\x02\x20\x12\x16\x25\x03\xe1\xa8\x6b\xe1\xc0\
\xef\xc1\xe7\x4f\xc0\x67\x8f\x9a\xf3\x05\xc2\xae\xa8\x1f\xec\x71\
\x8a\xd9\xe5\xd0\x77\x4c\xd0\xd1\x88\x48\x8a\x94\x00\x88\x84\x4d\
\x61\x5f\x98\xf8\x6d\xf3\x55\xb5\x00\xbe\xf8\x17\x7c\x3a\x03\x6a\
\x57\x05\x1d\xd9\x36\xb1\x5c\x18\x71\x94\x59\xdc\x37\xfc\x70\x73\
\x88\x8f\x88\xa4\x15\x25\x00\x22\x61\x56\x3e\x0a\x0e\xbe\x12\x26\
\x7f\x1f\xd6\x7c\x0c\xcb\xde\x81\xe5\xef\xc0\xaa\x0f\xfc\x9d\x26\
\x88\x44\xa1\x62\x77\x18\x72\x90\x19\xde\x1f\x7c\x00\x64\x17\xf8\
\x77\x7d\x11\x71\x9d\x12\x00\x91\x74\x10\xc9\x82\x01\xfb\x99\xaf\
\x83\x2e\x83\xf6\x16\x73\xd8\xd0\xf2\x77\x61\xe3\x3c\xa8\x5e\x0c\
\x9b\x96\x42\xbc\xcd\x85\x6b\x45\xcd\x02\xc5\xde\xc3\xa1\x7c\xa4\
\x59\xc1\x3f\x64\x12\xe4\x95\xda\xf7\x2d\x22\xa1\xa1\x04\x40\x24\
\x1d\xc5\x72\x61\xc8\x81\xe6\x6b\xab\x64\x1c\x6a\x56\x6d\x49\x06\
\x96\x40\x43\x95\x39\x99\xb0\xb9\x06\x5a\xeb\x21\x11\xff\x6a\x1f\
\x79\x25\x90\x5d\x08\xf9\xa5\x50\x50\x6e\x16\x23\xf6\x1e\x06\x65\
\xc3\x4c\xff\x22\x92\xd1\x94\x00\x88\x64\x8a\x48\x96\x79\x88\x97\
\x0e\x01\x0e\x0f\x3a\x1a\x11\x09\x39\x55\x02\x14\x11\x11\xe9\x81\
\x94\x00\x88\x88\x88\xf4\x40\x4a\x00\x44\x44\x44\x7a\x20\x25\x00\
\x22\x22\x22\x3d\x90\x12\x00\x11\x11\x91\x1e\x48\x09\x80\x88\x88\
\x48\x0f\xa4\x04\x40\x44\x44\xa4\x07\x52\x02\x20\x22\x22\xd2\x03\
\x29\x01\x10\x11\x11\xe9\x81\x94\x00\x88\x88\x88\xf4\x40\x4a\x00\
\x44\x44\x44\x7a\x20\x9d\x05\x20\x22\xde\x6b\x6d\x84\xba\xd5\x50\
\xbf\x1e\xea\xd6\x42\x4b\x2d\xb4\x36\x98\xff\x96\x5b\x04\x79\x65\
\x50\x3e\xdc\x9c\x40\xa8\x63\x86\x45\x7c\xa1\x04\x40\x44\x9c\x4b\
\x26\xa0\x61\x23\xd4\xaf\x33\x5f\xb5\x6b\xa0\x61\xcb\x43\xbe\x6e\
\xed\x96\x07\xfe\xea\x6d\x0f\xfb\xae\x44\xb2\xa0\xff\x5e\x30\xf4\
\x50\xd8\xfd\x44\x28\x1f\xe5\x6d\xfc\x22\x3d\x98\x12\x00\x11\xe9\
\x58\x7b\x33\xd4\x6d\x79\xb0\xd7\xad\xd9\xf2\x7d\xcb\x3f\x37\xac\
\xdf\xf2\xb0\xdf\x00\x89\x76\xf7\xae\x99\x8c\xc3\xea\x0f\xcd\xd7\
\xdb\xff\x0b\x03\xf6\x85\x89\xdf\x86\x31\x5f\x03\x22\xee\x5d\x47\
\x44\x94\x00\x88\xf4\x48\x8d\xd5\x5b\x1e\xe8\x6b\xb7\xbd\xbd\xd7\
\xad\x31\x6f\xec\xb5\x5b\x86\xea\x9b\x37\x07\x1d\xa5\x49\x04\x66\
\x7e\x1f\x2a\x76\x87\x23\x7f\x0e\x43\x0e\x0c\x3a\x22\x91\x8c\xa1\
\x04\x40\x24\x93\xc4\xdb\x76\x18\x82\xdf\xee\xc1\xfe\xe5\xf7\xb5\
\x10\x6f\x0d\x3a\xd2\xee\x59\x3f\x17\x1e\x3c\x17\xf6\x3e\x1b\x8e\
\xf8\x19\xe4\x68\x9d\x80\x88\x2d\x25\x00\x22\xe9\xa2\xbd\xd9\x3c\
\xc0\xeb\xd7\x9b\x87\xfc\xe6\xe5\xdb\xfe\xbd\x7e\x9d\x19\x8e\xaf\
\x59\x65\x86\xd1\x33\x52\x12\x3e\xfe\x07\xac\xfe\x00\xce\xb8\x1d\
\x7a\x0d\x0e\x3a\x20\x91\xb4\xa6\x04\x40\x24\x68\x89\x38\x34\x6e\
\xd8\xb6\x80\xae\x76\xcb\x9b\x7a\xfd\xf6\x0b\xe9\xd6\x40\x5b\x53\
\xd0\x91\x86\xc3\x86\x79\x70\xdf\xe9\xf0\x8d\xbf\x43\xdf\xb1\x41\
\x47\x23\x92\xb6\x94\x00\x88\x78\xa9\xad\x71\xcb\x9c\xfa\x86\x6d\
\x0b\xe9\xb6\xae\x8c\xdf\x3a\x1c\xdf\xb0\x31\x83\xdf\xda\x3d\xd2\
\x58\x0d\x0f\x9d\x07\x67\x3f\x00\x7d\x46\x07\x1d\x8d\x48\x5a\x52\
\x02\x20\xe2\x54\x73\xcd\xb6\xe1\xf8\xba\x75\x5b\x86\xe5\x57\x6c\
\x19\x8e\x5f\xbf\x6d\x78\x5e\xbc\xd1\x58\x0d\x33\xbe\x05\x17\xcc\
\x84\x82\xf2\xa0\xa3\x11\x49\x3b\x4a\x00\x44\x76\xd4\xde\xb2\xe5\
\xcd\x7c\xbb\x15\xf1\x75\x6b\xcd\x90\xfc\x97\x7b\xdd\x5d\xde\xfe\
\x26\xce\xd4\xae\x86\x27\x2e\x87\x6f\xdc\x67\x6a\x08\x88\x48\xca\
\x94\x00\x48\xcf\x94\x8c\xc3\xba\xb9\x66\x9b\x59\xf5\x22\xb3\xa0\
\xae\x76\xb5\x79\xb0\x37\x6d\x0a\x3a\x3a\xe9\x8e\xe5\xef\xc2\x07\
\xf7\xc2\x84\x0b\x83\x8e\x44\x24\xad\x28\x01\x90\x1e\x24\x09\xcb\
\xde\x86\xcf\x66\xc2\xc2\x17\xcc\x10\xbe\x64\x86\x37\x6e\x84\xd1\
\x5f\x83\xe2\xca\xa0\x23\x11\x49\x1b\x4a\x00\xa4\x07\x48\xc2\xdc\
\xa7\xe0\xdd\x3f\x9b\x15\xe4\x92\x79\x5a\x1b\xe1\x9d\x5b\xe1\xd8\
\xeb\x83\x8e\x44\x24\x6d\xe8\x34\x40\xc9\x6c\xeb\x3e\x83\xfb\xbe\
\x0e\x4f\x5e\xa9\x87\x7f\xa6\xfb\xf4\x61\xb3\xd3\x42\x44\x52\xa2\
\x04\x40\x32\x54\x12\xde\xfd\x0b\xfc\xfd\x0c\x58\xf3\x51\xd0\xc1\
\x88\x1f\xe2\x6d\xf0\xc9\x3f\x83\x8e\x42\x24\x6d\x68\x0a\x40\x32\
\x4f\x5b\x13\xfc\xeb\x2a\x98\xf7\x4c\xd0\x91\xc8\x76\x4a\x4b\x4b\
\xa9\xac\xac\x64\xc0\x80\x01\x54\x54\x54\x50\x5e\x5e\x4e\x32\x99\
\x64\xc9\x92\x25\xbc\xf3\xce\x3b\x6c\xde\xec\xc2\xd9\x03\x73\x1e\
\x85\x83\xaf\x40\x07\x07\x89\x74\x4d\x09\x80\x64\x96\xb6\x46\x98\
\xf1\x6d\x58\xf1\x5e\xd0\x91\xf4\x18\xd9\xd9\xd9\xf4\xe9\xd3\x87\
\x81\x03\x07\xd2\xaf\x5f\x3f\xfa\xf7\xef\x4f\x65\x65\xe5\x97\x0f\
\xfb\xad\xbf\x96\x97\x97\xd7\x69\x1f\x4d\x4d\x4d\xdc\x7b\xef\xbd\
\xfc\xfe\xf7\xbf\xa7\xb9\xb9\xd9\x79\x30\x35\x2b\xcc\x54\x8f\x2a\
\x04\x8a\x74\x49\x09\x80\x64\x8e\x44\x3b\x3c\xfa\x5d\x3d\xfc\x5d\
\x54\x54\x54\xf4\xe5\x43\x7c\xfb\xb7\xf7\xad\x0f\xfb\xca\xca\x4a\
\xfa\xf6\xed\x4b\x34\x6a\x37\x9b\x98\x9f\x9f\xcf\xc5\x17\x5f\xcc\
\x21\x87\x1c\xc2\x59\x67\x9d\x65\x37\x1a\xb0\xec\x6d\x25\x00\x22\
\x29\x50\x02\x20\x99\xe3\xf9\x9f\x9b\x0f\x7f\xe9\x52\x34\x1a\xa5\
\x5f\xbf\x7e\x0c\x1a\x34\x88\xfe\xfd\xfb\x33\x64\xc8\x10\xfa\xf7\
\xef\xcf\xa0\x41\x83\x18\x38\x70\x20\x03\x06\x0c\x20\x2f\x2f\x6f\
\x97\x6f\xed\x5e\x18\x37\x6e\x1c\x77\xdc\x71\x07\x53\xa7\x4e\x25\
\x99\x4c\x3a\xeb\x64\xcd\xc7\xee\x06\x25\x92\xa1\x94\x00\x48\x66\
\xf8\x7c\x26\x7c\xf2\x50\xd0\x51\x84\x42\x7e\x7e\x3e\x83\x07\x0f\
\xa6\x7f\xff\xfe\x0c\x1e\x3c\x98\x01\x03\x06\x30\x70\xe0\xc0\xaf\
\x3c\xec\xfb\xf5\xeb\x47\x2c\xb6\xeb\xdb\xbf\xa6\xa6\x86\xc6\xc6\
\x46\x9f\xa2\xde\xe6\xe0\x83\x0f\xe6\xe4\x93\x4f\xe6\x89\x27\x9e\
\x70\xd6\x41\xd5\x22\x77\x03\x12\xc9\x50\x4a\x00\x24\xfd\xd5\xaf\
\x87\x17\x7e\x11\x74\x14\xbe\xd8\x3a\x9f\xbe\xfd\x9b\xfa\xd6\x87\
\xfd\xd6\x5f\x2b\x2b\x2b\x73\xe5\x5a\x5d\x25\x08\x5e\x3a\xfb\xec\
\xb3\x9d\x27\x00\x9b\x97\xbb\x1b\x8c\x48\x86\x52\x02\x20\xe9\xef\
\xf5\xff\x81\x96\xda\xa0\xa3\xb0\x92\x9b\x9b\xbb\xd3\x9b\x7a\x47\
\x6f\xef\xb9\xb9\xb9\xbe\xc5\x94\x95\x15\x5c\x6d\xfd\x89\x13\x27\
\x3a\x6f\xdc\xd6\x08\x24\xd1\x4e\x00\x91\x5d\x53\x02\x20\xe9\xad\
\x6a\x81\xd9\xfa\x15\x62\xbd\x7b\xf7\x66\xc0\x80\x01\x0c\x1a\x34\
\xe8\xcb\xef\x3b\xbe\xbd\x57\x54\x54\x04\x1d\xe6\x4e\x22\x91\xe0\
\x1e\xa0\x85\x85\x85\xe4\xe7\xe7\xd3\xd4\xd4\xd4\xfd\xc6\xc9\x84\
\xd9\x0a\x9a\x5d\xe0\x7e\x60\x22\x19\x44\x09\x80\xa4\xb7\xf7\xee\
\xc0\xbc\xed\xf9\x2f\x16\x8b\x51\x59\x59\xd9\xe1\x9b\xfa\xd6\x5f\
\x1b\x34\x68\x10\xf9\xf9\xf9\x81\xc4\x97\xee\xac\x46\x20\x82\xf9\
\x2b\x21\x92\x56\x94\x00\x48\xfa\x6a\xad\x87\x2f\x9e\xf2\xa4\xeb\
\xbc\xbc\x3c\x06\x0c\x18\x40\xff\xfe\xfd\xbf\xf2\x7d\xf8\xf0\xe1\
\x5f\xfe\xf3\x90\x21\x43\x02\x9d\x27\xcf\x74\xf1\x78\xdc\x79\xe3\
\x00\x47\x2f\x44\xd2\x85\x3e\xbd\x24\x7d\xcd\x7b\x16\xda\x2d\x8a\
\xc6\x6c\xd1\xbf\x7f\x7f\x2e\xb8\xe0\x02\x0e\x39\xe4\x10\x46\x8c\
\x18\xc1\xa0\x41\x83\x28\x2e\x2e\x76\x21\x40\xb1\xe1\x78\x1b\x20\
\x40\x44\x55\xce\x45\xba\xa2\x04\x40\xd2\xd7\xe2\x57\xac\x9a\x47\
\x22\x11\xae\xba\xea\x2a\xae\xbb\xee\x3a\x0d\xd3\x77\xc0\xea\x01\
\xec\x82\x44\x22\xe1\xbc\xb1\x12\x00\x91\x2e\x29\x01\x90\xf4\xb5\
\xfc\x5d\xab\xe6\x37\xdf\x7c\x33\x97\x5f\x7e\xb9\x4b\xc1\x88\xdb\
\x34\x02\x20\xe2\x2d\xdd\x25\x92\x9e\xea\xd6\x42\xd3\x26\xc7\xcd\
\xa7\x4d\x9b\xa6\x87\x7f\xc8\x69\x0d\x80\x88\xb7\x94\x00\x48\x7a\
\xaa\x76\x5e\xed\x2d\x12\x89\x70\xfd\xf5\xd7\xbb\x18\x8c\x78\x41\
\x53\x00\x22\xde\xd2\x5d\x22\xe9\xa9\x61\xa3\xe3\xa6\xfb\xef\xbf\
\x3f\xc3\x87\x0f\x77\x31\x98\xcc\x14\xe4\x1a\x00\xbb\x87\x7f\x70\
\x05\x8c\x44\xd2\x89\x12\x00\x49\x4f\xcd\x35\x8e\x9b\x8e\x1f\x3f\
\xde\xc5\x40\xc4\x0b\x76\x09\x80\x86\xff\x45\x52\xa1\x04\x40\xd2\
\x93\xc5\xf6\xbf\xf2\xf2\x72\x17\x03\x11\x2f\x68\x01\xa0\x88\xf7\
\x74\xa7\x48\x7a\x8a\xb7\x3a\x6e\xea\x67\x3d\x7d\x71\xc6\x6e\x01\
\xa0\x3e\xd6\x44\x52\xa1\x3b\x45\xd2\x53\xbc\xdd\x71\xd3\xec\xec\
\x6c\x17\x03\x11\x2f\x68\x01\xa0\x88\xf7\x74\xa7\x48\x7a\x4a\x38\
\x1f\x01\xc8\xc9\xc9\x71\x31\x90\xcc\x95\xbe\x8b\x00\xf5\xb1\x26\
\x92\x0a\xdd\x29\x92\x9e\xe2\x6d\x8e\x9b\x2a\x01\x08\x3f\x25\x00\
\x22\xde\xd3\x9d\x22\xe9\x49\x09\x40\x46\xd3\x22\x40\x11\xef\xe9\
\x4e\x91\xf4\xa4\x04\x20\xa3\x69\x1b\xa0\x88\xf7\x94\x00\x48\x7a\
\x52\x02\x90\xd1\x34\x05\x20\xe2\x3d\xdd\x29\x92\x9e\xb4\x08\xd0\
\x73\x5a\x04\x28\x92\xd9\x74\xa7\x48\x7a\xb2\x18\x01\xd0\x36\xc0\
\xf0\x53\x02\x20\xe2\x3d\xdd\x29\x92\x9e\x12\xce\xeb\x00\x68\x04\
\x20\xfc\xb4\x06\x40\xc4\x7b\x4a\x00\x24\x3d\x69\x0d\x40\x46\xd3\
\x61\x40\x22\xde\x53\x02\x20\xe9\xc9\xa2\x14\xb0\x12\x80\xf0\xd3\
\x14\x80\x88\xf7\x74\xa7\x48\x7a\xd2\x08\x80\xe7\xd2\x77\x11\xa0\
\xa6\x00\x44\x52\xa1\x04\x40\xd2\x93\x12\x80\x8c\xa6\x42\x40\x22\
\xde\xd3\x9d\x22\xe9\x29\xa1\x04\x20\x93\x69\x0a\x40\xc4\x7b\xba\
\x53\x24\x3d\x69\x0d\x40\x46\x53\x02\x20\xe2\x3d\xdd\x29\x92\x9e\
\x34\x05\x90\xd1\xe2\xf1\xb8\xf3\xc6\x5a\x03\x20\x92\x12\x25\x00\
\x92\x9e\x92\xce\xdf\x10\x63\xb1\x98\x8b\x81\x64\xae\x20\x17\x01\
\x6a\x0d\x80\x88\xf7\x74\xa7\x48\x7a\xca\x72\x5e\xcd\xaf\xa6\xa6\
\xc6\xc5\x40\xc4\x0b\xaa\x03\x20\xe2\x3d\x25\x00\x92\x9e\xb2\xf3\
\x1d\x37\x9d\x33\x67\x8e\x8b\x81\x88\x17\xec\x46\x00\x34\x05\x20\
\x92\x0a\x25\x00\x92\x9e\x8a\x07\x3a\x6e\xfa\xf0\xc3\x0f\xbb\x18\
\x88\x78\x41\x75\x00\x44\xbc\xa7\x04\x40\xd2\x53\xe9\x60\xc7\x4d\
\x9f\x7a\xea\x29\xde\x7e\xfb\x6d\x17\x83\x11\xb7\xd9\x2d\x02\xd4\
\xc7\x9a\x48\x2a\x74\xa7\x48\x7a\xea\xbf\x97\xe3\xa6\xc9\x64\x92\
\xb3\xcf\x3e\x9b\x95\x2b\x57\xba\x18\x50\xe6\x49\xdb\x4a\x80\xfa\
\x58\x13\x49\x89\xee\x14\x49\x4f\x83\xf6\xb7\x6a\xbe\x62\xc5\x0a\
\x0e\x3a\xe8\x20\x5e\x7d\xf5\x55\x77\xe2\x11\x57\x59\x25\x1f\x51\
\x7d\xac\x89\xa4\x42\xfb\xa1\x24\x3d\x15\x55\x42\xe5\x78\x58\xeb\
\x7c\x41\xdf\xca\x95\x2b\x39\xe2\x88\x23\x38\xea\xa8\xa3\x38\xeb\
\xac\xb3\xd8\x63\x8f\x3d\xe8\xd7\xaf\x1f\xb1\x58\x8c\x82\x82\x02\
\x72\x73\x73\xc9\xcb\xcb\x23\x3f\xdf\xf9\x82\x43\x71\x46\x85\x80\
\x44\xbc\xa7\x04\x40\xd2\xd7\xd8\x93\xac\x12\x80\xad\x5e\x7a\xe9\
\x25\x5e\x7a\xe9\xa5\x5d\xfe\x4c\x4e\x4e\x0e\x85\x85\x85\xc4\x62\
\x31\x8a\x8b\x8b\x89\x44\x22\x94\x96\x96\x02\x50\x5a\x5a\x4a\x24\
\x12\xa1\xa4\xa4\x84\xac\xac\x2c\x0a\x0b\x0b\xc9\xc9\xc9\x21\x3f\
\x3f\x9f\x21\x43\x86\x30\x69\xd2\x24\x26\x4f\x9e\x4c\x44\x8b\xd3\
\x52\xa6\x04\x40\xc4\x7b\x4a\x00\x24\x7d\xed\x79\x16\xbc\x79\x13\
\xb4\x37\x7b\x7e\xa9\xd6\xd6\x56\x5a\x5b\x4d\xf9\xe1\x0d\x1b\x36\
\x74\xbb\xfd\xe8\xd1\xa3\xb9\xf1\xc6\x1b\x39\xe9\xa4\x93\xdc\x0e\
\xcd\x33\x69\xbb\x06\x40\x09\x80\x48\x4a\x74\xa7\x48\xfa\xca\x2f\
\x83\x3d\xbf\x1e\x74\x14\x29\x99\x3f\x7f\x3e\xa7\x9c\x72\x0a\xbf\
\xfa\xd5\xaf\x82\x0e\x25\x2d\x68\x1b\xa0\x88\xf7\x94\x00\x48\x7a\
\x3b\xe8\x72\xc8\x29\x0c\x3a\x8a\x94\x24\x93\x49\xae\xbd\xf6\x5a\
\xee\xbe\xfb\xee\xa0\x43\x09\x3d\xbb\xd1\x07\x7d\xac\x89\xa4\x42\
\x77\x8a\xa4\xb7\xa2\x0a\x38\xe8\xb2\xa0\xa3\xe8\x96\x1f\xfe\xf0\
\x87\x6c\xde\xbc\x39\xe8\x30\x42\x4d\x53\x00\x22\xde\xd3\x9d\x22\
\xe9\xef\x80\xef\xc0\xc0\x09\x41\x47\x91\xb2\x4d\x9b\x36\x71\xdf\
\x7d\xf7\x05\x1d\x46\xa8\x29\x01\x10\xf1\x9e\xee\x14\x49\x7f\x91\
\x2c\x38\xf9\x26\x28\x28\x0f\x3a\x92\x94\x3d\xff\xfc\xf3\x41\x87\
\x10\x6a\x3a\x0e\x58\xc4\x7b\x4a\x00\x24\x33\x94\x0c\x84\xaf\xdf\
\x01\xb1\xbc\xa0\x23\x49\xc9\xb2\x65\xcb\x82\x0e\xa1\x4b\x69\xbb\
\x0b\x20\xaa\xd3\x00\x45\x52\xa1\x04\x40\x32\x47\xff\x7d\xe0\xac\
\xbb\xd3\x62\x51\x60\x63\x63\x63\xd0\x21\x84\x9a\xa6\x00\x44\xbc\
\xa7\x3b\x45\x32\xcb\xe0\x03\x60\xea\x3d\x50\xd8\x37\xe8\x48\x76\
\x29\xc8\xb7\xeb\x74\xa0\x5d\x00\x22\xde\xd3\x9d\x22\x99\x67\xc0\
\x7e\x30\x7d\xa6\xf5\x79\x01\x5e\x52\x55\xc0\x5d\x53\x1d\x00\x11\
\xef\x29\x01\x90\xcc\x54\x54\x09\xd3\x1e\x84\xa3\xae\x4d\x8b\x29\
\x81\x30\x4a\xdb\x35\x00\x9a\x02\x10\x49\x89\xee\x14\xc9\x5c\x91\
\x28\x4c\xf8\x26\x7c\xf7\x35\xd8\xff\x5b\x90\x1d\x9e\x43\x7d\x34\
\x02\xb0\x6b\x4a\x00\x44\xbc\xa7\x3b\x45\x32\x5f\x41\x6f\x38\xf2\
\xbf\xe0\xd2\x77\xe1\xe8\xeb\x4c\xcd\x80\x88\x56\x8a\x87\x99\xd5\
\xe8\x83\x92\x2b\x91\x94\xe8\x30\x20\xe9\x39\x72\x8b\x61\xbf\xf3\
\xcd\x57\xf3\x66\x58\xf9\x3e\xac\x9f\x0b\xd5\x8b\xa0\xa1\x0a\x5a\
\x6a\xa0\xb9\xd6\xfc\x6c\x4b\x1d\x24\x13\xd0\xda\x00\x89\xf6\x60\
\xe3\xee\x81\xec\xea\x00\xe8\xbd\x46\x24\x15\x4a\x00\xa4\x67\xca\
\x2b\x85\x91\x47\x9b\xaf\x54\xb4\x35\x41\xbc\x15\xda\x5b\xcc\xe9\
\x83\x89\x76\xa8\x5a\x08\x8f\x5d\xe2\xe8\xf2\x9a\x02\xd8\x35\x4d\
\x01\x88\x78\x4f\x09\x80\x48\x2a\xb2\xf3\x3b\x58\x43\x90\xd9\x0f\
\xf1\x20\x17\x01\xda\x8d\x00\x68\x7a\x47\x24\x15\x4a\x95\x45\x02\
\xa0\x11\x80\x5d\xd3\x1a\x00\x11\xef\x29\x01\x10\x91\xd0\x51\x29\
\x60\x11\xef\x29\x01\x10\x71\x4c\xd5\xfc\xbc\xa2\x35\x00\x22\xde\
\xd3\x9d\x22\x12\x00\x4d\x01\xec\x9a\x2a\x01\x8a\x78\x4f\x09\x80\
\x88\x74\x48\x95\x00\x45\x32\x9b\xee\x14\x11\xa7\x74\xa0\x8f\x67\
\x74\x18\x90\x88\xf7\x74\xa7\x88\x04\x40\x53\x00\xbb\xa6\x11\x00\
\x11\xef\xe9\x4e\x11\x91\xd0\xb1\xab\x03\xa0\xe4\x4a\x24\x15\x4a\
\x00\x44\x1c\xcb\xec\x29\x00\xad\x01\x10\xc9\x6c\xba\x53\x44\x02\
\xa0\x29\x80\x5d\x53\x1d\x00\x11\xef\x29\x01\x10\x91\xd0\x51\x25\
\x40\x11\xef\x29\x01\x10\x71\xcc\xf9\x43\x4a\x23\x00\xbb\x66\x35\
\x02\xa0\x8f\x35\x91\x94\xe8\x4e\x11\x91\xd0\xd1\x1a\x00\x11\xef\
\xe9\x4e\x11\x91\xd0\x51\x02\x20\xe2\x3d\xdd\x29\x22\x4e\x59\x4d\
\x53\x87\x7f\x0a\x20\x7d\x77\x01\x84\xff\xf7\x56\x24\x0c\x94\x00\
\x88\x48\xe8\x68\x11\xa0\x88\xf7\x94\x00\x88\x48\xe8\xd8\x8d\x00\
\x68\x1b\xa0\x48\x2a\x94\x00\x88\x38\xa6\x5d\x00\x5e\xd1\x1a\x00\
\x11\xef\xe9\x4e\x11\x91\x0e\x69\x0d\x80\x48\x66\x53\x02\x20\xe2\
\x94\x4e\x03\xf4\x8c\x46\x00\x44\xbc\xa7\x3b\x45\x24\x00\x9a\x02\
\xd8\x35\xbb\x45\x80\xfa\x58\x13\x49\x85\xee\x14\x11\x09\x1d\x8d\
\x00\x88\x78\x4f\x77\x8a\x88\x63\x9a\x02\xf0\x8a\xd6\x00\x88\x78\
\x4f\x09\x80\x48\x00\xd2\x61\x0a\x20\xc8\x45\x80\xf1\x78\xdc\x79\
\x63\x8d\x00\x88\xa4\x44\x77\x8a\x88\x84\x8e\xdd\x1a\x00\xd5\x01\
\x10\x49\x85\x12\x00\x11\xa7\xb4\x0b\xc0\x33\x9a\x02\x10\xf1\x9e\
\x12\x00\x91\x00\xa4\xc3\x14\x40\x90\xb4\x08\x50\xc4\x7b\xba\x53\
\x44\x24\x74\x94\x00\x88\x78\x4f\x77\x8a\x88\x63\x99\x3d\x05\x90\
\xbe\x95\x00\xf5\xb1\x26\x92\x0a\xdd\x29\x22\x01\xd0\x14\xc0\xae\
\x69\x0d\x80\x88\xf7\x94\x00\x88\x48\xe8\xd8\x8d\x3e\xe8\x63\x4d\
\x24\x15\xba\x53\x44\x9c\xb2\x78\x48\x69\x04\x60\xd7\x54\x07\x40\
\xc4\x7b\xba\x53\x44\xa4\x43\x69\xbb\x06\x20\xaa\x3a\x00\x22\xa9\
\x50\x02\x20\xe2\x94\xde\xe2\x3d\x63\x95\x00\x88\x48\x4a\x94\x00\
\x88\x38\x95\x5b\xe2\xb8\x69\x79\x79\xb9\x8b\x81\x64\x1e\xab\xd1\
\x07\x8d\x00\x88\xa4\x44\x09\x80\x88\x53\x45\xfd\x20\xbb\xc0\x51\
\xd3\xd1\xa3\x47\xbb\x1c\x4c\x66\xd1\x36\x40\x11\xef\xe9\x4e\x11\
\x71\x2a\x2b\x1b\x86\x4f\x71\xd4\xf4\x94\x53\x4e\x71\x39\x98\xcc\
\xa2\x6d\x80\x22\xde\x53\x02\x20\x62\xe3\xa0\xef\x77\xfb\x8d\xf3\
\x80\x03\x0e\xe0\xd8\x63\x8f\xf5\x28\xa0\xcc\x60\xb7\x06\x40\x1f\
\x6b\x22\xa9\xd0\x9d\x22\x62\xa3\x62\x77\x38\xe8\xb2\x94\x7f\xbc\
\xb8\xb8\x98\x3b\xef\xbc\x33\xf4\xdb\x00\x83\xdc\x01\x00\x9a\x02\
\x10\xf1\x83\xee\x14\x11\x5b\x87\xfc\x07\x1c\x78\x49\x97\x3f\xd6\
\xaf\x5f\x3f\x9e\x7d\xf6\x59\xc6\x8f\x1f\xef\x43\x50\xe9\xcd\xee\
\x38\x60\x7d\xac\x89\xa4\x42\x77\x8a\x88\xb5\x08\x1c\xf6\x63\x98\
\xf6\x20\xec\x76\xd0\x4e\xe7\xd1\xf7\xee\xdd\x9b\x2b\xaf\xbc\x92\
\x39\x73\xe6\x30\x79\xf2\xe4\x80\x62\x4c\x2f\x5a\x03\x20\xe2\xbd\
\x58\xd0\x01\x88\x64\x8c\xc1\x07\xc0\x37\xee\x87\xa6\x4d\x50\xbd\
\x98\x5f\x1e\x96\xc5\x29\x13\x87\xb2\xe7\x9e\x7b\x12\x8b\xe9\x56\
\xeb\x0e\x55\x02\x14\xf1\x9e\x3e\x95\x44\xdc\x96\x5f\x06\x03\x27\
\xb0\xff\x61\xfd\xd8\x77\xac\xb3\x6d\x82\x41\x4b\xeb\x35\x00\xaa\
\x03\x20\x92\x12\xa5\xca\x22\x1e\xd1\x40\xb4\x73\xda\x05\x20\xe2\
\x3d\xdd\x29\x22\x12\x3a\x76\x8b\x00\x95\x7a\x89\xa4\x42\x09\x80\
\x88\x84\x8e\xb6\x01\x8a\x78\x4f\x77\x8a\x88\x47\xc2\xbe\xd7\x3f\
\xcc\x94\x00\x88\x78\x4f\x77\x8a\x88\xec\x24\xe8\x45\x80\xda\x05\
\x20\xe2\x3d\xdd\x29\x22\x12\x3a\x5a\x03\x20\xe2\x3d\x25\x00\x22\
\x1e\xd1\x63\xc8\x39\xbb\x29\x00\x6d\x03\x14\x49\x85\x12\x00\x11\
\x09\x1d\xad\x01\x10\xf1\x9e\xee\x14\x11\x09\x1d\x95\x02\x16\xf1\
\x9e\x12\x00\x11\x8f\xa4\xf3\x73\x28\xe8\x45\x80\x1a\x01\x10\xf1\
\x9e\xee\x14\x11\x09\x1d\x25\x00\x22\xde\xd3\x9d\x22\xe2\x91\x34\
\x1e\x00\x08\x9c\x8e\x03\x16\xf1\x9e\xee\x14\x11\x09\x1d\xad\x01\
\x10\xf1\x9e\x12\x00\x11\x09\x1d\x15\x02\x12\xf1\x9e\xee\x14\x11\
\x8f\xa4\xf3\x8b\x68\x7a\x2f\x02\x54\x1d\x00\x91\x54\x28\x01\x10\
\x91\xd0\x51\x25\x40\x11\xef\x29\x01\x10\x91\xd0\xd1\x2e\x00\x11\
\xef\xe9\x4e\x11\xf1\x88\xde\x43\x9d\x53\x02\x20\xe2\xbd\x58\xd0\
\x01\x88\x64\x94\x4d\xcb\x60\xe1\x0b\x50\xb5\x90\xdf\x7c\x0e\xff\
\x1a\x35\x90\x29\x53\xa6\x70\xdc\x71\xc7\x91\x97\x97\x17\x74\x74\
\x69\x43\x09\x80\x88\xf7\x94\x00\x88\xb8\xa1\x69\x13\xbc\x74\x1d\
\xcc\x7d\x0a\x92\xe6\xe1\xf5\xca\x27\xf0\x0a\xf0\xc7\x3f\xfe\x91\
\x41\x83\x06\xf1\x87\x3f\xfc\x81\x6f\x7c\xe3\x1b\xc1\xc6\x99\xa2\
\xf4\x5e\x04\xa8\xb1\x17\x91\x54\x28\x55\x16\xb1\x55\xb3\x12\xee\
\x3d\x0d\x3e\x7f\xe2\xcb\x87\xff\x8e\x56\xae\x5c\xc9\xd9\x67\x9f\
\xcd\x2f\x7f\xf9\x4b\x7f\x63\x4b\x53\x2a\x04\x24\xe2\x3d\xdd\x29\
\x22\x36\xda\x5b\xe0\xd1\xef\x40\xcd\x8a\x94\x7e\xfc\xba\xeb\xae\
\xe3\xfe\xfb\xef\xf7\x38\xa8\xf4\xa7\x3a\x00\x22\xde\xd3\x9d\x22\
\x62\xe3\xc3\xbf\xc3\x86\x79\xdd\x6a\x72\xd5\x55\x57\xd1\xd0\xd0\
\xe0\x51\x40\x99\x41\x6b\x00\x44\xbc\xa7\x3b\x45\xc4\xc6\xc7\xff\
\xe8\x76\x93\xb5\x6b\xd7\x32\x73\xe6\x4c\x0f\x82\x71\x4f\x7a\xaf\
\x01\xd0\xc7\x9a\x48\x2a\x74\xa7\x88\x38\x55\xbf\x16\xaa\x17\x3b\
\x6a\xfa\xf2\xcb\x2f\xbb\x1c\x4c\x66\x51\x02\x20\xe2\x3d\xdd\x29\
\x22\x4e\xd5\xad\x73\xdc\x74\xe5\xca\x95\x2e\x06\x92\x79\xb4\x08\
\x50\xc4\x7b\xba\x53\x44\x9c\x6a\x6f\x76\xdc\xb4\xb9\xd9\x79\xdb\
\x9e\x40\xdb\x00\x45\xbc\xa7\x04\x40\x44\x42\x47\x53\x00\x22\xde\
\xd3\x9d\x22\x22\x3b\xd1\x22\x40\x91\xcc\xa7\x3b\x45\xc4\x29\x8b\
\x87\x64\x44\xc3\xd4\xbb\xa4\x04\x40\xc4\x7b\xba\x53\x44\x24\x74\
\x94\x00\x88\x78\x4f\x77\x8a\x88\x84\x8e\x12\x00\x11\xef\xe9\x4e\
\x11\x71\x4c\x53\x00\x5e\x48\x26\x93\xce\xd7\x20\xe8\xe1\x2f\x92\
\x32\xdd\x2d\x22\xb2\x93\x20\x17\x01\x6a\x0b\xa0\x88\x3f\x94\x00\
\x88\x38\x15\xec\x42\xf9\x8c\xa5\xe1\x7f\x11\x7f\xe8\x6e\x11\x09\
\x80\xa6\x00\x3a\xa7\x2a\x80\x22\xfe\xd0\xdd\x22\x22\xa1\xa2\x11\
\x00\x11\x7f\xe8\x6e\x11\x71\x4c\x8b\x00\xbd\xa0\x35\x00\x22\xfe\
\x50\x02\x20\x22\x3b\x09\x72\x11\x60\x3c\x1e\xb7\x68\xad\x8f\x34\
\x91\x54\xe9\x6e\x11\x91\x50\xb1\x4a\x3e\xa2\x59\xee\x05\x22\x92\
\xe1\x94\x00\x88\x38\xa6\x29\x00\x2f\x68\x0d\x80\x88\x3f\x74\xb7\
\x88\x48\xa8\x68\x0d\x80\x88\x3f\x94\x00\x88\x38\x15\xf0\x89\x79\
\x99\x4a\x23\x00\x22\xfe\xd0\xdd\x22\x12\x80\xb0\x4f\x01\xa4\x6f\
\x25\x40\x7d\xa4\x89\xa4\x4a\x77\x8b\x88\x84\x8a\x5d\xf2\xa1\x8f\
\x34\x91\x54\xe9\x6e\x11\x71\x4c\x53\x00\x5e\xd0\x1a\x00\x11\x7f\
\x28\x01\x10\x09\x40\xd8\xa7\x00\x82\x64\x55\x07\x40\x53\x00\x22\
\x29\xd3\xdd\x22\x22\x3b\x49\xdb\x35\x00\xaa\x03\x20\x92\x32\x25\
\x00\x22\x4e\x69\x17\x80\x27\x34\x05\x20\xe2\x0f\x25\x00\x22\x01\
\xd0\x14\x40\xe7\x74\x1a\xa0\x88\x3f\x74\xb7\x88\x48\xa8\x68\x1b\
\xa0\x88\x3f\x74\xb7\x88\x38\xa6\x52\xc0\x5e\xb0\x4a\x00\xf4\x91\
\x26\x92\x32\xdd\x2d\x22\xb2\x93\xb4\x5d\x04\xa8\xc4\x4a\x24\x65\
\x4a\x00\x44\x9c\xd2\x22\x40\x4f\x68\x0a\x40\xc4\x1f\xba\x5b\x44\
\x02\xa0\x29\x80\xce\x69\x11\xa0\x88\x3f\x74\xb7\x88\x48\xa8\x58\
\x15\x02\x8a\xea\x23\x4d\x24\x55\xba\x5b\x44\x24\x54\x34\x05\x20\
\xe2\x0f\xdd\x2d\x22\x01\x08\xfb\x14\x40\xda\x2e\x02\xd4\x47\x9a\
\x48\xca\x74\xb7\x88\x48\xa8\x68\x04\x40\xc4\x1f\xba\x5b\x44\x9c\
\xd2\x2e\x00\x4f\xd8\x2d\x02\x0c\xf7\xc8\x8a\x48\x98\x28\x01\x10\
\x09\x40\xd8\xa7\x00\x82\xa4\x11\x00\x11\x7f\xe8\x6e\x11\x71\x4c\
\x23\x00\x5e\x50\x02\x20\xe2\x0f\xdd\x2d\x22\x01\x08\xfb\x08\x40\
\xda\x2e\x02\x54\x02\x20\x92\x32\xdd\x2d\x22\x12\x2a\x2a\x05\x2c\
\xe2\x0f\x25\x00\x22\x4e\x69\x11\xa0\x27\xec\x12\x80\x2c\xf7\x02\
\x11\xc9\x70\x4a\x00\x44\x02\x10\xf6\x29\x80\x20\x69\x0a\x40\xc4\
\x1f\xba\x5b\x44\x24\x54\x34\x05\x20\xe2\x0f\x25\x00\x22\x8e\x65\
\xee\x14\x80\x16\x01\x8a\x64\x3e\xdd\x2d\x22\x01\xd0\x14\x40\xe7\
\x74\x1a\xa0\x88\x3f\x74\xb7\x88\x38\xa5\x45\x80\x9e\xd0\x08\x80\
\x88\x3f\x74\xb7\x88\x48\xa8\x68\x0d\x80\x88\x3f\x94\x00\x88\x04\
\x40\x53\x00\x9d\x8b\xc7\xe3\xce\x1b\x6b\x04\x40\x24\x65\xba\x5b\
\x44\x1c\xcb\xdc\x29\x80\xf4\x5d\x04\xa8\x3a\x00\x22\xa9\x52\x02\
\x20\x22\x99\xa3\xad\x11\x6a\x57\x41\x73\x0d\x99\x9c\xa0\x89\xb8\
\x21\x16\x74\x00\x22\xa1\xd3\xb4\x09\x1a\xab\xa0\xb5\x01\x5a\xeb\
\xa1\xa5\xce\x7c\x6f\x6d\x34\xbf\xd6\x52\x67\xbe\xaa\x17\x07\x1d\
\x69\x46\xb2\x1a\x01\x58\xf4\xb2\xf9\xda\x2a\xa7\x00\x72\x8a\x20\
\xa7\xd0\x7c\xe5\xf6\x82\xfc\x52\x28\xac\x80\xb2\xdd\xa0\x72\x3c\
\x54\x8c\x83\x58\xae\x7d\xe0\x22\x69\x46\x09\x80\xf4\x6c\x4d\x9b\
\x60\xf1\x6b\xb0\xfc\x1d\x58\x37\x07\xaa\x16\x41\xbc\xd5\xf3\xcb\
\x6a\x0d\x40\xe7\xac\x12\x80\x1d\xb5\x36\x9a\xaf\x5d\xc9\xce\x87\
\xa1\x87\xc0\x98\x13\x60\xcc\xd7\x20\x2b\xc7\xbd\xeb\x8b\x84\x98\
\x12\x00\xe9\x81\x92\xe6\xa1\xff\xd1\xfd\xb0\xe8\x55\x48\x5a\x2c\
\x3a\x13\xd7\xb9\x9a\x00\xa4\xa2\xad\x09\x16\xbc\x60\xbe\x5e\xfe\
\x15\xec\x7b\x3e\x4c\xbc\xc8\x8c\x18\x88\x64\x30\x25\x00\xd2\xb3\
\x2c\x79\x0d\x5e\xbf\xd1\xbc\xed\x4b\xa7\xd2\x76\x11\xa0\xad\xc6\
\x6a\x78\xeb\x66\xf8\xf0\x3e\x98\x72\x0d\xec\xf9\x75\x40\xa3\x35\
\x92\x99\xa2\x40\x9b\xe3\xd6\x89\x76\xf7\x22\x11\xf1\x52\x63\x15\
\x3c\x71\x39\x3c\x7c\x61\x28\x1e\xfe\x9a\x02\xe8\x5c\xa0\x09\xc0\
\x56\x8d\xd5\xf0\xcc\x8f\xcd\xdf\x97\xc6\xea\xa0\xa3\x91\x30\x0b\
\xb2\x20\x98\xdd\x33\xb8\x35\x0a\x38\x9f\xf0\xf4\x61\xae\x54\xc4\
\xda\xaa\xd9\x70\xf7\x89\xf0\xc5\xd3\x41\x47\xf2\x25\x25\x00\x9d\
\x0b\x45\x02\xb0\xd5\x92\xd7\xe1\xde\x53\x60\xdd\x67\x41\x47\x22\
\xa1\x15\xe0\xdf\xd7\xb8\xf3\xf7\x77\xa0\xc5\x32\x01\xb0\xba\xb8\
\x88\xf7\x3e\x7f\x02\xfe\x31\x0d\xea\xd7\x07\x1d\x49\x5a\x09\x32\
\x41\x09\x55\x02\x00\x50\xbb\x1a\x1e\x3c\x07\x56\x7f\x10\x74\x24\
\x12\x46\x69\x3c\x02\x10\x03\x5a\x1c\x37\xd7\x08\x80\x84\xd9\xa7\
\x33\xe0\xd9\x6b\x20\x19\xb2\x07\x0a\x90\x95\x15\xee\x82\x35\x65\
\x65\x65\x80\x59\x0b\x90\x48\x24\x48\x26\x93\x5f\xf9\xe7\xae\x7e\
\x2d\x1e\x8f\x3b\xae\xe8\x57\x54\x54\xe4\xe6\xff\x8a\x3b\x5a\xea\
\xe0\x9f\xd3\xe1\x9c\x87\xa0\x62\x8f\xa0\xa3\x91\x50\x09\x30\x01\
\xb0\x1c\x01\x88\xa1\x11\x00\xc9\x44\x8b\x5e\x86\xe7\x7e\x12\xca\
\x87\x3f\x40\x65\x65\x65\xd0\x21\xa4\x24\x12\x89\x38\x4e\x56\x92\
\xc9\x24\xed\xed\xed\x34\x37\x37\xd3\xd4\xd4\x94\x72\x42\x30\x64\
\xc8\x10\x47\xd7\xf3\x5c\x6b\x03\xcc\xb8\x08\x2e\x78\x0c\x8a\xfa\
\x05\x1d\x8d\x84\x45\x1a\x8f\x00\x44\xb1\x19\x01\x68\xeb\x62\x7f\
\xad\x48\x10\xaa\x17\xc3\x93\x57\x40\x22\xbc\xdb\xfb\x26\x4d\x9a\
\x14\x74\x08\x9e\x8b\x44\x22\x64\x67\x67\x53\x5c\x5c\x4c\x45\x45\
\x05\x65\x65\x65\x29\x25\x13\x7b\xef\xbd\x37\x7d\xfa\xf4\xf1\x21\
\x42\x07\xea\xd7\xc2\xd3\x3f\x0a\x6d\x62\x29\x01\x08\x32\x01\x68\
\x6f\xb6\x69\xdd\x12\x05\xea\x1c\x37\x6f\xda\x6c\x73\x71\x11\xf7\
\xc5\xdb\xe0\xc9\x2b\xbb\x2e\xfe\x12\xa0\x5e\xbd\x7a\x71\xe2\x89\
\x27\x06\x1d\x86\xef\xf2\xf2\xf2\xe8\xdb\xb7\x6f\x97\x43\xfc\x59\
\x59\x59\x5c\x7c\xf1\xc5\x3e\x45\xe5\xc0\xb2\xb7\xe1\x83\x7b\x83\
\x8e\x42\xc2\x22\x19\xe0\x6e\xb8\x16\xe7\x8f\x6f\xa0\x36\x0a\x54\
\x39\x6e\xde\xb4\xc9\xe6\xe2\x22\xee\x7b\xff\xae\xd0\xaf\xd8\xfe\
\xd9\xcf\x7e\x46\x69\x69\x69\xd0\x61\x04\x22\x12\x89\x50\x5c\x5c\
\x4c\x69\x69\xe9\x2e\x17\x1a\x7e\xf7\xbb\xdf\x65\xe2\xc4\x89\x3e\
\x46\xd6\x4d\x6f\xfc\x3f\x68\xd8\x10\x74\x14\x12\x06\x41\x8e\x34\
\xb6\xd4\xda\xb4\xae\x8a\x02\x1b\x1d\x37\x57\x02\x20\x61\xd2\xb0\
\x01\xde\xb9\x25\xe8\x28\x76\xe9\xf4\xd3\x4f\xe7\x47\x3f\xfa\x51\
\xd0\x61\x04\x2e\x3f\x3f\x7f\x97\x49\x50\x76\x76\x36\x77\xde\x79\
\x27\xfb\xec\xb3\x8f\x8f\x51\x75\x43\x6b\x3d\xbc\x77\x5b\xd0\x51\
\x48\x18\x04\x99\x00\x34\x5b\x8d\x00\x6c\xd4\x08\x80\x64\x8e\xf7\
\xff\x16\xda\xa1\xff\xac\xac\x2c\x7e\xf8\xc3\x1f\xf2\xcf\x7f\xfe\
\x93\x68\x54\x87\x70\x82\x99\x12\x28\x2e\x2e\xee\xf4\xbf\xf7\xe9\
\xd3\x87\xc7\x1f\x7f\x9c\x6b\xae\xb9\x26\x9c\x6b\x02\x3e\x79\x10\
\x9a\x35\x0d\xda\xe3\x05\x59\x10\xcf\x72\x04\x20\x86\x46\x00\x24\
\x13\xb4\x35\xc2\x87\x7f\x0f\x3a\x8a\xaf\x28\x2e\x2e\x66\xe4\xc8\
\x91\x4c\x99\x32\x85\x8b\x2e\xba\x88\x71\xe3\xc6\x05\x1d\x52\xe8\
\x14\x15\x15\xd1\xd2\xd2\x42\x6b\x6b\xc7\x9b\x91\x72\x72\x72\xb8\
\xe2\x8a\x2b\xb8\xf4\xd2\x4b\xf9\xf0\xc3\x0f\x59\xb4\x68\x11\x55\
\x55\x55\xd4\xd6\xd6\x52\x5f\x5f\xff\x95\xaf\x9a\x9a\x1a\xea\xeb\
\xeb\x69\x68\x68\xa0\xae\xae\x8e\xc6\x46\x8f\x93\xc1\xd6\x46\xf8\
\xec\x31\x98\x70\xa1\xb7\xd7\x91\x70\x0b\x34\x01\xb0\x1a\x01\xa8\
\x8a\x61\x33\x02\x50\xb7\xc6\xe6\xe2\x22\xee\x99\xff\x9c\x19\x96\
\x75\x49\xbf\x7e\xfd\x18\x34\x68\x10\x25\x25\x25\x14\x15\x15\x51\
\x5c\x5c\x4c\x51\x51\x11\x65\x65\x65\x14\x17\x17\x7f\xf9\xef\xc5\
\xc5\xc5\x94\x95\x95\x7d\xe5\x67\x4a\x4a\x4a\xba\x9c\xe3\x96\x6d\
\x4a\x4a\x4a\xd8\xb8\x71\xd7\xef\x21\xb1\x58\x8c\x89\x13\x27\x76\
\x6b\x5d\x40\x22\x91\xa0\xae\xae\xee\x2b\xc9\x42\x55\x55\x15\xf3\
\xe6\xcd\xe3\xa9\xa7\x9e\xe2\xb3\xcf\x5c\x58\x2b\xf2\xf9\x93\x4a\
\x00\x7a\xba\x20\x0f\x13\x6b\x70\xfe\xfe\x0e\x6c\x8c\x01\xeb\x1c\
\x37\xaf\x59\x69\x73\x71\x11\xf7\x7c\xf1\x94\x75\x17\xa5\xa5\xa5\
\x5c\x7d\xf5\xd5\x5c\x70\xc1\x05\x0c\x18\x30\xc0\x85\xa0\x24\x15\
\xd9\xd9\xd9\xe4\xe5\xe5\xd1\xdc\x6c\xb5\xa5\x69\x27\xd1\x68\x94\
\x5e\xbd\x7a\xd1\xab\x57\xaf\xaf\xfc\xfa\xf1\xc7\x1f\xcf\x95\x57\
\x5e\xc9\xd3\x4f\x3f\xcd\xd5\x57\x5f\x4d\x75\xb5\x45\xad\xff\x35\
\x1f\x9b\xb3\x02\x0a\x7a\x5b\x46\x2b\x69\x29\x99\x08\x76\x0d\x40\
\x83\x55\x85\xd3\xf5\x51\x60\xa9\xe3\xe6\x4a\x00\x24\x0c\x12\xed\
\xb0\xe2\x3d\xab\x2e\x26\x4e\x9c\xc8\xe7\x9f\x7f\xce\x35\xd7\x5c\
\xa3\x87\x7f\x00\xf2\xf3\xf3\x7d\xbf\xe6\x89\x27\x9e\xc8\x93\x4f\
\x3e\x49\xdf\xbe\x7d\x2d\x7a\x49\x5a\xff\xdd\x93\x34\x16\x74\x35\
\xdc\x3a\xe7\xef\xef\xc0\x12\xbb\x04\xa0\x61\xa3\x39\x4b\x5b\x24\
\x48\xeb\x3e\xb7\x5a\xfc\x37\x66\xcc\x18\x5e\x78\xe1\x05\xfa\xf7\
\xef\xef\x62\x50\xd2\x1d\xb9\xb9\xb9\x81\x4c\x99\x0c\x1b\x36\x8c\
\x5b\x6e\xb1\xdc\x39\xb2\xee\x53\x77\x82\x91\xf4\xd3\x1e\x60\x02\
\xd0\xde\x6c\xbb\x08\x70\x49\x14\xd8\x00\x38\x9c\x3c\x4d\x42\xed\
\x2a\x9b\x00\x44\xec\x55\xcd\xb7\x6a\xfe\x97\xbf\xfc\x65\xa7\x61\
\x62\xf1\xd7\xd6\xaa\x81\x41\x38\xec\xb0\xc3\x38\xec\xb0\xc3\x9c\
\x77\x50\xbd\xc4\xbd\x60\x24\xbd\xc4\x9d\x17\xd2\xb5\x66\xf7\xf6\
\x5f\x03\x6c\xda\xba\x1f\x69\xa9\xe3\x6e\x36\x39\x6f\x2a\xe2\x8a\
\x4d\xcb\x1c\x37\x9d\x34\x69\x12\x87\x1f\x7e\xb8\x7b\xb1\x88\x63\
\x41\x1e\x90\x74\xda\x69\xa7\x39\x6f\x5c\xb7\xd6\xbd\x40\xcb\x9f\
\x63\xe7\x00\x00\x16\xbb\x49\x44\x41\x54\x24\xbd\x04\x79\x1e\x8e\
\xdd\x22\xfc\xa5\x00\xf6\x09\xc0\x86\x2f\x6c\x82\x10\xb1\xd7\x5c\
\xe3\xb8\xe9\xf1\xc7\x1f\xef\x62\x20\x62\x23\xc8\x04\xc0\x6a\x8b\
\x66\x6b\x83\x7b\x81\x48\x7a\x09\x72\x0d\x80\xdd\xcb\xf7\x12\xd8\
\x96\x00\x2c\x72\xdc\xcd\x86\x79\x36\x41\x88\xd8\xb3\xd8\xfe\xb7\
\xdb\x6e\xbb\xb9\x18\x88\xd8\x08\xb2\x40\xd2\xd6\xe3\x8f\x1d\xd1\
\x3a\xa8\x9e\xab\x3d\xc0\x3f\xfb\xcd\xce\x47\x3e\xd9\xf2\xcc\xdf\
\x7a\xc7\xcd\x71\xdc\x8d\x46\x00\x24\x68\x16\xc3\x70\x85\x85\x85\
\x2e\x06\x22\xe9\x4a\x35\x1b\xa4\xdb\x92\xf1\x60\xa7\x00\x2c\xa6\
\x3e\xd9\xf2\xcc\xdf\x9a\x00\x7c\xe2\xb8\x9b\xea\xa5\xca\x80\x25\
\x58\x16\xfb\x70\x83\x1c\x76\x16\x91\x34\xd6\xe6\x6e\xdd\x8a\x6e\
\x69\x6f\xb6\x5d\x03\xf0\x09\x6c\x4b\x00\x3e\x03\x9c\x1d\x70\x9d\
\x8c\xc3\xc6\x05\x36\x81\x88\xd8\xb1\x38\x9b\x5d\x09\x80\x88\x38\
\xd2\x1e\x60\x02\xb0\x79\x39\x24\x93\x4e\x5b\xc7\x81\xb9\xb0\x2d\
\x01\x68\x00\x16\x3a\x0e\x66\xf5\x07\x8e\x9b\x8a\x58\xb3\x28\xc5\
\xa9\x04\x40\x44\x1c\x09\x32\x01\x58\x6f\x35\xf5\x3e\x1f\x68\x82\
\x6d\x09\x00\xd8\x4c\x03\xac\x9a\x6d\x13\x8c\x88\x1d\x8b\x29\x80\
\x58\x2c\xe6\x62\x20\x22\xd2\x63\x04\x39\xf5\xbd\x61\xae\x4d\xeb\
\x2f\x9f\xf5\xdb\x27\x00\x1f\x3b\xee\x4e\x09\x80\x04\x49\x6b\x00\
\x44\xc4\x4f\xc9\x44\xb0\x3b\x00\xec\x46\x00\x3a\x4c\x00\xde\x71\
\xdc\x5d\xdd\x5a\x55\x04\x94\xe0\x68\x0a\x40\x44\xfc\xd4\xd6\x68\
\x33\x07\x6f\xa7\x6e\x0d\x34\x6d\xb2\xe9\xe1\xed\xad\xff\xb0\x7d\
\x02\xf0\x6f\xc0\xf9\xc1\xc6\x2b\x35\x0a\x20\x01\xd1\x22\x40\x11\
\xf1\x53\x9b\xf3\xb3\x47\xac\xd9\xbd\xfd\xb7\x01\xb3\xb6\xfe\xcb\
\xf6\x09\x40\x1d\xe0\xfc\x54\x8b\x65\x6f\x3a\x0f\x49\xc4\x86\xa6\
\x00\x44\xc4\x4f\x2d\x01\x56\x7f\x5c\xf3\x91\x4d\xeb\x0f\x31\x8b\
\xfe\x81\xaf\x26\x00\x00\x6f\x39\xee\x76\xf1\x6b\x40\x40\x43\x22\
\xd2\xb3\x69\x0a\x40\x44\x7c\x93\x0c\x6e\x04\x20\x99\x84\xd5\x56\
\x09\xc0\x57\xde\xd4\xdd\x4b\x00\x1a\x36\xc0\x7a\xab\x95\x89\x22\
\xce\x24\x34\x05\x20\x22\x3e\x69\x6b\xb2\x7a\xe9\xb0\x52\xb5\xd0\
\xea\xec\x13\x76\x78\xc6\xef\x98\x00\xd8\x8d\xe3\x2f\x7e\xd5\xaa\
\xb9\x88\x23\x1a\x01\x10\x11\xbf\xb4\xd4\x05\x77\xed\xd5\x1f\xda\
\xb4\x4e\xb2\xdd\x02\x40\xd8\x39\x01\x58\x09\x7c\xee\xb8\xfb\xc5\
\xaf\x39\x6e\x2a\xe2\x98\xd6\x00\x88\x88\x5f\x82\x4c\x00\xec\xb6\
\xdc\x7f\x0c\x7c\xe5\xec\xea\x8e\x8e\xdf\x7a\xc6\x71\xf7\xab\x3e\
\x80\x86\x8d\x8e\x9b\x8b\x38\xa2\x11\x00\x11\xf1\x43\xb2\x3d\xb8\
\x02\x40\x4d\x9b\x6c\xcb\xee\x3f\xbb\xe3\x2f\xb8\x9b\x00\x24\xe3\
\x30\x7f\xa7\x6b\x88\x78\x4b\xdb\x00\xc5\x52\xc2\x62\x1d\x09\x3a\
\x49\xb0\xe7\x68\xa9\x27\xb0\xc5\xee\x4b\xdf\xb2\xfa\xac\xa3\x83\
\x67\x7b\x47\x09\xc0\x1b\x98\x2d\x81\xce\x7c\xf1\xb4\xe3\xa6\x22\
\x8e\x44\x9d\x97\xf3\x6d\x6c\x0c\x70\x3f\xaf\x7c\x45\x32\xa8\xc2\
\x2a\xc0\xc6\x8d\x16\x23\x97\xb1\x7c\xf7\x02\x91\x70\x6b\xa9\x0d\
\xee\xda\x4b\xad\x96\xe8\xd5\xd2\x41\xb1\xbf\x8e\x12\x80\x56\xe0\
\x15\xc7\x97\x59\x39\x0b\xea\xd7\x76\xfd\x73\x22\x6e\xb1\xf8\x00\
\x5e\xb6\xcc\xea\x4c\x6d\x71\x51\x3c\x1e\xd0\xca\x6a\x60\xce\x9c\
\x39\xce\x1b\xe7\x16\xb9\x17\x88\x84\x57\x32\x09\xcd\x01\x25\x00\
\x0d\x1b\x61\xc3\x3c\x9b\x1e\x5e\xc4\x14\x01\xfa\x8a\x8e\x12\x00\
\x00\xe7\xaf\xf1\xc9\x04\xcc\xd3\x34\x80\xf8\xa8\xa0\xb7\xe3\xa6\
\xcf\x3e\xab\xbf\xab\x61\xd1\xde\xee\xbc\x10\xa9\xad\x47\x1f\x7d\
\xd4\x79\xe3\xe2\x4a\xf7\x02\x91\xf0\x6a\xad\xb5\x1d\x82\x77\x6e\
\xd9\x5b\x58\x4e\x3d\x74\xf8\x4c\xef\x2c\x01\x78\x0c\x9b\xb2\xc0\
\x9f\x3d\xe6\xb8\xa9\x48\xb7\x95\x0e\x71\xdc\xf4\xfe\xfb\xef\x67\
\xe5\xca\x95\x2e\x06\x23\x4e\x24\x93\x49\xda\xda\x76\x7a\x41\xf1\
\xc5\x73\xcf\x3d\xc7\x7b\xef\xbd\xe7\xbc\x83\xde\xc3\xdd\x0b\x46\
\xc2\xab\x69\x73\x70\xd7\xb6\xdb\x62\xdf\x06\xcc\xec\xe8\x3f\x74\
\x96\x00\x6c\x00\x5e\x76\x7c\xb9\xb5\x9f\xc2\xba\xcf\x1c\x37\x17\
\xe9\x96\xbe\x63\x1c\x37\x6d\x6e\x6e\xe6\x82\x0b\x2e\x08\xec\xe1\
\x23\x46\x73\x73\x73\x20\x6b\x00\xe6\xce\x9d\xcb\x95\x57\x5e\x69\
\xd7\x49\xbf\xf1\xee\x04\x23\xe1\x95\x4c\x04\xb7\xfd\x6f\xe3\x02\
\xa8\x5e\x62\xd3\xc3\x0b\x40\x55\x47\xff\xa1\xb3\x04\x00\xe0\x9f\
\x36\x57\xe4\x93\x87\xac\x9a\x8b\xa4\x6c\xe0\xfe\x56\xcd\x5f\x79\
\xe5\x15\x4e\x3f\xfd\x74\x6a\x6b\x03\x5c\xe0\xd3\xc3\x35\x35\xf9\
\xbb\xb5\x2a\x91\x48\xf0\xd0\x43\x0f\x71\xea\xa9\xa7\xda\xfd\xb9\
\x47\xa2\x30\x64\x92\x7b\x81\x49\x38\xb5\x04\x38\xfc\xbf\xf0\x05\
\xdb\x1e\x3a\x7d\x18\xef\x6a\xff\x4a\x19\xa6\x68\x40\x8e\xa3\x4b\
\xe6\x16\xc3\xa5\xef\x40\x76\x81\xa3\xe6\x22\xa9\x4b\xc2\x5f\x0e\
\x85\xda\xd5\x56\xbd\x54\x56\x56\x72\xf5\xd5\x57\x73\xe6\x99\x67\
\x32\x68\xd0\x20\x97\x62\xcb\x6c\x8d\x8d\x8d\xac\x5b\xb7\xae\xd3\
\xb7\xf7\xb6\xb6\x36\xea\xeb\xeb\x77\xd9\x47\x5b\x5b\x1b\x35\x35\
\x5d\x97\x37\xad\xaf\xaf\xb7\x5a\x28\x98\x48\x24\xd8\xb0\x61\x03\
\xf3\xe7\xcf\xe7\x5f\xff\xfa\x17\x8b\x17\x2f\x76\xdc\xd7\x97\x06\
\xed\x0f\xe7\xd8\xbd\x2b\x49\x1a\xa8\x5e\x02\xad\x01\x8c\x00\xb4\
\x37\xc3\xc3\xdf\xb2\x39\x7b\xa0\x05\xe8\x07\x74\x78\x83\x75\xb5\
\x81\xf5\x69\xe0\x04\xa7\x57\xe6\x84\x1b\x60\xfc\x99\x8e\x9b\x8b\
\xa4\xec\xb5\xdf\xc3\x7b\xb7\xb9\xd6\x5d\xaf\x5e\xbd\x28\x2f\x2f\
\xef\xf2\xe7\x6a\x6b\x6b\x5d\x59\xbd\x5e\x57\x57\xd7\xad\x45\x70\
\x91\x48\x84\x8a\x8a\x0a\x26\x4c\x98\xc0\xb4\x69\xd3\x98\x36\x6d\
\x9a\x6f\x35\x0d\x6a\x6b\x6b\xb9\xf9\xe6\x9b\x79\xe0\x81\x07\xf8\
\xe2\x0b\xab\xa3\x49\xd3\xdf\x71\xbf\x86\xbd\xa7\x05\x1d\x85\x78\
\x29\xde\x06\x1b\xbe\x20\x90\xfd\xff\x0b\x5f\x84\xb7\x6f\xb5\xe9\
\x61\x26\x70\x5a\x67\xff\xb1\xab\x04\xe0\x1c\xe0\x7e\xc7\x97\xee\
\x37\x1e\xa6\x3f\xe1\xb8\xb9\x48\xca\x36\x2e\x80\xbb\x8e\xa7\xa7\
\x9e\x48\xb9\xf7\xde\x7b\x33\x63\xc6\x0c\x46\x8e\x1c\xe9\xe9\x75\
\xde\x7e\xfb\x6d\xbe\xfe\xf5\xaf\xb3\x76\xad\xb6\xfa\x92\x5b\x0c\
\x97\xbc\x69\xbe\x4b\xe6\xaa\x5f\x67\xbe\x82\xf0\xd4\x0f\x6c\xe7\
\xff\xbf\xc1\x2e\xa6\xf3\x77\xb5\x06\x00\xe0\x11\xc0\x79\x85\x8c\
\x75\x73\x60\xd9\x4e\xb5\x07\x44\xdc\xd7\x67\x14\x0c\x9f\x12\x74\
\x14\x81\xf9\xf8\xe3\x8f\x39\xe8\xa0\x83\x58\xb4\x68\x91\x67\xd7\
\x98\x35\x6b\x16\x47\x1f\x7d\xb4\x1e\xfe\x5b\xed\x77\x81\x1e\xfe\
\x19\x2f\x09\x4d\xd5\xc1\x5c\x7a\xcd\x47\xb6\x0f\xff\x2a\x3a\x59\
\xfd\xbf\x55\x57\x09\x40\x0b\x36\x23\x00\x00\xb3\xee\xb0\x6a\x2e\
\x92\xb2\xc9\xdf\xa7\xeb\x41\xad\xcc\xb5\x71\xe3\x46\xce\x3a\xeb\
\x2c\xbb\xb2\xb6\x9d\x68\x6e\x6e\x66\xea\xd4\xa9\xbe\x2f\xd6\x0b\
\xad\x82\xde\x30\xf1\xa2\xa0\xa3\x10\xaf\xb5\xd4\x99\x29\x80\x20\
\x7c\xf6\xb8\x6d\x0f\x77\x63\x9e\xe1\x9d\xea\x2a\x01\x00\xb8\x0d\
\x9b\x71\xd5\xc5\xaf\xd9\x1e\x60\x20\x92\x9a\x01\xfb\xc1\xb8\xd3\
\x83\x8e\x22\x50\x1f\x7e\xf8\x21\x0f\x3d\xe4\xfe\x0e\x9c\xbf\xfd\
\xed\x6f\x2c\x5d\xba\xd4\xf5\x7e\xd3\xd6\x94\x6b\x20\xaf\x57\xd0\
\x51\x88\xd7\x1a\x3a\xdc\x3d\xe7\xbd\x4d\xcb\x60\xf5\xc7\xb6\xbd\
\xdc\xd5\xd5\x0f\xa4\x92\x00\xcc\xa5\x83\x1a\xc2\xa9\x4b\xc2\xac\
\xbf\x3a\x6f\x2e\xd2\x1d\x47\xfc\x04\x0a\xfb\x06\x1d\x45\xa0\xfe\
\xf1\x8f\x7f\xb8\xde\xe7\x8c\x19\x33\x5c\xef\x33\x6d\x8d\x3c\x1a\
\xf6\xfc\x7a\xd0\x51\x88\xd7\xda\x9b\x83\x59\xf9\x0f\x5b\x8a\xe9\
\x59\xad\x67\x7a\x03\xf8\xbc\xab\x1f\x4a\x25\x01\x00\xb8\xdd\x26\
\x12\x3e\x7b\x0c\x6a\x56\x58\x75\x21\x92\x92\x82\x72\x38\xf1\x46\
\xb3\x3f\xbb\x87\x9a\x3d\xdb\xea\xcc\xf0\x0e\x59\xd5\xca\xcf\x24\
\xbd\x06\x9b\xdd\x4d\x3d\x78\xaa\xa9\xc7\xa8\xdf\x10\xcc\x75\x6b\
\x57\xc3\x92\x37\x6c\x7b\x49\x69\xee\x3d\xd5\xbf\xc5\xb9\xc0\x52\
\xc0\x79\xd1\xeb\x3d\xcf\x84\xaf\xdd\xe0\xb8\xb9\x48\xb7\xbc\x7f\
\x17\xbc\x7c\x7d\xd0\x51\x04\x22\x96\x9d\xc3\x7f\x3f\xbb\x73\x4d\
\x84\x58\x14\xb2\x22\x90\x48\x24\xd9\xd8\xcd\xa9\xfc\x3f\x9c\x36\
\x90\x78\x5b\xab\x4b\x11\xa6\xa9\xfc\x32\x38\x77\x06\xf4\x1e\x16\
\x74\x24\xe2\xb5\xc4\x96\xad\x7f\x41\x9c\x50\xf9\xe6\x1f\xcd\xd4\
\xb9\x73\xeb\x80\xa1\x40\x73\x57\x3f\x98\xea\x39\xaa\x2d\xc0\x9f\
\x81\xff\x76\x1c\xd2\x9c\xc7\x60\xd2\x25\xaa\x9b\x2d\xfe\xd8\xff\
\x5b\xd0\x58\x0d\xef\xfe\x39\xe8\x48\x7c\xd7\x9e\xdb\x9b\x9f\x3e\
\xe7\x72\x55\xc3\xbc\x72\x68\x5b\xe3\x6e\x9f\xe9\xa4\xb0\x0f\x9c\
\x79\x97\x1e\xfe\x3d\x45\xc3\xc6\x60\x1e\xfe\xee\xbc\xfd\xdf\x4c\
\x0a\x0f\x7f\x48\x7d\x0a\x00\xe0\x4f\x40\x83\xa3\x70\x00\x92\x71\
\x78\xfb\x16\xc7\xcd\x45\xba\xed\xb0\xab\xe0\xa8\x9f\xd3\xe3\x86\
\x6b\xfb\xef\xed\x7e\x9f\x83\xec\xca\x2d\xa7\xb5\xde\xc3\xe1\x9c\
\x87\x55\xf3\xbf\xa7\x48\xb6\x43\x63\x40\x8b\xff\x3e\xbc\xdf\xb6\
\xe4\x70\x03\xdd\x98\xb2\xef\x4e\x02\x50\x0d\xdc\xd3\xed\x70\xb6\
\x37\xf7\x49\xd8\x38\xdf\xaa\x0b\x91\x6e\x99\x70\x21\x9c\xf6\xa7\
\x9e\xb5\x5f\x7b\xf7\x93\xdc\xef\xb3\xa7\xee\xae\xd8\xfd\x64\xb8\
\x60\x26\x94\xed\x16\x74\x24\xe2\x97\x86\x0d\xc1\xd4\xfd\xaf\x5e\
\x02\xcb\xdf\xb6\xed\xe5\x2e\x3a\x39\xf8\xa7\x23\xdd\x5d\x29\x75\
\x23\xe0\xbc\xee\x69\x32\x01\x2f\x5d\xe7\xb8\xb9\x88\x23\xa3\x8f\
\x87\xe9\x4f\xc2\x6e\x07\x05\x1d\x89\xf7\xfa\xef\x0d\x63\xbe\xe6\
\x7e\xbf\xc3\x0f\x87\xa1\x87\xba\xdf\x6f\x58\x95\x0c\x84\x33\x6e\
\x87\x93\x6f\x86\x9c\xc2\xa0\xa3\x11\xbf\x24\xe2\xc1\x6d\xfd\x9b\
\xf5\x57\xdb\x69\x87\x38\x66\xf8\x3f\x65\xdd\x2d\x1e\xbe\x09\x18\
\x0f\x8c\xeb\x66\xbb\x6d\x6a\x56\x42\xc5\x1e\x50\x3e\xc2\x71\x17\
\x22\xdd\x96\xd7\x0b\xc6\x7f\xdd\x0c\xe7\x6e\x9c\x17\xec\xd9\xde\
\x5e\x29\xec\x0b\x53\xef\xf1\x6e\x7f\xfa\xf0\xc3\x61\xd1\x4b\xd0\
\xb4\xc9\x9b\xfe\xc3\xa0\xb8\xbf\x99\x3a\xfa\xda\x0d\xd0\x67\x74\
\xd0\xd1\x88\xdf\xea\xd7\x42\xab\xf3\x99\x6e\xc7\x96\xbd\xed\x46\
\xe1\x9f\x87\x80\x6e\xed\xb9\x77\x32\x39\xba\x07\xf0\x09\xdd\x4f\
\x1e\xb6\x29\x1d\x02\xdf\x7e\x1e\xb2\x9c\x1d\x34\x28\x62\x25\x99\
\x80\xf9\xcf\xc2\x27\xff\x84\xa5\x6f\x99\xf5\x29\xe9\xae\xff\x3e\
\x70\xea\x2d\xe6\xcd\xd5\x4b\xcd\x35\xf0\xdc\x4f\x61\xde\x33\xde\
\x5e\xc7\x4f\xf9\x65\x30\xec\x50\xd8\xe3\x34\xf3\x3d\xe2\xcf\xa1\
\x4a\x12\x32\xf1\x36\xf3\x72\xe0\xf7\xf0\x7f\xbc\x15\x66\x7e\x1f\
\xea\xd7\x5b\xf5\x82\x79\x39\xef\xd6\xe9\x5c\x4e\x57\x47\xfd\x1d\
\x38\xd7\x61\x5b\xe3\xf0\x6b\xe0\x80\xef\x5a\x75\x21\x62\xad\x61\
\x23\x2c\x7d\x13\x56\xbc\x0b\xeb\xe7\xc2\xa6\xa5\xa6\xfc\x67\xd8\
\x45\x63\xe6\x8d\xbf\xff\x5e\xb0\xc7\xa9\x30\xfa\x38\x7c\x5d\xec\
\xb8\xe6\x13\xf8\xe2\x49\xf3\xbd\x71\xa3\x19\x3a\xed\x30\xce\x2c\
\xf7\x86\xd0\xb3\x0b\xcd\xff\xb7\x8d\xbc\x5e\x90\x5b\x04\x05\x7d\
\xcc\x28\x64\xdf\xb1\xd0\x77\x4c\x8f\xae\x1b\x21\x5b\xd4\xac\x82\
\xa6\x00\x86\xff\x3f\x7d\xd8\x2c\xfe\xb3\x73\x37\x70\x61\x77\x1b\
\x39\xfd\xc4\x18\x85\xa9\x32\xe4\xfc\x6e\xcc\x29\x34\xa3\x00\xc5\
\xfd\x1d\x77\x21\xe2\x89\xd6\x46\x68\x6b\x80\xb6\x14\x36\xcb\xe7\
\x14\x99\x87\x9c\xad\x1c\x17\x1e\x6e\x22\xe2\x4c\x5b\x13\x54\x2d\
\xc4\xf7\xd3\x44\xeb\xd7\xc3\x13\x57\x98\xaa\x83\xce\xb5\x01\x63\
\x81\xc5\xdd\x6d\xe8\xf4\x13\x67\x01\x70\x2f\xf0\x2d\x87\xed\xcd\
\x3c\xcb\x73\x3f\x33\x7b\x6b\x45\xc2\x24\xa7\xc0\x7c\x89\x48\xcf\
\x50\xb7\x86\x40\x8e\x12\x7f\xf7\xff\x6c\x1f\xfe\x60\x56\xfe\x77\
\xfb\xe1\x0f\xdd\xdf\x05\xb0\xbd\x5f\xd1\xc5\x49\x43\x5d\x5a\xfc\
\xaa\xd9\x1a\x28\x22\x22\x12\x84\xe6\x1a\x68\xad\xf7\xff\xba\x8b\
\x5e\x81\xd5\x1f\xda\xf6\xd2\x0c\xfc\xda\x69\x63\x9b\x04\x60\x29\
\x70\x93\x45\x7b\xe3\xc5\x5f\x9a\x8a\x6d\x22\x22\x22\x7e\x4a\x26\
\xb7\xbc\xfd\xfb\xac\xa5\x16\x66\xff\xcd\x8d\x9e\xfe\x00\x38\x3e\
\x68\xc7\x76\xf2\xf2\x3d\xcc\xc2\x83\x22\xc7\x3d\xb4\x37\x43\xfd\
\x3a\xb3\x57\x5b\x44\x44\xc4\x2f\x0d\xeb\xcd\xc3\xd8\x6f\x6f\xdf\
\x02\x1b\x17\xd8\xf6\xb2\x0a\x98\x06\x38\x3e\xa4\xc3\x36\x01\x68\
\xc5\xd4\x06\x38\xd5\xaa\x97\x0d\xf3\xcc\xfe\xec\xbe\x63\x2c\xc3\
\x11\x11\x11\x49\x41\x7b\x73\x30\xa7\xd4\x2e\x7e\xd5\x6c\x41\xb6\
\x77\x19\xf0\xbe\x4d\x07\x6e\xec\x1b\x8a\x02\xef\x02\x13\xad\x7a\
\xc9\x2d\x86\x6f\xfe\xff\xf6\xee\x3d\xb6\xea\xf2\x8e\xe3\xf8\x9b\
\x96\x42\x01\x47\xb9\xa3\x40\x11\x04\xc4\xa9\x30\x27\xa8\x08\x66\
\x5e\x46\xa6\x38\x9c\x77\x1d\xdb\x74\x17\x96\x39\xb7\xc5\xa8\xdb\
\x92\x65\xf3\xb6\xe8\xe6\x4c\xa6\xc6\x45\x9d\x9a\xcd\xcc\x4c\x9d\
\x8a\x81\x45\x26\xde\x2a\x03\x41\xf0\x06\x88\x0a\x03\xa1\x94\x22\
\x50\xda\x52\x4e\x6f\xa7\xa7\xed\xb9\xed\x8f\x6f\x4f\x72\x44\x4a\
\x2f\xe7\xf9\xfd\x7e\xe7\x9c\x7e\x5e\xc9\xc9\x29\xfc\xf1\x7d\x1e\
\x2e\xc9\xf3\xfd\x3d\xbf\xe7\xf9\x7e\x5f\x86\x92\x09\x0e\xa6\x24\
\x22\x22\xd2\x99\x24\x1c\x2a\xb7\x1b\x3f\x7e\x6a\xae\x86\xe5\xb7\
\x40\x34\xe3\x71\xdf\x01\xe6\x92\xe1\xc9\x45\x17\x97\x5f\x13\xc0\
\xad\x99\x4e\x84\xb6\x26\x78\xf9\x97\xf9\x51\x94\x45\x44\x44\xb2\
\x57\x4b\x9d\xff\x8b\x7f\x32\x0e\x6b\x1e\x74\xb1\xf8\x27\x80\x9b\
\x71\x70\x6d\xc1\x55\xc9\xab\x3d\x40\x29\x70\x7a\x46\x51\x1a\xf7\
\x43\x61\x11\x94\x9e\xe9\x64\x52\x22\x22\x22\x9f\x13\x6f\x87\x86\
\x4a\xff\xdb\xfd\x7e\xf4\x82\x6d\xff\x67\xee\xf1\x8e\x4f\xc6\x5c\
\xd6\xbc\x5c\x0d\x5c\x07\x0c\xcd\x28\xca\x67\xef\xc2\xb8\xd3\xd4\
\x7d\x4b\x44\x44\x1c\x4b\x42\xfd\x1e\x88\x65\x76\x83\xbd\xc7\xaa\
\x36\xc3\xfa\x47\x71\xf0\xd0\x5e\x05\x5c\x81\x5d\xff\xcb\x98\xcb\
\xfa\x97\x0d\xc0\x2d\x19\x47\x49\x26\x60\xf9\xcd\xc1\x1c\xce\x10\
\x11\x91\xfc\xd5\x5c\xeb\xff\x9d\xff\x70\x2d\xbc\x75\xbf\xab\x1e\
\x03\x3f\x03\x9c\x75\x32\x73\x5d\x00\x7b\x09\xb0\x2c\xe3\x28\xad\
\xf5\xb0\xec\x46\x17\x15\x92\x44\x44\x44\xac\xdc\x6f\x73\xb5\xbf\
\x63\xc6\xdb\x61\xd5\x9f\x5c\x5d\x35\x5c\x02\x64\xdc\x32\x30\x9d\
\x17\x6d\xaf\xd6\x02\x8b\x81\xe2\x8c\xa2\x84\x6b\xed\x33\x75\xbe\
\x93\x49\x89\x88\x48\x1f\x95\x4c\x40\xa8\x02\x12\x31\x7f\xc7\x5d\
\xff\x08\xec\xdb\xe8\x22\x52\x08\x58\x08\x38\xdd\xbe\xf0\x22\x01\
\x68\x02\xf6\x62\xef\x29\x32\x53\xbd\xc5\x9a\xad\x8c\xcf\xec\x6c\
\xa1\x88\x88\xf4\x61\x8d\x7b\xfd\xdf\xfa\xff\x64\x29\x6c\x75\xf6\
\xc0\xbe\x18\xbb\xfa\xe7\x94\x57\x8d\xaf\x3f\x02\x4e\x04\x66\x64\
\x1c\xa9\xf2\x6d\x2b\x10\x34\x72\x6a\xc6\xa1\x44\x44\xa4\x8f\x69\
\xa9\xb3\x8a\x7f\x7e\xaa\x7c\x1b\xde\x7d\xcc\x55\xb4\xa7\x80\x7b\
\x5c\x05\x4b\xe7\x65\x03\xf1\x12\xe0\x43\x60\x52\xc6\x91\xfa\x17\
\xc3\xb7\x9f\x86\x71\xda\x09\x10\x11\x91\x6e\x8a\xb6\x58\xc1\x1f\
\x3f\xaf\xfc\x1d\xdc\x01\xaf\xdf\xe6\xea\xa6\xc1\x2e\xe0\xab\x80\
\x27\xf5\x8a\x5d\x1f\x02\x4c\xd7\x80\x5d\x0b\xcc\xbc\xb2\x4f\xac\
\x15\x96\xde\x60\xd7\x37\x44\x44\x44\xba\x12\x8f\x41\xc8\xe7\xfb\
\xfe\x4d\x55\xf0\xe6\xdd\xae\x16\xff\x18\xf0\x5d\x3c\x5a\xfc\xc1\
\xbb\x57\x00\x29\x7b\x80\xfe\xc0\xb9\x19\x47\x8a\x46\xa0\x7c\x25\
\x4c\x5f\x60\xe7\x02\x44\x44\x44\x8e\x24\x99\x84\xfa\xdd\xfe\xde\
\x24\x0b\x1f\x84\xd7\x6f\x87\x88\xb3\xee\xb6\x77\x01\xcf\xba\x0a\
\x76\x24\x5e\xbe\x02\x48\x29\x00\x5e\x06\xdc\xb4\xfb\x1b\x31\x19\
\x16\x3d\x07\x43\x46\x3b\x09\x27\x22\x22\x79\xa6\x61\xaf\xcb\x85\
\xb8\x6b\xad\x8d\xf0\xda\x6f\x6d\x5c\x37\xde\x00\x16\xe0\x62\x07\
\xfd\x28\xfc\x48\x00\x00\x46\x60\x5d\x8b\x26\x3b\x89\x36\xfa\x24\
\x58\xf4\x2c\x14\x0f\x73\x12\x4e\x44\x44\xf2\x44\x73\xb5\xbf\xf7\
\xfd\xdb\x5b\xec\xc9\xff\x50\xb9\xab\x88\x95\xc0\x6c\xe0\xa0\xab\
\x80\x9d\xf1\xf2\x0c\x40\xba\x43\xc0\xd5\x38\x2a\x5f\x48\xed\x36\
\x78\x71\xb1\xff\xd7\x3a\x44\x44\x24\x7b\x45\xea\xfd\x5f\xfc\xcb\
\xee\x72\xb9\xf8\x47\x80\xcb\xf0\x61\xf1\x07\xef\xcf\x00\xa4\xab\
\xc2\xce\x04\x5c\xee\x24\x5a\xd3\x01\xa8\x58\x03\xd3\x2f\x82\xa2\
\x41\x4e\x42\x8a\x88\x48\x8e\x6a\x6f\xb6\x26\x3f\x7e\x8e\x57\xf6\
\x7b\x38\xf8\xa9\xcb\xa8\x37\x00\xaf\xba\x0c\x78\x34\x7e\x26\x00\
\x60\xf5\x01\xc6\x00\x67\x38\x89\x16\xae\x81\x8a\xd5\x70\xe2\x85\
\x30\x60\x88\x93\x90\x22\x22\x92\x63\x62\x11\x08\xed\x76\x55\x6f\
\xbf\x6b\x91\x50\xc7\xb6\xff\x2e\x97\x51\xff\x02\xdc\xeb\x32\x60\
\x57\xfc\x3a\x03\x90\xae\x10\x58\x0a\x7c\xcb\x59\xc4\x92\x52\xab\
\x13\x50\x52\xea\x2c\xa4\x88\x88\xe4\x80\x58\xab\x2d\xc4\x7e\x95\
\xf9\x0d\xd7\xc2\x1b\x77\x5a\xfb\x7a\x77\x56\x00\x97\x62\x57\xff\
\x7c\x13\x44\x02\x00\x70\x0c\xf0\x16\x56\xe0\xc0\x8d\xa1\xe3\xe1\
\xaa\x27\x61\xd4\x34\x67\x21\x45\x44\x24\x8b\xc5\xda\x21\x54\x0e\
\xf1\xa8\x3f\xe3\x85\x2a\x61\xe5\xdd\x76\xe5\xcf\x9d\x0d\xd8\x55\
\xf9\xb0\xcb\xa0\xdd\x11\x54\x02\x00\x70\x1c\x56\xdb\x78\xa2\xb3\
\x88\x03\x86\xc0\xa5\x0f\xc3\xe4\xcc\xcb\x0e\x88\x88\x48\x16\x4b\
\x44\xa1\xae\xdc\x3a\xee\xf9\xa1\x6a\x33\xac\xbe\xcf\x0e\xfe\xb9\
\xb3\x0f\x98\x83\xf5\xcf\xf1\x9d\xdf\x67\x00\xd2\x35\x03\x2b\xb1\
\x4a\x47\x03\x9d\x44\x8c\x47\x61\xfb\x0a\x18\x3a\x0e\xc6\x9c\xec\
\x24\xa4\x88\x88\x64\x99\x78\xbb\x6d\xfb\xfb\xb5\xf8\xef\x2c\x83\
\x35\xf7\xdb\x8e\x83\x3b\x0d\xc0\xf9\x80\xb3\x2b\x04\x3d\x15\x64\
\x02\x00\x50\x0d\xac\x03\xae\x05\x8a\x9c\x44\x4c\x26\x60\x47\x99\
\x7d\x4f\x9c\x43\xb0\x9b\x1c\x22\x22\xe2\x54\xac\xad\xe3\x9d\xbf\
\x0f\xdb\xfe\xc9\x24\x7c\xf8\x0c\x6c\xf8\x87\xeb\x92\xc2\x61\xe0\
\x62\x6c\xfb\x3f\x30\xd9\xb2\x3a\xce\x07\x96\x03\xc5\x4e\xa3\x9e\
\x70\x1e\x2c\x7c\x10\x8a\x4b\x9c\x86\x15\x11\x91\x00\x44\x23\x10\
\xaa\xf0\xe7\xc0\x5f\xb4\x05\xd6\x3e\x04\x9f\xbd\xeb\x3a\x72\x3b\
\x76\xd7\xff\x15\xd7\x81\x7b\x2a\x5b\x12\x00\xb0\x13\x90\x2f\x62\
\xbd\x03\xdc\x19\x7e\x3c\x5c\xf6\x98\xb5\x14\x16\x11\x91\xdc\x14\
\x6d\x81\x43\x15\x90\xf4\xb4\x3a\xae\x09\xed\x86\x55\xf7\x42\x93\
\xf3\xa2\x42\x71\x60\x11\xb0\xc4\x75\xe0\xde\x08\xfa\x15\x40\xba\
\xed\xd8\xbb\x90\xcb\x71\x99\x98\xb4\x36\xc0\x96\x65\x30\xac\x54\
\x49\x80\x88\x48\x2e\x6a\x6b\xe8\xe8\xec\xe7\xc3\x3d\xff\x5d\xab\
\x6c\xf1\x6f\x6d\x70\x1d\x39\x81\x75\xc8\x7d\xde\x75\xe0\xde\xca\
\xa6\x04\x00\xe0\x63\xac\x5a\xe0\x25\xb8\x2c\x53\x9c\x88\xc2\xa7\
\xaf\x5a\xab\xc6\x89\x73\xa1\xd0\xcd\x71\x03\x11\x11\xf1\x58\xcb\
\x41\x68\xd8\x07\x78\xdc\xd6\x37\x1a\x81\x77\xfe\x0a\x9b\xff\x05\
\x09\xe7\xbb\x0c\x71\xe0\x47\xc0\x33\xae\x03\x67\x22\x9b\x5e\x01\
\xa4\xbb\x06\x78\x1a\x57\x07\x03\xd3\x95\x94\xc2\xc2\x07\x60\xfc\
\x2c\xe7\xa1\x45\x44\xc4\x95\x24\x34\xed\x87\x70\x9d\xf7\x43\x1d\
\xdc\x01\x6b\x1e\xb0\x87\x44\xf7\xda\x81\xef\x91\x25\xdb\xfe\xe9\
\xb2\x6d\x07\x20\x65\x0b\xb0\x09\xb8\x02\xd7\x67\x02\xda\x1a\xed\
\x95\x40\x41\x21\x8c\x3f\x1d\xfa\xf9\xd5\x0f\x49\x44\x44\xba\x25\
\x19\x87\xfa\x4a\x6b\xee\xe3\xe9\x38\x09\xf8\x78\x89\x1d\xf6\x6b\
\x6b\xf4\x62\x84\x08\x70\x15\xf0\x6f\x2f\x82\x67\x2a\x5b\x77\x00\
\x52\xce\xc5\x6e\x07\x7c\xc9\x93\xe8\x63\x4f\x81\x8b\xee\x85\xb1\
\xa7\x7a\x12\x5e\x44\x44\x7a\x28\xd6\x66\x8b\x7f\xcc\x4d\xf3\xd8\
\x4e\x85\x2a\x61\xfd\xc3\xf6\xf4\xef\x8d\x30\x76\xda\xbf\xcc\xab\
\x01\x32\x95\xed\x09\x00\xc0\xd9\xc0\x4b\xc0\x28\x4f\xa2\x17\xf4\
\x87\xb3\x7e\x0a\x73\x7f\x01\x85\x03\x3c\x19\x42\x44\x44\xba\xa1\
\xb5\x1e\x1a\xf6\x7a\x7b\xd8\x2f\xde\x0e\x1f\xbd\x60\x3b\xc1\xee\
\xdf\xf5\xa7\xd4\x62\x67\xd9\x9c\xdf\x21\x74\x29\x17\x12\x00\x80\
\xa9\x58\xb3\x04\xef\x0a\xfd\x8f\x9c\x02\x17\xfe\x11\x26\xb8\x69\
\x54\x28\x22\x22\xdd\x95\x84\xc6\x2a\x3b\xf0\xe7\xa5\x03\x9f\xc0\
\x3b\x8f\xba\x6e\xe4\x73\xb8\xed\x58\x91\x1f\xa7\xad\x02\xbd\x90\
\x2b\x09\x00\xc0\x08\x60\x19\xf0\x35\x4f\x47\x99\x72\x01\xcc\xbf\
\x53\x9d\x05\x45\x44\xfc\x10\x6f\x87\xfa\x3d\x76\xcf\xdf\x2b\x2d\
\x75\xb0\xf1\x9f\xb0\x6b\x35\x1e\xdf\x26\x58\x87\x6d\xfb\xd7\x7a\
\x39\x88\x2b\xb9\x94\x00\x80\xf5\x0c\x78\x12\xf8\x8e\xa7\xa3\xf4\
\x2f\x86\x59\x3f\x80\xb3\x7f\x6e\x0d\x86\x44\x44\xc4\xbd\x48\x08\
\x9a\xf6\x41\xc2\xa3\x2d\xff\x58\x9b\x6d\xf5\x7f\xb2\xd4\x8f\xbe\
\x01\x4b\x80\xeb\x01\x8f\x0f\x2f\xb8\x93\xad\xb7\x00\x3a\x13\xc7\
\x76\x01\xc0\x76\x02\xbc\x49\x60\x12\x31\xd8\xf7\x81\xfd\xc7\x29\
\x1e\x0a\xa3\x4f\xd2\x6d\x01\x11\x11\x57\x92\x71\x7b\xd7\x1f\xae\
\x71\x5d\x63\xdf\x24\xe2\xb0\xf3\x4d\xeb\xde\xb7\xf7\x7d\xaf\xab\
\x07\x26\x80\x3b\x80\x9b\x00\x1f\x6a\x14\xbb\x93\x6b\x3b\x00\xe9\
\x2e\xc6\x6a\x05\x0c\xf7\x7c\xa4\x92\x09\x30\xe7\x46\x98\x79\x0d\
\xf4\xcb\xb5\x9c\x49\x44\x24\x8b\xb4\x35\x5a\x61\x1f\x2f\x9a\xf9\
\x24\x93\xb0\x67\x1d\x6c\x7a\xc6\xeb\xf7\xfc\x29\x87\xb0\x8e\xb6\
\xaf\xfa\x31\x98\x6b\xb9\x9c\x00\x00\x4c\x01\x96\x02\x33\x7d\x19\
\x6d\xe4\x34\x98\x77\x13\x4c\x5f\xa0\x1d\x01\x11\x91\x9e\x88\xc7\
\xa0\xb9\xca\xb6\xfd\x5d\x4b\x26\xa0\xf2\x6d\xd8\xfc\xbc\xed\x2c\
\xf8\x63\x13\x70\x25\x50\xe1\xd7\x80\xae\xe5\x7a\x02\x00\x30\x18\
\x78\x02\xcb\xc2\xfc\x31\x7c\x12\xcc\x5e\x0c\x33\xae\xb4\xf3\x02\
\x22\x22\xd2\xb9\x48\xc8\xaa\xec\xb9\xee\xe2\x17\x6b\x83\xf2\x37\
\x61\xeb\x4b\xd0\x74\xc0\x6d\xec\xa3\x7b\x0a\xb8\x11\x2b\xf4\x93\
\xb3\xf2\x21\x01\x48\xb9\x1e\x78\x04\x38\xc6\xb7\x11\x07\x0d\x87\
\x99\xd7\xc2\xac\xef\xc3\x31\x63\x7d\x1b\x56\x44\x24\x27\x44\x23\
\x56\xce\xb7\x3d\xec\x36\x6e\x6b\x23\x6c\x5f\x01\xdb\x56\x78\x55\
\xc1\xaf\x33\x4d\xc0\xaf\xb0\x87\xce\x9c\x97\x4f\x09\x00\xc0\x24\
\xec\x5c\xc0\x3c\x5f\x47\x2d\x1c\x00\x53\xe7\xc3\x69\x8b\xe0\xf8\
\xb9\xe4\xdf\x5f\xab\x88\x48\x0f\x24\x62\xd0\x5c\x63\xd7\xef\x5c\
\x5e\xbb\xab\x2b\x87\x1d\xaf\x41\xf9\x2a\x3f\x4e\xf5\x1f\xee\x3d\
\x6c\xa7\x79\xa7\xdf\x03\x7b\x25\x1f\x57\xaa\x22\xe0\x4e\xe0\x37\
\x04\x71\xcb\x61\xf8\xf1\xb6\x2b\x70\xea\x95\x30\x64\xb4\xef\xc3\
\x8b\x88\x04\x27\x69\x8b\x7e\x53\xb5\xbb\x93\xf7\x91\x90\x9d\xe8\
\xdf\x59\xe6\xf7\x36\x7f\x4a\x1c\xf8\x03\x70\x37\x39\x76\xca\xbf\
\x2b\xf9\x98\x00\xa4\x9c\x03\xfc\x1d\x38\x31\x90\xd1\xfb\x15\xc2\
\xc4\x39\xf0\xe5\x85\x30\xed\x1b\xf6\xba\x40\x44\x24\x2f\x25\x6d\
\x5b\xbe\xb9\x0a\x62\x0e\x9e\xcc\xdb\x9a\xa0\x72\x3d\x54\xae\xb5\
\xea\x7d\x5e\x96\x06\x3e\xba\x6d\xc0\x62\xac\xc0\x4f\xde\xc9\xe7\
\x04\x00\xa0\x18\xb8\x1d\xf8\x35\x5e\xb4\x16\xee\xae\x82\xfe\x30\
\xe9\x1c\x98\x7e\x31\x9c\x70\x1e\x0c\xf1\xa6\xad\x81\x88\x88\xbf\
\x52\x0b\xff\x01\x3b\x90\x97\x89\x48\x08\xf6\x6d\x80\xca\x75\xb0\
\x7f\xb3\xd7\x77\xf7\xbb\x12\x05\xee\x03\xee\x01\x32\xfc\x83\x65\
\xaf\x7c\x4f\x00\x52\x66\x00\x7f\x03\xce\x0c\x7a\x22\x80\x5d\x27\
\x9c\xfa\x75\x98\x34\x0f\x4a\xcf\xb2\x04\x41\x44\x24\x57\x24\x81\
\xb6\x7a\x7b\xcf\xdf\xdb\xae\x7d\xc9\x04\x1c\xaa\x80\xaa\xcd\x56\
\xac\xa7\x76\x9b\x37\x45\x81\x7a\x6e\x13\xf0\x63\x60\x63\xd0\x13\
\xf1\x5a\x5f\x49\x00\xc0\xce\x03\xdc\x04\xdc\x05\x0c\x0d\x76\x2a\
\x69\x06\x0e\x85\x09\xb3\x61\xfc\x2c\xfb\x3e\x76\x26\xf4\x1f\x18\
\xf4\xac\x44\x44\xbe\x28\x91\x80\xb6\x10\x34\xd7\xf6\xfc\x10\x5e\
\xbc\xdd\x5a\xef\xd6\xfc\xcf\x16\xfb\x9a\xad\xd0\xee\x61\xfd\xff\
\x9e\x6b\xc0\x2a\xfa\x3d\x82\xbd\xf7\xcf\x7b\x7d\x29\x01\x48\x19\
\x8b\x1d\xe8\xf8\x21\x90\x7d\xd5\x7c\x0a\x8b\x60\xec\x0c\x38\x76\
\x06\x8c\x39\xc9\xca\x10\x8f\x9a\x06\x45\x83\x83\x9e\x99\x88\xf4\
\x55\x89\x28\x84\xeb\xec\x80\x5f\x77\xb6\xe6\x63\xad\xd6\xe0\x27\
\xb4\x1b\x42\x95\x50\xb7\xd3\x4e\xf0\xbb\xae\x03\xe0\x46\x1c\xeb\
\x31\x73\x1b\x50\x13\xf0\x5c\x7c\xd5\x17\x13\x80\x94\xd3\x81\x87\
\xb0\xc3\x82\xd9\xad\x5f\x01\x0c\x2b\x85\x51\xd3\xad\x2c\x71\xc9\
\x04\xeb\x56\x38\xac\x14\x86\x4e\x80\x01\x4a\x0e\x44\xc4\xb5\xa4\
\xdd\xdf\x6f\xa9\xb3\xf7\xfc\x87\x5f\xe7\x8b\xb5\xda\x69\xff\x70\
\x8d\x7d\x37\x57\xdb\x2b\x81\xfa\x4a\xfb\x39\x3b\xb6\xf3\xbb\xb2\
\x1a\xb8\x19\xf8\x30\xe8\x89\x04\xa1\x2f\x27\x00\x60\x7f\xfe\x6b\
\xb0\x1d\x81\x29\x01\xcf\xa5\xf7\x8a\x06\xc3\xa0\x61\x30\x68\x04\
\x0c\x1e\x61\x3f\x17\x0d\xb1\x46\x46\xf4\xb3\x5d\x85\xa2\x41\x41\
\xcf\x52\x44\x72\x41\x32\x01\x2d\x87\xec\x24\x7e\x22\x06\xd1\x30\
\x44\x5b\xed\xd7\xad\x8d\x56\x78\xa7\xad\xa9\xf7\xef\xfe\xb3\xc3\
\x0e\xe0\x77\x58\x07\xbf\x3e\xab\xaf\x27\x00\x29\x45\xc0\x22\xec\
\xfd\x4f\xee\x26\x02\x22\x22\x72\x34\x7b\xb0\x07\xbe\x27\xc9\xb3\
\x3b\xfd\xbd\xa1\x04\xe0\xf3\x8a\xb0\xb3\x01\x77\x00\xe3\x03\x9e\
\x8b\x88\x88\xb8\xb1\x17\xf8\x33\xf0\x38\x90\xd3\x5b\x17\x2e\x29\
\x01\x38\xb2\x41\xd8\x35\x90\x5b\x80\xc9\x01\xcf\x45\x44\x44\x7a\
\xa7\x1c\x78\x10\x2b\x0a\xa7\x85\xff\x30\x4a\x00\x8e\xae\x00\xf8\
\x26\x56\x56\x78\x6e\xc0\x73\x11\x11\x91\xee\xd9\x88\x1d\xf2\x7e\
\x16\x6d\xf5\x77\x4a\x09\x40\xf7\x7d\x0d\xb8\x15\x58\x48\x10\x3d\
\x06\x44\x44\xe4\x68\xe2\xc0\x72\xe0\x7e\x60\x6d\xc0\x73\xc9\x09\
\x4a\x00\x7a\x6e\x1c\x70\x1d\x70\x03\x7a\x3d\x20\x22\x12\xb4\x7d\
\x58\x17\xd8\xc7\x80\xdd\xc1\x4e\x25\xb7\x28\x01\xe8\xbd\x02\xe0\
\x02\xe0\x27\xc0\x65\x04\xd9\x6b\x40\x44\xa4\x6f\x89\x03\xff\x05\
\x9e\x00\x96\xa1\x6d\xfe\x5e\x51\x02\xe0\xc6\x08\xec\xd5\xc0\xd5\
\xc0\x45\x80\x8a\xfb\x8b\x88\xb8\x95\x00\xd6\x63\x77\xf7\x9f\x03\
\xaa\x83\x9d\x4e\xee\x53\x02\xe0\xde\x48\xec\xe0\xe0\x75\xd8\x0e\
\x41\xf6\x95\x1b\x16\x11\xc9\x0d\xe9\x8b\xfe\x0b\x40\x55\xb0\xd3\
\xc9\x2f\x4a\x00\xbc\x35\x0a\x38\x1f\x98\x0f\x5c\x02\x1c\x17\xec\
\x74\x44\x44\xb2\x5e\x1d\xb0\x12\x28\x03\xfe\x03\xec\x0f\x76\x3a\
\xf9\x4b\x09\x80\x7f\x0a\x81\xd9\xc0\x02\x6c\x67\xe0\x0c\xa0\x38\
\xd0\x19\x89\x88\x04\x2f\x02\xbc\x8f\x2d\xfa\xaf\x00\x1f\x60\x4f\
\xfe\xe2\x31\x25\x00\xc1\xe9\x0f\x7c\x05\x6b\x46\x34\x0f\x38\x17\
\x18\x13\xe8\x8c\x44\x44\xbc\x57\x03\xbc\x07\x6c\xc0\xae\xeb\xad\
\x45\x45\x7a\x02\xa1\x04\x20\xbb\x8c\x03\x4e\x06\x4e\x01\x66\x75\
\xfc\x7c\x2a\x30\x30\xc8\x49\x89\x88\xf4\x42\x0c\xab\xbd\xbf\x15\
\x5b\xec\xb7\x74\xfc\xbc\x95\x2f\xb4\x16\x94\x20\x28\x01\xc8\x7e\
\xc5\xc0\x54\xac\xe6\x40\xea\x33\xa9\xe3\x7b\x02\x76\xe8\x50\x44\
\x24\x08\x07\xb1\x3a\xfb\xbb\x81\x8a\xb4\xef\x0a\xac\xe3\x5e\x5b\
\x50\x13\x93\xae\x29\x01\xc8\x7d\x85\x58\x12\x90\xfe\x19\xd5\xf1\
\xfb\xc3\xb0\x7f\xe3\x01\xc0\x90\xa0\x26\x28\x22\x39\x27\x0c\xb4\
\x63\x4f\xea\xf5\xd8\xd3\x7c\xdd\x11\x3e\xf1\xa0\x26\x28\x99\xfb\
\x3f\x1d\xf1\xe8\x0c\x34\x14\x89\x03\x00\x00\x00\x00\x49\x45\x4e\
\x44\xae\x42\x60\x82\
\x00\x00\x5c\x6d\
\x89\
\x50\x4e\x47\x0d\x0a\x1a\x0a\x00\x00\x00\x0d\x49\x48\x44\x52\x00\
\x00\x02\x00\x00\x00\x02\x00\x08\x06\x00\x00\x00\xf4\x78\xd4\xfa\
\x00\x00\x00\x09\x70\x48\x59\x73\x00\x00\x1a\xaa\x00\x00\x1a\xaa\
\x01\xd4\x15\x95\x69\x00\x00\x00\x19\x74\x45\x58\x74\x53\x6f\x66\
\x74\x77\x61\x72\x65\x00\x77\x77\x77\x2e\x69\x6e\x6b\x73\x63\x61\
\x70\x65\x2e\x6f\x72\x67\x9b\xee\x3c\x1a\x00\x00\x20\x00\x49\x44\
\x41\x54\x78\x9c\xec\xdd\x79\x40\x54\xf5\x1a\x3f\xfe\xf7\x0c\xfb\
\x22\x08\x02\x82\x02\x22\xc8\xbe\x0c\xb2\xb9\x00\x33\x98\xd5\xed\
\xde\x6e\x7d\xbf\xbf\xef\xed\x56\xb7\x5b\x96\xa2\xe6\xd2\xe6\xbe\
\x94\x6b\xea\x4d\x51\xcb\x25\xd4\xb2\xdc\xb2\xba\xe5\x52\xe9\x4d\
\xa0\x2c\x05\x73\x01\x17\x14\x05\x17\x94\x4d\x11\x44\x76\x86\x9d\
\x99\xdf\x1f\xe3\x0c\x33\x30\xeb\x71\x66\xce\x40\xcf\xeb\xaf\x60\
\xce\x71\x3e\xcd\x70\xe6\xf3\xcc\xe7\x7c\x9e\xe7\x01\x08\x21\x84\
\x10\x42\x08\x21\x84\x10\x42\x08\x21\x84\x10\x42\x08\x21\x84\x10\
\x42\x08\x21\x84\x10\x42\x08\x21\x84\x10\x42\x08\x21\x84\x10\x42\
\x08\x21\x84\x10\x42\x08\x21\x84\x10\x42\x08\x21\x84\x10\x42\x08\
\x21\x84\x10\x42\x08\x21\x84\x10\x42\x08\x21\x84\x10\x42\x08\x21\
\x84\x10\x42\x08\x21\x84\x10\x42\x08\x21\x84\x10\x42\x08\x21\x84\
\x10\x42\x08\x21\x84\x10\x42\x08\x21\x84\x10\x42\x08\x21\x84\x10\
\x42\x08\x21\x84\x10\x42\x08\x21\x84\x10\x42\x08\x21\x84\x10\x42\
\x08\x21\x84\x10\x42\x08\x21\x84\x10\x42\x08\x21\x84\x10\x42\x08\
\x21\x84\x10\x42\x08\x21\x84\x10\x42\x08\x21\x84\x10\x42\x08\x21\
\x84\x10\x42\x08\x21\x84\x10\x42\x08\x21\x84\x10\x42\x08\x21\x84\
\x10\x42\x08\x21\x84\x10\x42\x08\x21\x84\x10\x42\x08\x21\x84\x10\
\x42\x08\x21\x84\x10\x42\x08\x21\x84\x10\x42\x08\x21\x84\x10\x42\
\x08\x21\x84\x10\x42\x08\x21\x84\x10\x42\x08\x21\x84\x10\x42\x08\
\x21\x84\x10\x42\x08\x21\x84\x10\x42\x08\x21\x84\x10\x42\x08\x21\
\x84\x10\x42\x08\x21\x84\x10\x42\x08\x21\x84\x10\x42\x08\x21\x84\
\x10\x42\x08\x21\x84\x10\x42\x08\x21\x84\x10\x42\x08\x21\x84\x10\
\x42\x08\x21\x84\x10\x42\x08\x21\x84\x10\x42\x08\x21\x84\x10\x42\
\x08\x21\x84\x10\x42\x08\x21\x84\x10\x42\x08\x21\x84\x10\x42\x08\
\x21\x84\x10\x42\x08\x21\x84\x10\x42\x08\x21\x84\x10\x42\x08\x21\
\x84\x10\x42\x08\x21\x84\x10\x42\x08\x21\x84\x10\x42\x08\x21\x84\
\x10\x42\x08\x21\x84\x10\x42\x08\x21\x84\x10\x42\x08\x21\x84\x10\
\x42\x08\x21\x84\x10\x42\x08\x21\x84\x10\x42\x08\x21\x84\x10\x42\
\x08\x21\x84\x10\x42\x08\x21\x84\x10\x42\x08\x21\x84\x10\x42\x08\
\x21\x84\x10\x42\x08\x21\x84\x10\x42\x08\x21\x84\x10\x42\x08\x21\
\x84\x10\x42\x08\x21\x84\x10\x42\x08\x21\x84\x10\x42\x08\x21\x84\
\x10\x42\x08\x21\x84\x10\x42\x08\x21\x84\x10\x42\x08\x21\x84\x10\
\x42\x08\x21\x84\x10\x42\x08\x21\x84\x10\x42\x08\xf9\xd3\xe1\x28\
\xfb\x65\xc1\xb5\xcb\x29\x22\xb1\xd8\xc5\xd8\x83\x21\x84\x10\x42\
\x88\x9e\x89\x39\xd5\xa1\xe1\xbc\xb9\x3d\x7f\x6d\xae\xf4\x58\x31\
\x5e\xe4\x80\xe3\x6d\xf8\x51\x11\x42\x08\x21\xc4\x90\xc4\x1c\xdc\
\x05\xd0\x2b\x00\xe0\xb2\x30\x16\x42\x08\x21\x84\xb0\x8c\x02\x00\
\x42\x08\x21\xe4\x4f\x48\xe9\x2d\x80\x9e\xb2\xf6\x66\xa0\xe2\x5e\
\x8d\xa1\xc7\x42\x08\x31\x32\xbe\x97\x35\x2c\xb8\x4a\xb7\x02\x11\
\x42\xfa\x28\x33\x47\x07\x38\x3e\x3b\x4e\xe3\x71\x5a\x05\x00\x39\
\x17\x8a\x71\xb3\x4d\xab\x43\x09\x21\x7d\x48\xd0\x99\xdf\x61\x23\
\xea\x64\x7b\x18\x84\x10\x3d\xb2\xf4\xf6\xd0\x2a\x00\xa0\x5b\x00\
\x84\x10\x42\xc8\x9f\x10\x05\x00\x84\x10\x42\xc8\x9f\x10\x05\x00\
\x84\x10\x42\xc8\x9f\x10\x05\x00\x84\x10\x42\xc8\x9f\x10\x05\x00\
\x84\x10\x42\xc8\x9f\x10\x05\x00\x84\x10\x42\xc8\x9f\x10\x05\x00\
\x84\x10\x42\xc8\x9f\x10\x05\x00\x84\x10\x42\xc8\x9f\x10\x2b\x01\
\x80\x85\x85\x69\x17\x15\xb2\xb0\x30\x63\x7b\x08\x1a\xd1\x6b\xf8\
\xf8\xfa\xc6\x18\x4d\xfb\x7d\x26\x84\xf4\x5d\x46\x0f\x00\x7c\x7d\
\x3d\xf0\xcc\x5f\xe3\x8c\xfd\xb4\x3a\x99\x94\xfc\x37\x58\x5b\x5b\
\xb2\x3d\x0c\x95\x2c\x2c\xcc\x91\x3c\xe5\x6f\x6c\x0f\x43\xad\x27\
\x9f\x8a\xc1\x08\xff\xa1\x6c\x0f\x43\xad\xa9\xd3\x9e\x63\x7b\x08\
\x6a\xf9\xfa\x7a\xe0\x2f\x7f\x89\x61\x7b\x18\x84\x90\x7e\xca\xe8\
\x01\x80\x20\x89\x07\x81\x20\xc2\xd8\x4f\xab\x35\x0e\x87\x83\x27\
\x9f\x8a\x46\x6c\x5c\x10\xdb\x43\x51\x29\x6e\x54\x10\x9e\xf9\x4b\
\x2c\xb8\x5c\xd3\xbd\x83\x23\x79\x9f\x79\x6c\x0f\x43\x25\x17\x57\
\x47\xbc\xf0\x82\x00\x6e\x6e\x03\xd9\x1e\x8a\x4a\x82\x24\x1e\x04\
\x49\xa6\xfb\x1a\x12\x42\xfa\x36\xa3\xcf\x20\x7c\x01\x0f\x23\xa3\
\xfc\xe1\xe0\x60\x6b\xec\xa7\xd6\x4a\x68\xa8\x0f\xdc\xdc\x06\x9a\
\xf4\xe4\x25\x10\xf0\xe0\xe4\x3c\x00\x11\x11\xbe\x6c\x0f\x45\x29\
\x5b\x5b\x2b\x44\x47\xfb\x63\xdc\x13\x23\xd9\x1e\x8a\x4a\x02\x01\
\x0f\x5c\x2e\x07\x09\x89\xa6\x1b\x8c\x0a\x92\x22\x11\x15\x1d\x80\
\x01\x03\x4c\xf3\x5a\x21\x84\xf4\x6d\x46\x0d\x00\x86\x7a\xba\xc0\
\xd7\xd7\x03\xe6\xe6\x66\x88\x4f\x08\x37\xe6\x53\x6b\x4d\xfa\x8d\
\x2b\x3e\x21\x0c\x96\x96\x16\x2c\x8f\xa6\x37\x73\x73\x33\x8c\x19\
\x1b\x0a\x00\xe0\x27\x99\xe6\xe4\x25\x7d\xed\xbc\xbc\x5c\x31\x7c\
\xb8\x3b\xdb\xc3\x51\x4a\xfa\x3e\x0b\x4c\xf4\x35\x94\xbe\x76\xe6\
\xe6\x66\x18\x1b\x1f\xca\xf6\x70\x08\x21\xfd\x90\x51\x03\x00\xf9\
\x6f\xd5\xa6\xba\xb4\x99\xc8\x97\x04\x26\xb6\xb6\x56\x88\x89\x09\
\x60\x79\x34\xbd\x45\xc7\x04\xc8\x56\x4f\x04\x7c\x1e\x38\x1c\xd3\
\x6b\xe5\xaa\xf8\x3e\x47\xb2\x38\x12\xe5\x9c\x9c\x07\x20\x3c\x7c\
\x38\x00\x20\x22\xc2\x0f\x83\x06\x39\xb0\x3c\xa2\xde\xe4\x57\x4f\
\x4c\x79\x35\x8a\x10\xd2\x77\xb1\x16\x00\xc4\xc4\x04\x9a\xdc\xd2\
\x66\x50\xb0\x37\x3c\x3c\x06\xc9\x7e\xe6\x9b\x60\x90\x22\xff\x1a\
\xba\xb8\x3a\x22\x38\x64\x18\x8b\xa3\xe9\xcd\xda\xda\x52\x61\xff\
\x84\x29\x06\x7a\x92\xe5\x7f\xc9\x9f\x3e\x97\xcb\x41\x7c\x42\x18\
\xcb\x23\xea\x4d\xfe\x7d\x8e\x1b\x15\x04\x3b\x3b\x6b\x16\x47\x43\
\x08\xe9\x8f\xf4\x9a\x63\xe4\xec\xec\x80\x08\x9e\xf2\xfb\xd2\x36\
\xd6\x96\x08\x0c\xf2\x92\xfd\x6c\x61\x61\x86\x7f\xbf\x3a\x1e\xd7\
\xaf\x97\x29\x3d\xbe\xa4\xa4\x12\x45\x77\xee\xeb\x73\x78\x00\x80\
\xb0\xb0\xe1\x70\x71\x75\x54\xfa\x18\x9f\xaf\xb8\x1c\x1c\x1f\x1f\
\x86\xa4\x71\x2a\xbe\xc1\x8a\xc5\x38\x73\x26\x1f\x6d\x6d\x1d\x7a\
\x1d\x9f\xa5\xa5\x05\xc6\x8e\x0d\x01\x54\x7c\xb3\x4f\x48\x54\xbc\
\x75\xf2\xe2\x8b\x02\x9c\x38\xa1\x7c\x23\x5b\x75\x75\x03\xf2\xae\
\xdc\xd1\xeb\xf8\x00\x60\xd8\xb0\xc1\x18\xee\xeb\xa1\xf4\x31\x3f\
\xbf\x21\x0a\x19\x14\xbe\xbe\x1e\xf8\xfb\x73\x63\xd0\xd4\xd4\xa2\
\xf4\xf8\xbc\x2b\x77\x50\x5d\xdd\xa0\xf7\x31\x8e\x19\x13\x02\x2b\
\x15\x99\x1c\x3d\xb3\x50\xfe\xfa\xb7\x51\x68\x68\x68\x56\x7a\x6c\
\x7b\x5b\x07\x4e\x9f\xbe\xa6\xf7\xf1\x0d\x1a\xe4\x80\x70\x15\x7b\
\x38\xec\xec\xac\x15\x32\x28\x2c\x2c\xcc\xf1\xca\xbf\x9f\xc4\xad\
\x5b\x77\x95\x1e\x5f\x52\x5c\x81\xa2\xa2\x0a\xbd\x8f\x91\x10\xd2\
\xbf\xe9\x35\x00\xa8\xa9\x69\x80\x95\x95\x05\x66\xcf\xf9\xa7\x56\
\x69\x74\xff\x7a\x65\xbc\xd2\xdf\x67\xa4\xe7\xe0\xec\x99\x7c\x7d\
\x0e\x4d\xa6\xac\xec\x01\xfe\xfd\xea\x93\x5a\xdd\x57\x75\x70\xb0\
\xc5\x8a\x95\x6f\xf4\xfa\x7d\x5d\x5d\x13\x3e\x5a\xf3\xb5\xde\x27\
\x7f\x00\x68\x6f\xef\x40\x63\x63\x0b\x16\x7f\xf0\x6f\xb8\xb8\x28\
\x0f\x54\xe4\x8d\x7b\x62\xa4\xd2\xcd\x76\x17\xce\xdf\xc4\xea\x55\
\x5f\xe9\x7d\x7c\x00\x50\x5e\x5e\x8d\x67\xfe\x1a\x87\x97\xff\xf5\
\x04\xb8\x5c\xcd\xb7\x20\xe6\xcd\x7f\xa9\xd7\xef\x3a\x3a\x3a\xb1\
\x7d\xdb\x11\xd4\xd4\x34\x1a\x62\x88\xb8\x57\x5e\x8d\x65\xcb\x26\
\x68\x95\x8a\x18\x12\x32\x4c\xe9\xfb\x5c\x52\x52\x89\x15\xcb\xf6\
\x18\x60\x74\x92\xe0\x4c\x97\x6b\xe5\xd5\xd7\x9e\x54\xfa\x7b\x43\
\x5e\x2b\x84\x90\xfe\x4d\x69\x25\x94\x99\x33\xa6\xcf\x02\x20\x9b\
\x7d\xce\xa4\x5d\x40\x75\x97\x76\x77\x0b\x6e\x17\x96\x23\x2b\xf3\
\x0a\xc2\x23\x7c\xe1\xec\xac\xdb\xbd\xd5\xfa\x7a\x21\x56\xae\xd8\
\x8b\xfd\x5f\x1d\x47\x67\x67\x97\x4e\xe7\x6a\xab\xad\xad\x03\xc7\
\x7f\xbd\x88\xfb\xf7\xab\x11\x1b\x17\x04\x73\x73\xdd\x8a\xc1\x5c\
\xbc\x78\x0b\x73\x67\x6f\xc7\xcd\x9b\xca\xbf\x8d\xe9\xc3\xfd\xfb\
\xd5\xc8\x48\x3f\x0f\x9f\xe1\xee\xf0\xf2\x72\xd5\xe9\xdc\xce\xce\
\x2e\xec\xdd\x93\x81\x94\x75\xdf\xa2\xb9\xb9\xcd\x20\xe3\x13\x89\
\x44\xb8\x70\xfe\x26\xae\x5d\x2b\x46\x4c\x4c\x20\x6c\x6d\xad\x74\
\x3a\xbf\xb4\xa4\x12\xf3\xe6\xee\xc0\xa9\xac\x3c\x83\x8c\x0f\x90\
\xfc\x2d\xa5\x1d\xcb\x81\x9d\x9d\x35\x82\x83\xbd\x75\xde\x2b\x91\
\x91\x9e\x83\xc5\x0b\x77\xa2\xaa\xaa\xce\x40\x23\x94\x5c\x2b\xa7\
\xb2\xf2\x10\xc1\xf3\x85\xb3\xf3\x00\x9d\xce\xd5\xd7\xb5\x12\xd7\
\x78\x0f\x16\x62\x11\xe3\xf3\x09\x21\xa6\xc7\xcc\x71\x00\x1c\x9f\
\x7d\x42\xfe\x57\x0d\xa9\xa9\xdb\x3f\xee\x75\x9c\xb2\x93\x1f\x27\
\x00\x00\x98\x7d\xf8\x5e\xba\x78\x0b\x73\xe6\x6c\xc3\x0d\x15\xb7\
\x04\xf4\xed\x76\x61\x39\xfe\x38\x95\x87\x08\x9e\x1f\x9c\x9c\x34\
\x7f\xf8\x76\x75\x89\xb0\x77\x4f\x3a\xd6\xad\xfd\x16\x42\x61\xab\
\xc1\xc7\xd7\xda\xda\x8e\xe3\xbf\x5e\x44\x63\x63\x0b\xa2\xa2\xfc\
\x61\x66\xa6\xf9\xf5\x2f\x2d\x7d\x80\xf9\x73\x77\xe0\xf8\xaf\x17\
\x21\x16\x1b\x7c\x88\x28\x2f\xaf\x46\x46\x7a\x0e\x86\x0f\xf7\x80\
\xa7\xa7\x76\x81\x4a\x46\x7a\x0e\x16\x2d\xdc\x89\x07\x0f\x0c\x37\
\xb1\x4a\x75\x75\x89\x70\xee\x5c\x01\xf2\xaf\x95\x20\x26\x36\x00\
\x36\x36\x9a\x03\x15\xa1\xb0\x15\xff\x59\xb3\x1f\x7b\xf7\x64\x18\
\x2c\x08\x95\x57\x57\xd7\x84\x63\x3f\x67\xb3\x76\xad\x50\x00\x40\
\x48\xff\xc3\x6a\x00\x00\x74\x7f\xf8\x16\xde\x2a\x47\x6c\x6c\xa0\
\xca\xfb\xb1\xdd\x13\xeb\x7f\x8d\x32\xb1\xca\xab\xab\x6b\x42\xda\
\xb1\x6c\xd8\xda\x5a\x23\x44\xcd\x66\xba\x8a\x8a\x1a\x2c\x5a\xf0\
\x39\x32\xd2\xcf\x1b\x65\x62\x95\x97\x9f\x5f\x82\xac\xcc\x2b\xe0\
\x69\x08\x54\x32\xd2\x73\xb0\x78\xd1\x17\xa8\xac\xac\x35\xe2\xe8\
\x24\x81\xca\xaf\xb2\x40\x25\x40\x65\xa0\x22\x14\xb6\xe2\xa3\x35\
\x5f\x63\x8f\x91\x26\x56\x79\xf7\xee\x3d\x44\x46\xc6\x79\xf8\xfa\
\x0d\xc1\xd0\xa1\x2e\x2a\x8f\xcb\xbd\x54\x88\xd9\xef\xa5\xe2\xda\
\xd5\x62\xe3\x0d\x0e\xdd\xd7\xca\xed\xc2\x72\xc4\xc4\x18\xf7\x5a\
\xa1\x00\x80\x90\xfe\x47\xdb\x00\xc0\xe0\x59\x00\xa7\x4e\xe5\xe1\
\xf6\xed\x72\x95\x8f\xb7\xb4\xb4\xe1\xab\x7d\xbf\x40\x24\x62\xe7\
\x43\xa8\xad\xad\x03\x87\x0e\x66\xa9\x3d\xe6\x8f\x53\x57\x71\xf5\
\x6a\x91\x91\x46\xd4\x5b\x51\x51\x05\xce\x9e\x2b\x50\x7b\xcc\xfe\
\xaf\x8e\xa3\xa5\xc5\x30\x4b\xfe\x9a\x88\xc5\x62\xfc\x70\xf8\x94\
\xda\xe7\x2f\x2c\xbc\x87\xe3\xc7\x2f\x1a\x71\x54\x8a\x6a\x6b\x1a\
\x91\x9e\x96\xa3\xf6\x98\xff\x1d\x3d\x6b\xd0\x25\x7f\x4d\xb2\xb2\
\x4c\xfb\x5a\x21\x84\xf4\x2f\x06\x0f\x00\x1c\x1d\xed\x10\xc1\xf3\
\x53\xf9\xb8\xbd\xbd\x0d\xa2\x63\x02\x0d\x3d\x0c\xb5\x92\xc6\xa9\
\x4f\x55\x13\x08\xd8\xcf\xb7\x17\xf0\xd5\x17\xac\x61\x3b\xdd\x2e\
\x4a\x43\x75\xc7\xf0\x70\x5f\xd6\xf3\xed\x35\xe5\xd3\xb3\x9d\xf6\
\xa9\xcd\xb5\x12\x15\x6d\x7a\xb5\x29\x08\x21\x7d\x93\xc1\x03\x80\
\xc4\xc4\x70\x85\x65\xe1\xd6\xd6\x76\x3c\xac\xaa\x57\x38\x86\xed\
\x42\x27\x7c\xbe\xe2\xf3\x97\xdf\x7b\xa8\xf0\x2d\x8b\xed\x7c\x7b\
\x7f\x7f\x4f\x0c\x91\x5b\xba\x16\x89\xc4\xb8\x77\xf7\xa1\xc2\x31\
\x6c\x07\x00\xfc\x1e\xfd\x1d\xaa\xab\x1b\x14\x56\x04\x24\x65\x77\
\xd9\xab\xfe\x68\x6d\x6d\x89\xb8\x51\x8a\xfd\x1d\xee\xde\xad\x52\
\xf8\x39\x2e\x2e\x88\xd5\x26\x50\x89\xfc\x08\x93\xbf\x56\x08\x21\
\xfd\x87\x56\x69\x80\x66\xd6\x56\x40\x1b\xb3\xfb\xb6\x02\xb9\x3c\
\xfa\xa2\xa2\x0a\xac\x5c\xbe\x07\x95\x95\xb5\x98\x33\xef\x45\x8c\
\x1f\x1f\x05\x40\x52\x7d\x6f\xe3\x86\xef\xd0\xd1\x61\xdc\x7b\xc3\
\x00\xe0\xee\xee\x8c\x80\x40\x4f\x00\x92\xa5\xec\x43\x07\xb3\xb0\
\x2d\xf5\x27\x84\x86\xf9\xe0\x83\x25\xaf\xc2\xd5\x55\x92\x63\x2f\
\x10\x44\x20\xff\x5a\xb1\xd1\xc7\x07\x28\xae\x50\xd4\xd6\x36\xe1\
\x3f\x6b\xf6\xe3\x7c\xce\x0d\x4c\x78\xfd\x69\x4c\x78\xfd\x2f\xe0\
\x72\x39\xf0\xf3\x1b\x02\xef\x61\x83\x51\x5a\x52\x69\xf4\xf1\x71\
\xb9\x5c\x85\x9a\xfa\xa7\x4e\xe5\x61\xed\x47\xdf\xc2\xce\xd6\x1a\
\x4b\x97\xbd\x86\x90\x50\x1f\x00\x92\x20\xe5\xc7\x1f\xfe\x30\xfa\
\xf8\x00\x60\xf4\xe8\x60\xd9\xe4\xde\xde\xde\x81\x1d\xdb\x8f\xe2\
\xc0\xf7\x27\xf1\x97\x67\x62\x65\xa9\x78\x56\x56\x16\x18\x3d\x26\
\x04\x27\x7e\xcf\x65\x65\x8c\x49\x72\x41\x9c\xca\x6b\x25\x31\x1c\
\x1b\xd6\x7f\x87\xae\x2e\xfd\xdc\x06\x70\x0c\x09\x84\x2d\xd7\xc8\
\x1b\x5b\x08\x21\x06\xc5\x75\xd2\x6e\xb5\x55\xab\x00\xc0\xce\x73\
\x08\x50\xaf\xfb\x8e\x63\x7b\x7b\x1b\x8c\x1c\xe9\x0f\xb1\x58\x8c\
\xa3\x47\xce\x60\xcb\xe6\xc3\xb2\xdc\xf9\x95\xcb\xf7\xe2\xdc\xd9\
\x02\xcc\x9e\xf3\x4f\x0c\x18\x60\x0b\x5e\xe4\x08\x9c\xcf\xb9\xa1\
\xf3\x73\x3c\x2e\x41\x92\x64\x79\x5f\x9a\xdb\x7f\xe6\x51\x4e\x75\
\xee\xa5\x42\xbc\xfe\xda\x47\x98\x3b\xef\x25\x3c\x31\x7e\x24\x92\
\xc6\x45\x62\xfb\xb6\x23\x10\x1b\x7b\x17\x20\xba\x0b\x14\x9d\xcf\
\xb9\x81\xd5\xab\xf6\xa3\xa6\x46\x52\x38\x67\xd7\x97\x69\xb8\x9c\
\x7b\x1b\xef\x2f\x79\x15\x2e\x2e\x8e\xe0\xf3\xc3\xf1\xd5\x3e\xe3\
\x07\x00\x91\x91\x7e\x70\x72\xb2\x97\x4d\xac\x07\x0f\x64\x42\x2c\
\x16\xa3\xa1\x5e\x88\xb7\x66\x6e\x96\x05\x2a\x23\x47\x8e\xc0\xc0\
\x81\xf6\xa8\xab\x6b\x32\xfa\x18\xa5\xcb\xfb\xc5\xc5\x15\x58\xb1\
\x6c\x0f\xee\x3c\x2a\x32\x95\x9e\x96\x83\x82\x82\x52\x2c\x5d\xf6\
\x1a\xfc\xfd\x3d\xc1\x17\x44\xb0\x12\x00\xd8\xdb\xdb\x20\x52\x8b\
\x6b\xc5\xc1\xd1\x0e\x91\x91\x23\x70\xe1\xc2\x4d\xbd\x3c\xef\x98\
\xfd\xa9\x26\xdb\x98\x8b\x10\xc2\x4c\x53\x71\x19\xca\x84\x9a\x37\
\x84\x1b\xf4\x16\x40\x7c\x42\x18\x9a\x9b\x5b\xb1\x78\xe1\x4e\xac\
\x4f\xf9\xae\x57\xe1\x9c\xf4\xb4\x1c\x4c\x99\xbc\x01\xb7\x6e\xdd\
\x65\x6d\x69\x53\x20\xe0\xe1\xc2\xf9\x9b\x48\x9e\x98\x22\x9b\xfc\
\xa5\x84\xc2\x56\xac\x58\xbe\x07\x6b\x56\xef\xc7\xc0\x81\xf6\xf0\
\x67\xa1\xbf\xbd\xaf\xaf\x07\x3c\x86\x0c\xc2\x8e\xed\x47\x30\x6f\
\xee\x76\xd9\xe4\x2f\x75\xf1\xe2\x2d\x4c\x7a\x63\x1d\x4e\x9f\xbe\
\x06\x3e\x5b\xaf\x61\x12\x0f\x25\x25\x95\x98\xfe\xe6\x27\x38\xf0\
\xfd\x49\x85\x20\xa9\xab\x4b\x84\x5d\x5f\xa6\x61\xee\xec\x6d\xa8\
\xa9\x69\x64\xa5\xec\xae\x85\x85\x39\x46\x8f\x0e\x41\x46\x7a\x0e\
\xde\x9c\xb2\x51\x36\xf9\x4b\x95\x3e\x1a\xfb\xd7\xfb\x8f\x63\xf4\
\xe8\x10\x56\x9a\x40\x25\x26\x86\x43\x28\x6c\x51\x7b\xad\x4c\x9d\
\xbc\x01\x85\x85\xf7\x58\xbf\xdd\x43\x08\xe9\x1f\x0c\x1a\x00\x58\
\x5b\x5b\x62\xe2\xeb\x6b\xd5\x96\x52\x95\x7e\xf8\x3e\x4e\xfa\x1a\
\xd3\x6e\x69\x03\x06\xd8\xe2\xc4\xef\xb9\x98\x33\x7b\x1b\x1e\x3e\
\xac\x57\x79\x5c\x7a\x5a\x0e\xa6\xbf\xf9\x31\x3c\x75\x2c\xca\x23\
\xe5\xe9\xe9\x0a\xef\x61\x83\x19\x9d\xeb\xed\xed\x86\x69\x53\x3f\
\xc6\xd7\xfb\x8f\x43\x24\x52\xbe\xfa\x50\x5f\x2f\xc4\xe2\x85\x3b\
\x91\x91\x7e\x1e\x4e\x3a\x16\x94\x91\x1a\x33\x26\x84\xd1\x79\x00\
\x50\x53\xd3\x88\x29\xc9\xeb\x51\x58\x78\x4f\xe5\x31\x17\x2e\xdc\
\xc4\xe4\xe4\xf5\xb0\xb4\x64\x56\x7c\xd2\xdc\xdc\x0c\xa3\x46\x07\
\x33\x3a\xd7\x6f\xc4\x10\xac\xfa\x70\x1f\x56\xaf\xda\x8f\xd6\xd6\
\x76\xa5\xc7\x74\x74\x74\x62\xc7\xf6\x23\xf8\x70\xc5\x5e\xf8\xf9\
\x29\x2f\x73\xac\x49\xdc\xa8\x60\x58\x58\xe8\x56\x58\x4a\xca\xda\
\xc6\x12\x13\x5f\x5f\xa7\xf6\x5a\x29\x29\xa9\xc4\x8c\x69\x9f\xa8\
\xfd\x5b\x25\x84\x10\x6d\x29\xdd\xda\x9e\x7f\xf5\x72\x09\x00\x6f\
\xe9\xcf\x3b\xb7\xfc\x82\xf3\xd7\x8c\x53\xa0\x47\x57\x8e\x8e\x76\
\xf8\x7c\xe7\x1c\xbc\xf4\xe2\x87\xac\x2c\xcf\x6b\xe3\xd5\xd7\x9e\
\x84\x99\x99\x19\xf6\xec\x4e\x67\x7b\x28\x2a\xed\xff\xe6\x7d\xbc\
\xfb\xf6\x56\x93\x9d\x5c\xe2\xe2\x82\xf0\x7f\xff\xbf\x04\x2c\x5e\
\xb4\x93\xed\xa1\xa8\xb4\x6a\x4d\x32\x7e\xfa\xf1\x34\xb2\x35\xa4\
\x6c\x9a\x92\x23\xff\x5b\x43\xb7\x00\x08\xe9\x67\x7a\xde\x02\x10\
\x03\x77\x43\xc3\x78\x5e\x3d\x8f\x33\x6a\x37\x40\x43\x48\x4c\x0c\
\xc7\x60\x77\x67\x93\xeb\x8a\x27\x8f\xcf\xe7\x99\xf4\xb2\x6d\x40\
\x80\x27\x3c\x3d\x5d\x59\xdd\xa5\xaf\x89\x20\x89\x67\xd2\x5d\xf1\
\xac\xad\x2d\x11\x1b\x1b\x08\x81\x40\x7d\xba\x26\x21\x84\x98\x8a\
\x3e\x1f\x00\x48\xef\x7b\x9b\xea\x07\xaf\x9b\xdb\x40\x04\x04\x7a\
\x4a\x76\xe9\x7b\xbb\xb1\x3d\x1c\xa5\xa4\xc1\x89\xa9\x06\x29\x5c\
\x2e\x17\xf1\x09\xe1\xb0\xb0\x30\x67\x7c\x1b\xc0\xd0\x46\x8f\x09\
\x81\xb5\xb5\x65\xaf\x54\x3e\x42\x08\x31\x55\x7d\xfa\x93\xca\xce\
\xce\x5a\x56\x18\x25\x69\x5c\x24\xeb\xc5\x7a\x94\x49\x4a\xea\x1e\
\x57\xa2\x86\x62\x3e\x6c\x91\x66\x19\x48\x77\xf3\x9b\x1a\x9e\xdc\
\xb8\x4c\x35\x0f\x5e\x3a\x2e\x47\x47\x3b\x95\x6d\x7e\x09\x21\xc4\
\x94\xf4\xe9\x00\x60\x6c\x7c\xa8\x6c\xd3\x95\xbb\xbb\x33\x46\x8c\
\x30\xfe\x2e\x7d\x4d\xe4\x0b\xe4\x98\xe2\xe4\xe5\xeb\xeb\x21\xdb\
\xa0\xc8\xe5\x72\x11\x1f\x6f\xfc\x5d\xfa\x9a\xc8\xbf\x6e\xd2\x6f\
\xda\xa6\xa4\xe7\xca\x44\xcf\xa2\x48\x84\x10\x62\x8a\xfa\x74\x00\
\xd0\xb3\x82\x9f\xa9\x2d\x61\x3b\x39\x0f\x40\x68\x98\x8f\xec\xe7\
\xc0\x20\x2f\x0c\x19\x32\x88\xbd\x01\x29\xd1\xf3\x35\x33\xb5\xd7\
\x90\xcb\xe5\x20\x91\xdf\xbd\x37\x41\x7a\xaf\xdd\x94\xf4\xdc\x9b\
\x20\xe0\xb3\x5f\x3a\x9a\x10\x42\x34\x31\xe9\x2c\x00\x2e\x97\x8b\
\xc9\x53\xfe\x86\xe7\xff\xcf\x58\xa5\x8f\xdb\xd9\x59\x83\xcb\xed\
\x8e\x61\x3a\x3b\xbb\x94\x36\xa4\xe9\xec\x14\xe1\x8b\x9d\x3f\xe3\
\xc8\x4f\xa7\xf5\x3e\xc6\x21\x43\x5d\xf0\xc1\x07\xaf\xc2\x7b\x58\
\xef\xfb\xfb\x66\x66\x66\xb0\xb5\x55\x6c\x41\xdb\xd2\xd2\xa6\xb4\
\x1b\x5e\x59\x59\x15\x56\x7f\xf8\x55\xaf\xf2\xb4\xfa\xf0\xd7\xbf\
\xc6\xe1\xcd\x69\xcf\xc1\x5c\x49\x8a\x9a\xb5\xb5\x95\x42\xea\x9a\
\x48\x24\x86\x50\xd8\xa2\xf4\xdf\x39\x7a\xf4\x2c\x3e\xdf\x71\x54\
\x6f\x55\xe8\xa4\xec\xec\xac\x31\x7f\xc1\xcb\x88\x8e\xe9\x5d\xe7\
\x9e\xc3\xe1\xc0\xde\xde\x46\xe1\x77\x6d\x6d\x1d\x68\x6f\xef\xe8\
\x75\x6c\x63\x63\x0b\x52\xd6\x7e\x8b\x8b\x17\x6f\xe9\x75\x7c\x00\
\x10\x39\x72\x04\x16\x2c\x78\x19\x03\x94\xec\x98\xb7\xb4\xb4\x80\
\x95\x95\x62\xed\x80\xa6\xa6\x16\xa5\x59\x29\x97\x2e\x16\x62\xed\
\x47\xdf\xa0\xa9\x49\xf9\x6b\x6c\x6c\x94\x05\x40\x48\xff\xa3\x6d\
\x16\x80\x49\x07\x00\x52\x89\x89\xe1\x98\xbf\xe0\x65\x38\x38\xda\
\xe9\x7c\x6e\x65\x45\x0d\x3e\x5c\xb9\x0f\x79\x79\x86\xeb\xe6\x67\
\x65\x65\x81\x37\xa7\x3d\x87\x7f\xbc\xc0\x67\x74\x7e\x46\x7a\x0e\
\x36\x6e\x38\x60\xd0\x6e\x7e\x01\x01\x9e\x58\xba\xfc\x75\x78\x31\
\xa8\x65\x20\x14\xb6\x62\xc3\xfa\xef\x70\xfc\x57\xc3\x75\xf3\xe3\
\x70\x38\xf8\xc7\x0b\x7c\x4c\x9b\xfe\x3c\xa3\x5c\xfa\xfc\x6b\xc5\
\x58\xb9\x62\x1f\xee\xdf\xaf\x36\xc0\xe8\x24\x9c\x9d\x1d\xb0\xf8\
\xfd\x57\x10\x1b\x17\xa4\xf9\xe0\x1e\xba\xba\x44\xd8\xb7\x37\x03\
\x7b\x76\x67\x98\x54\x37\x3f\x0a\x00\x08\xe9\x7f\xfa\x55\x00\x00\
\x00\xae\xae\x03\xf1\xc1\xd2\x57\x11\x19\x39\x42\xeb\x73\x4e\xfc\
\x9e\x8b\x94\x75\xff\x35\xda\xb7\x2d\xbe\x20\x02\xf3\xe6\xbf\xac\
\xf5\x07\xaa\x50\xd8\x8a\x8f\x37\x7e\x8f\x5f\x32\x2e\x18\x78\x64\
\x12\x4c\x02\x95\x82\x82\x52\xac\x5c\xbe\x07\xe5\xe5\x86\x9b\x58\
\xe5\x05\x06\x79\x61\xe9\xb2\x09\xf0\xf4\xd4\x2e\x50\x11\x89\x44\
\xd8\xbb\xc7\x78\x13\xab\x34\x50\x99\x3e\xe3\x79\x98\x9b\x6b\x17\
\xa8\x18\x23\x08\x65\x8a\x02\x00\x42\xfa\x1f\x6d\x03\x00\xa5\x9f\
\x60\x33\x67\x4c\x9f\x05\xc0\x51\xfa\xf3\xc5\xec\x3b\x28\xaf\x6a\
\x50\x76\xa8\xd1\x34\x37\xb7\x22\x3d\x2d\x07\x8d\x8d\x2d\x88\x8e\
\x0e\x50\x58\xfa\xef\x7d\x6c\x1b\x36\x7d\x72\x08\x3b\xb6\x1f\x41\
\x7b\x7b\xa7\xd1\xc6\x58\x52\x52\x89\xdf\x8e\x5f\x44\x60\xa0\x37\
\x06\xbb\x3b\xa9\x3d\xb6\xa0\xa0\x14\x73\x66\x6f\xc3\xe5\xdc\xdb\
\x46\x1a\x9d\xe4\x5b\xe8\xb9\x73\x05\x28\x2e\xba\x8f\x98\xd8\xc0\
\x5e\xcb\xd6\xf2\x44\x22\x49\x63\xa4\x15\xcb\xf7\xa0\xbe\x5e\x68\
\xb4\x31\x56\x3f\x6c\x40\xda\xb1\x6c\x38\x3a\xda\x21\x30\xb0\xd7\
\xdf\xab\x82\xca\xca\x5a\x2c\x5e\xb4\x13\xe9\x69\x39\x46\x2d\x02\
\x95\x9f\x5f\x82\x9c\xec\xeb\x88\x8a\xf2\x57\x7a\x4b\x40\xde\x89\
\xdf\x73\xb1\x60\xfe\x67\x06\xb9\xb5\xa3\x0f\xaf\xfc\x7b\xbc\xda\
\xbf\x03\x42\x48\xdf\xd3\x5e\xd7\x80\x86\x8e\x56\xf9\x5f\x35\xa4\
\xa6\x6e\xff\xb8\xe7\x71\x7d\x6a\x13\xa0\x58\x2c\xc6\x81\xef\x4f\
\x22\xf5\xd3\x1f\xd5\x1e\xf7\xfe\xa2\x9d\x06\xb9\xdf\xaf\x8d\xca\
\xca\x5a\xbc\xf7\xee\xd6\x5e\xf5\xe6\xe5\x15\x17\x57\x60\xe6\xf4\
\x4f\x50\x7e\xef\xa1\xca\x63\x0c\xe9\xc4\x89\xcb\x78\x7f\xd1\x17\
\x6a\x8f\xf9\x6c\xc7\x51\x6c\xde\x74\x48\xe9\x7e\x05\x43\x6b\x6e\
\x6e\xc3\xfa\x94\xef\x90\x91\x9e\xa3\xf2\x98\xce\xce\x2e\x4c\x49\
\x5e\x8f\x2b\x97\xef\x18\x71\x64\xdd\x0a\x0a\x4a\xf1\xe6\xd4\x8d\
\xe8\xe8\x50\x1d\x60\xfe\xfa\xcb\x05\x2c\x5b\xba\xdb\x64\xee\xf7\
\x13\x42\x88\xbc\x3e\x15\x00\x48\x05\x05\x7b\x3f\xd6\xe3\x86\x66\
\x63\x63\x05\x2f\x2f\xd5\x45\x7f\xbc\xbc\xdc\x7a\x6d\x6c\x33\xb6\
\xc0\x20\xf5\xdf\xae\x03\x1f\xb5\x48\x66\x53\x60\x90\xea\xf7\xd1\
\xdc\xdc\x0c\x7e\x7e\x43\x8c\x38\x9a\xde\x7c\xfd\x86\xc0\xc2\x42\
\x75\x6f\x03\xb6\xff\x0e\x09\x21\x44\x9d\x3e\x17\x00\x98\x9b\x9b\
\x69\x6c\x5c\xc3\x76\xbe\x7d\x42\x62\xb8\xda\x8d\x6c\x66\x66\x5c\
\x8c\x65\x39\xdf\x5e\x53\xba\xdf\xe8\x31\x21\xac\x2e\x0d\x0f\x1f\
\xee\x8e\x61\x1a\x1a\x28\xb1\x9d\xb2\xa8\xe9\xef\xcc\xd3\xd3\x15\
\xc3\x7d\x99\x35\x16\x22\x84\x10\x43\xeb\x73\x01\x40\x54\x74\x00\
\x06\x0c\xe8\xbe\xef\x9a\x9d\x7d\x1d\xef\xbe\xbd\x15\xb7\x6f\x97\
\xcb\x7e\x17\x18\xe4\x85\xc1\xee\xce\x6c\x0c\x0f\x40\x77\x65\x3d\
\x40\xd2\x65\x6e\xf3\xa6\x43\xf8\x78\xe3\x01\x85\xd4\x35\x36\x27\
\xaf\x41\x83\x1c\x10\x12\xe2\x23\xfb\xb9\xa8\xa8\x02\xef\xbe\xbd\
\x55\xa1\x1d\xb2\x8d\x8d\x15\x62\x58\xcc\xb7\x97\x6f\x6d\x2c\x16\
\x4b\xf6\x23\x2c\x5a\xf8\x39\x6a\x6b\x1a\x65\xbf\x4f\xe4\x47\x80\
\xcb\x65\x27\xdf\x9e\xcb\xe5\x28\xbc\xcf\xb5\xb5\x4d\x78\x7f\xd1\
\x17\xbd\xda\x21\xb3\x1d\x8c\x12\x42\x88\x2a\x7d\x2e\x00\x90\x4e\
\x9c\x5d\x5d\x22\xec\xde\x95\x86\x05\xf3\x76\x20\x37\xb7\x10\xd3\
\xa6\x7e\x8c\x83\x07\x32\x21\x16\x8b\xc1\xe1\x70\x58\xeb\x0d\x60\
\x6b\x6b\x85\xd8\x38\xc9\xc4\x59\x5a\xfa\x00\xd3\xdf\xfc\x04\x07\
\x0f\x64\xe2\x87\xc3\xa7\x30\x25\x79\x83\x2c\x50\x89\x89\x09\x54\
\x08\x64\x8c\x89\x2f\xe8\x9e\x38\x33\xd2\x73\x30\x6d\xea\x46\xe4\
\xe6\x16\x62\xd1\x82\xcf\xb1\x65\xf3\x61\xd9\x7d\x6d\x36\x27\xaf\
\xa4\x71\x91\x00\x24\xf9\xf4\xcb\x97\xed\xc1\xa6\x4f\x0e\xe2\xf4\
\x1f\xd7\xf0\xc6\xeb\x6b\x71\xf6\x51\xa0\x32\x68\x90\x03\x42\xc3\
\x86\xb3\x32\xbe\xd0\x50\x1f\xb8\xb8\x4a\xf6\xc9\x5e\xba\x78\x0b\
\x93\x27\xa5\xe0\xd4\xa9\x3c\x6c\xd9\x7c\x18\x73\xe7\x6c\x47\x4d\
\x8d\x64\xd3\x2c\xdb\xab\x14\x84\x10\xa2\x4a\x9f\x0a\x00\xa4\xa5\
\x6a\x2b\x2a\x6a\xf0\xf6\x5b\x9b\xb1\xeb\xcb\x34\x88\x44\x92\x6f\
\x5b\xed\xed\x1d\xd8\xbc\xe9\x10\x3e\x58\xfc\x25\x1a\xea\x85\xac\
\x7d\xf0\x8e\x8d\x0f\x83\xa5\xa5\x05\x32\xd2\x73\x30\x75\xf2\x06\
\xdc\xba\x75\x57\xf6\x58\x71\x71\x85\x2c\x50\xb1\xb0\x30\xc3\xe8\
\x31\xec\x34\xb6\x11\x08\x78\x10\x0a\x5b\xb1\x72\xf9\x5e\xac\x5e\
\xb5\x1f\xad\xad\xed\x00\xba\x37\x59\x4e\x49\x5e\x8f\xa2\x3b\xf7\
\x11\x9f\x10\xc6\xb8\xbf\xfd\xe3\xf0\xf4\x74\x85\xaf\xaf\x07\x72\
\x73\x0b\xf1\xc6\x84\xb5\x38\xf1\x7b\xae\xec\xb1\xba\xba\x26\x2c\
\x94\x05\x2a\x5d\xac\x05\x29\xfc\x24\x9e\x2c\x08\x9d\x3d\x2b\x55\
\xa1\x8d\xf2\xf9\x9c\x1b\x98\x34\x31\x05\xd9\xd9\xd7\x15\x4a\x2d\
\x13\x42\x88\x29\x31\x7a\x00\xc0\xe5\x72\xe1\xe4\x3c\x80\xd1\xb9\
\xbc\x48\x3f\x5c\xce\x2d\x44\xf2\xc4\x14\x5c\xbb\x5a\xac\xf4\x98\
\x53\xa7\xf2\x30\x69\x62\x0a\x3a\x3b\xbb\xe0\xe6\x36\x90\xd1\xf3\
\x0c\x1a\xe4\xc0\xe8\x3c\x00\x88\x8d\x0d\xc4\xaa\x0f\xf7\x61\xf5\
\xaa\xfd\x4a\x0b\xfb\xc8\x02\x95\xf7\xbf\xc4\xc8\x91\xfe\x8c\x9f\
\xc7\xc5\xc5\x51\xf3\x41\x4a\x38\x38\xda\xc1\xc2\xd2\x1c\x93\x27\
\xa5\xe0\xf8\x71\xe5\x85\x7d\x8a\x8a\x2a\xf0\xe6\xd4\x8d\x48\x4f\
\xcb\x61\x3c\x46\x27\x27\x7b\xc6\x5d\xf1\x12\xf9\x11\xd8\xbd\x2b\
\x0d\xb3\xde\x4d\x45\x55\x55\x5d\xaf\xc7\xa5\x81\xca\xcc\x19\x9f\
\xc0\xdf\x7f\x28\xe3\xb2\xbb\xce\xce\xcc\xdf\xe7\x00\x7f\x4f\xbc\
\xfb\xf6\x16\x85\x20\x54\x5e\x6d\x4d\x23\xe6\xcf\xdd\x81\x2d\x9b\
\x0f\x63\xec\xd8\x50\x46\xcf\xf1\x38\xd7\x0a\x21\x84\x68\x62\xf4\
\x42\x40\x91\x91\x23\x10\x12\x3a\x0c\x5f\xef\x3f\xae\xf3\xb9\x0e\
\x8e\x76\x68\xd0\x32\x27\x9d\xcb\xe5\xc2\xce\xce\x1a\x8d\x8d\xcd\
\x3a\x3f\xcf\xa2\xc5\xaf\x60\x5b\xea\x4f\xa8\xab\x6b\xd2\xf9\xdc\
\x81\x03\xed\xb5\x3e\x4f\x97\xff\x1f\x79\xf6\xf6\x36\x78\x6f\xd6\
\x0b\x58\xf5\xe1\x3e\x46\xe7\xb6\xb4\xb4\x69\x5d\xce\x97\xe9\x18\
\x5f\x7a\x79\x1c\x6e\xdd\xbc\xcb\xa8\x2c\xaf\xa3\xa3\x9d\xd6\xb5\
\x07\xec\xec\xac\xd1\xde\xde\x81\x8e\x0e\xdd\xd3\x15\xff\xf3\xd1\
\x14\x2c\x5a\xf8\xb9\xce\xe7\x99\x9b\x9b\xc1\xca\xca\x02\x42\x61\
\xab\xe6\x83\xc1\xfc\x35\x8c\x1c\x39\x02\xc1\xc1\xc3\xf0\xcd\xd7\
\xba\x5f\x2b\xda\xa2\x42\x40\x84\xf4\x3f\xda\x16\x02\x32\xfa\x0a\
\x40\x22\x3f\x9c\xf1\xb2\xad\x2e\x1f\xa2\x22\x91\x88\xd1\xe4\x6f\
\x61\x61\x8e\x44\x7e\x04\xc6\xc6\x33\xfb\xd6\xa6\x4b\xd0\xc0\x64\
\x52\x00\x24\x59\x06\x89\xfc\x70\x46\x5d\xf1\x9a\x9a\x5a\x74\xaa\
\xe5\xcf\x74\x8c\x02\x01\x8f\xf1\x6d\x18\x5d\x0a\x0f\x09\x85\xad\
\x8c\x26\xff\xe1\xbe\x1e\x18\x1b\x1f\x0a\x5f\x06\xbb\xf4\x3b\x3b\
\xbb\xb4\x9e\xfc\x01\x76\x5e\x43\x42\x08\xd1\xc4\xa8\x01\x00\x87\
\xc3\x41\x22\x3f\x02\x41\xc1\xde\xf0\xf0\x30\xad\xae\x78\x52\x31\
\x31\x01\xb0\xb3\xb3\x36\xe9\xdd\xdb\x02\x01\xcf\x24\xbb\xe2\x49\
\x39\x3b\x3b\x20\x38\x64\x18\x04\x02\x9e\xda\x8a\x8d\x6c\x92\xbe\
\xbf\xa6\x3a\xc1\x72\xb9\x1c\xf0\x05\x11\x08\x0a\xf2\xc2\xe0\xc1\
\xea\xab\x4a\x12\x42\x08\x13\x46\xfd\x74\x96\xff\x30\x93\x6f\xf1\
\x6a\x4a\xa4\x13\x42\x4c\x2c\x7b\xbb\xf4\xd5\xb1\xb5\xb5\x42\x4c\
\xac\xa4\x6b\x1e\xdf\x44\x27\xaf\xa4\x71\x3c\x70\xb9\x1c\x38\x39\
\x0f\x40\x58\xb8\x0f\xdb\xc3\x51\x4a\xfa\x3e\x9b\x6a\xa0\x17\x1a\
\xea\x03\x17\x17\x47\x59\xd0\x4c\x08\x21\xfa\x66\xd4\x00\x40\x3e\
\xb7\xdb\x14\xbf\x79\x99\x9b\x9b\x21\x3e\x21\x5c\xf6\xdf\x63\x18\
\x6e\xde\x32\x24\x69\x96\x01\x00\xc4\xc7\xb3\xb3\x4b\x5f\x13\xf9\
\x49\xd5\x14\x27\x58\x69\x96\x01\x20\xb9\x15\x60\x8a\xbb\xf4\xe5\
\x83\x3b\x53\x7c\x0d\x09\x21\x7d\x9f\xea\x3a\xa6\x72\x9a\x8a\x4a\
\xa1\x62\xbf\xa0\x4e\x12\x12\xbb\xbf\xf5\x87\x86\xfa\xc0\xcd\x6d\
\x20\x1e\x3c\xe8\xbd\xcb\x9b\x2d\x23\xa3\xfc\x15\x36\x44\x09\x92\
\x22\xd4\xd6\xa3\x67\x83\xfc\x64\x60\x67\x67\x8d\xa8\xe8\x00\x9c\
\x3b\x5b\xc0\xe2\x88\x14\x39\x3a\xda\x21\x3c\xc2\x57\xf6\xb3\x20\
\x89\x87\xad\x5b\x7e\x30\x6a\xb3\x1e\x4d\xa4\x35\x06\xa4\xf8\xfc\
\x70\x7c\xb5\xaf\x92\xa5\xd1\xf4\xc6\xe1\x70\x20\x90\xfb\xd6\x1f\
\x16\x3e\x1c\x83\x06\x39\xa0\xba\x5a\xff\x0d\xb9\x7e\x7f\xe2\x05\
\xd8\xc0\xf8\xfd\x1e\x08\x21\x86\x63\xee\xe1\x02\x8f\x8f\x16\x68\
\x3e\x4e\x9b\x7f\x4c\xd4\xd5\xa5\xd5\xa1\xce\xce\x0e\xf8\x7f\xff\
\x48\x54\x9a\xfe\x65\x6d\x6d\x09\x6f\xef\xee\xfa\xf8\x1c\x0e\x07\
\xef\xce\xfa\x07\x4a\x4b\x1e\x28\xfd\xb7\x4e\x9c\xc8\xc5\x8d\xeb\
\xfa\x6f\x41\x3c\x7a\x4c\x08\x78\x3c\x3f\xa5\x8f\x45\xf0\x7c\x15\
\x7e\x8e\x8b\x0b\xc2\x9b\xd3\x9e\x53\x7a\xac\x50\xd8\x8a\xef\xbf\
\x3b\x81\xb6\xb6\x0e\xa5\x8f\x33\x65\x69\x69\x81\x17\x5f\x12\xc0\
\xce\x4e\x79\xaf\x80\xb8\x51\x8a\xbd\xe8\x5f\x7f\xfd\x2f\x2a\x5b\
\x24\x5f\xbd\x5a\x84\x3f\x4e\x5d\xd5\xeb\xf8\x00\x60\x84\xff\x50\
\x8c\x1f\x1f\xa5\xf4\xb1\xa1\x9e\x2e\x0a\xef\xbf\xab\xeb\x40\xcc\
\x9a\xfd\x82\xd2\x4d\x73\x22\x91\x08\x87\x0f\x9d\x52\xc8\xa1\xd7\
\x97\xe7\x9e\x1f\x8b\x21\x43\x94\xef\x33\xe9\x19\x00\x3c\xfb\xf7\
\x31\x2a\x5f\xef\x8a\x8a\x1a\xfc\xf8\xc3\x1f\x7a\x1f\x9f\x8b\x8b\
\x23\xfe\xbf\xff\x97\xa0\x74\x8f\x84\x9d\x9d\xb5\x42\x25\x4b\x2e\
\x97\x83\x59\xb3\x5f\x40\x59\x99\xf2\x8e\x82\xbf\xff\x76\x09\x37\
\x6f\xde\x55\xfa\x98\x26\x6d\xb5\xb5\xe0\x8a\x8c\xd7\x31\x93\x10\
\x62\x78\x62\x3b\x2b\xad\x8e\xd3\x2a\x0d\x70\xe3\xbb\x9f\xe1\x66\
\x9b\x56\xb1\x02\x82\x83\xbd\xb1\x74\xd9\x04\x0c\x19\xea\xa2\xd5\
\xf1\x3d\xb5\xb5\x75\xe0\xb3\x1d\x47\x71\xe0\xfb\x93\x8c\xce\xd7\
\x84\xcb\xe5\xe2\xe5\x7f\x8d\x43\xf2\xe4\xbf\x69\xdd\xcf\xbd\xa7\
\xeb\x05\xa5\x58\xb9\x72\x2f\xee\xdd\x35\x4c\x37\xbf\xc1\x83\x9d\
\xb0\x64\xe9\x6b\x0a\xdf\xa4\x75\x21\x2d\x9d\x9b\xfa\xe9\x8f\x06\
\xeb\xe6\x97\x34\x2e\x12\xf3\xe6\xbf\xc4\xb8\xa9\xd1\x83\x07\x75\
\x58\xb5\x72\x1f\x2e\x5f\x36\x4c\x3b\x64\x5b\x5b\x2b\xcc\x9a\xf3\
\x4f\x3c\xfd\x74\x0c\xe3\x7f\xe3\xe4\xc9\xcb\x48\x59\xfb\x5f\x46\
\xd9\x24\xda\x08\x09\x19\x86\x25\xcb\x26\xa8\x0c\x54\x34\x69\x6e\
\x6e\x43\xea\xa7\x3f\x3e\x56\xe7\xcb\x99\xe5\xe7\x60\x43\x01\x00\
\x21\xfd\x8a\xa5\xb7\x07\xbc\x53\x57\xc9\x7e\x56\x95\x06\xa8\x74\
\x06\x9c\x39\x63\xfa\x2c\x00\xb2\x4a\x33\x67\xd2\x2e\xa0\xba\x4b\
\xbb\xed\x02\x0f\x1f\xd6\x23\xed\x58\x36\xdc\xdc\x9c\x74\xee\xd6\
\x76\xf3\xe6\x5d\xcc\x99\x95\x2a\x2b\xf5\x6a\x08\x62\xb1\x18\x79\
\x79\x45\x38\x9f\x73\xa3\x57\x5f\x01\x6d\xce\x3d\x74\x30\x0b\x2b\
\x57\xec\x41\x5d\x1d\xb3\xd4\x2e\x6d\x08\x85\xad\x48\x4f\x97\xf4\
\xb8\x8f\xe0\xf9\xea\x54\xe8\xa6\xb6\xa6\x11\x4b\x97\xec\xc2\xa1\
\x43\x59\x4a\x0b\xd4\xe8\x4b\x71\x71\x05\x8e\x1f\xbf\x84\xe0\x10\
\x6f\xb8\xb9\xe9\xb6\x4b\x3d\x2b\xf3\x0a\x16\xcc\xdb\x81\xd2\x52\
\xe5\xab\x3f\xfa\xd0\xd1\xd1\x85\xac\xcc\x2b\xb8\x7f\xbf\x1a\x31\
\xb1\x81\x6a\xbb\xf6\xf5\xd4\xd6\xd6\x81\x6d\xa9\x3f\xe1\xd3\xad\
\x3f\x28\xf4\x6f\xd0\xb7\xaa\x2a\xc9\xb5\xe2\xee\xee\xac\x73\x3a\
\xe2\x8d\x1b\x65\x98\x3b\x7b\x1b\xce\xe7\xdc\x78\xac\x31\xc4\x35\
\xde\x83\x85\x58\xfb\xb4\x50\x42\x88\xe9\x33\x73\x1c\x00\xc7\x67\
\x9f\x90\xff\x55\x43\x6a\xea\xf6\x8f\x7b\x1d\xa7\xec\xe4\xc7\x09\
\x00\x00\x49\x03\x9c\x4c\x1d\x3e\x7c\xa5\x13\xeb\x8a\x65\x7b\x50\
\x5b\xab\x7b\xf1\x1d\x26\x64\x1f\xbe\x1e\xda\x7d\xf8\xd6\xd6\x36\
\x61\xe9\x92\xdd\x38\x74\xd0\xb0\x13\xab\x94\x58\x2c\x46\xee\xa5\
\x42\x5c\xbe\x7c\x5b\x96\x9a\xa8\xc9\xa9\x53\x79\x98\x3b\x67\x3b\
\xee\xdc\xb9\x6f\xf0\xf1\x01\x80\xb0\xa9\x05\xe9\x69\xd2\x40\xc5\
\x4f\x63\xa0\x22\x9d\x58\xb7\x6e\xf9\x41\xef\xb7\x4e\x54\xb9\x5d\
\x58\x8e\xe3\xbf\x5e\x42\x48\xc8\x30\xb8\x6a\x51\x19\xb2\xa8\xa8\
\x02\x73\xe7\x6c\xc7\xe9\x3f\xf4\x7f\xeb\x44\x99\x8e\x8e\x4e\x9c\
\x3c\x79\x59\xf7\x6b\x65\xf9\x1e\x46\x85\xaa\x7a\xa2\x00\x80\x90\
\xfe\x87\xd5\x00\x40\xea\x76\x61\x39\x32\x4f\x5e\x41\x4c\x6c\x20\
\x1c\x1d\xed\x94\x1e\xd3\xdc\xdc\x86\xf7\x17\xed\x7c\xf4\x8d\xd5\
\xb8\x1f\x44\x1d\x1d\x9d\x38\x79\xe2\x32\x6a\x6b\x1b\xd5\xee\xf8\
\xcf\xbd\x54\x88\xf7\xde\x51\xec\x38\x68\x2c\x15\x15\x35\x48\x4b\
\xcb\x81\xff\x88\xa1\x18\xaa\xe6\xb6\xca\xa6\x4f\x0e\xe2\x53\x23\
\x4e\xac\x52\xd2\x40\xe5\xea\xd5\x22\x24\x24\x86\xc3\xd2\x52\xf9\
\x04\x76\xf7\x6e\x15\xde\x7b\x67\x2b\xce\x9c\xbe\x66\xd4\xf1\x01\
\x92\xe2\x47\x19\xe9\x39\x70\x74\xb4\x47\x50\x90\xb7\xca\xe3\x8e\
\xfc\x74\x1a\xef\x2f\xfe\xc2\x20\x9b\xed\x34\xb9\x5d\x58\x8e\xcc\
\xcc\x3c\xc4\xc4\xa8\xbf\x56\x16\x2f\xda\x89\xc3\x7a\x5c\xdd\xa1\
\x00\x80\x90\xfe\x47\xdb\x00\xc0\xe0\x69\x80\xa5\xa5\x0f\xd0\xd6\
\xd6\xae\xf2\x71\x0b\x0b\x73\x14\x14\x94\x1a\x7a\x18\x6a\xdd\xd2\
\xb0\x81\xea\xc1\x83\x5a\xbd\x7c\xdb\x62\xaa\xa1\x5e\x88\x4a\x0d\
\xd9\x12\x9a\xfe\x1f\x0c\x2d\xff\x5a\x89\xda\x3d\x15\xed\xed\x9d\
\x28\x29\x61\x6f\xa7\x7d\x47\x47\x17\x8a\x8b\x2b\xd4\x1e\x53\x54\
\x54\x21\xeb\x84\xc8\x86\xd2\x92\x4a\xb4\xab\x09\xe0\x2c\x2c\xcc\
\x90\x7f\xad\xd8\x78\x03\x22\x84\xf4\x6b\x06\x0f\x00\x3c\x3c\x06\
\x61\xc4\x88\xa1\x2a\x1f\xb7\xb0\x30\xc3\x98\x31\x21\x86\x1e\x86\
\x5a\x9a\x0a\xea\x8c\x65\x39\xdf\x9e\xcb\xe5\x22\x21\x21\x4c\xed\
\x31\x6c\x17\x05\x1a\x3b\x36\x14\x56\x56\x16\x2a\x1f\x37\x85\xae\
\x78\x9a\xf2\xe9\xf9\x2c\xb5\x90\x96\x1a\x32\x64\x10\x46\xf8\xab\
\xbb\x56\xcc\x4d\xb2\x36\x05\x21\xa4\x6f\x32\x78\x00\x20\x48\xe2\
\x29\xdc\x1b\xbe\x77\xf7\x21\x2e\xf5\x68\x10\xc3\xf6\xe4\x25\xe8\
\x51\x69\x2d\xf3\xe4\x15\x85\xfa\xed\xf6\xf6\x36\x88\x8a\x0e\x30\
\xf6\xb0\x64\x22\x23\xfd\x30\x70\xa0\xbd\xec\xe7\xc6\xc6\x66\x85\
\x16\xb9\x80\x64\x72\x63\xda\x15\x4f\x1f\x7a\x4e\x9e\xb9\xb9\x85\
\xbd\x36\xf9\xf1\x59\xac\xfe\x38\x70\xa0\xbd\x42\x9a\x67\x67\x67\
\x17\x7e\xc9\xb8\xa0\x90\x25\x11\x11\xe1\x0b\x27\x27\x7b\x65\xa7\
\x1b\x85\x20\x49\x31\x3d\xf1\xee\xdd\xaa\x5e\xd7\x0a\x15\x05\x22\
\x84\xe8\x8b\x51\x02\x00\xa9\x13\xbf\xe7\x62\xea\x94\x0d\x98\xf5\
\x5e\xaa\xac\x9f\x3b\x00\x8c\x1a\x15\x04\x5b\x5b\xed\xf2\x16\xf5\
\x6d\x84\xff\x50\x59\xca\xa2\x50\xd8\x8a\x55\x1f\xee\xc3\x92\x0f\
\xbe\xc4\x84\x09\x1f\x21\x27\xfb\xba\xec\x38\x36\x3f\x78\xe5\xf3\
\xd6\xf3\xf3\x4b\x30\x75\xf2\x06\x2c\x5b\xba\x1b\x1f\xbc\xff\x25\
\x1a\x1a\x24\x29\x6a\x83\x07\x3b\x21\x38\x58\xf5\xfd\x6d\x43\xb2\
\xb6\xb6\xc4\xe8\x47\xab\x38\x22\x91\x48\xd6\xca\x77\xf2\xa4\x14\
\x1c\x3c\x90\x29\x3b\x8e\xcf\xe2\x6b\x98\x90\x18\x2e\xcb\xb9\xaf\
\xac\xa8\xc1\xbb\x6f\x6f\xc5\xaa\x0f\xf7\x61\xc6\xf4\x4f\x70\xf7\
\xae\x24\xbf\x9e\xcb\xe5\x22\x21\x91\xbd\x55\x80\xa4\x1e\xd7\xca\
\x9b\x53\x36\xca\xae\x15\x69\xa0\x12\x37\x2a\x88\x51\x13\x28\x42\
\x08\xe9\xc9\xa0\x01\x80\x8b\xab\x23\x82\x83\xbd\xd1\xdc\xdc\x86\
\xf5\x29\xdf\x61\xd9\xd2\xdd\x68\x6a\x6a\x51\xe8\xe7\x7e\xef\xee\
\x43\x58\x5a\x5a\xc8\x26\x10\x63\x93\x4e\xec\x37\xae\x97\x61\xca\
\xe4\xf5\xf8\x25\xe3\x02\x00\x49\x3a\xdd\xbc\x47\xfd\xdc\x3b\x3b\
\xbb\x90\x98\x18\xce\xb8\xbf\xfd\xe3\xe0\x72\x39\x48\x48\x0c\x87\
\x58\x2c\xc6\xc1\x03\x99\x78\x7b\xe6\x66\x94\x97\x57\x03\x90\xa4\
\xd3\x4d\x9e\x94\x82\xbc\x2b\x77\x00\xb0\xb7\x92\x22\x9d\x94\x1e\
\x3c\xa8\xc3\xbb\xef\x6c\xc5\xae\x2f\xd3\x20\x12\x89\xd0\xd6\xd6\
\x81\xcd\x9b\x0e\x61\xe9\x07\xbb\xd0\xd8\xd8\x8c\xc0\x40\x2f\xc6\
\x39\xef\x8f\x4b\x1a\x88\x9e\x3c\x79\x19\xc9\x93\xd6\xe3\xea\xd5\
\x22\x00\x8f\xde\xf7\xe4\xf5\xc8\xc8\x38\x0f\x80\xbd\xdb\x00\x6e\
\x6e\x03\x11\x18\xe4\x85\xe6\xe6\x36\xac\x5e\xb5\x5f\xc9\xb5\xb2\
\x09\xe5\xf7\x1e\xc2\xda\xda\x12\xa3\x46\x05\xb3\x32\x46\x42\x48\
\xff\x62\xd0\x19\x4d\x20\xe0\xe1\xd6\xad\x7b\x98\x92\xbc\x5e\x69\
\xb1\x92\x1b\xd7\xcb\x30\x39\x39\x05\x19\x19\xe7\x59\xfb\x86\x9d\
\xc8\x8f\xc0\xc1\x03\x99\xb2\x60\x44\x9e\xf4\xc3\xf7\xed\x99\x9b\
\x21\x6c\x6e\x55\x59\x71\xcf\x90\xc2\xc3\x7d\xc1\xe5\x70\x30\x6f\
\xee\x0e\x6c\xde\x74\xa8\x57\x61\x9f\xca\xca\x5a\xbc\xfb\xce\x56\
\xec\xde\x95\x06\x01\x3f\x82\x95\xdb\x00\x02\x01\x0f\x59\x59\x79\
\x48\x9e\xb8\x0e\x57\x2e\xdf\xe9\xf5\xb8\x74\xd2\xcd\xcb\x2b\x62\
\xa5\xb1\x8d\xbd\xbd\x0d\x42\x43\x7d\xb0\x65\xf3\x61\x59\x30\x22\
\xaf\xb9\xb9\x0d\xab\x3f\xfc\x0a\x6b\x56\xef\x47\x70\xb0\xb7\x42\
\x39\x68\x63\x49\x1a\x17\x89\x9b\x37\xef\x4a\x82\x11\x25\xe5\xa7\
\xaf\x17\x94\x62\x72\xf2\x7a\x1c\xff\xf5\xa2\x49\xf6\xd1\x20\x84\
\xf4\x3d\x7a\xaf\x04\x28\x2f\x21\x21\x1c\xe7\xce\x15\x68\xb5\xb3\
\x3a\x29\x89\x87\x13\x27\x2e\xeb\xfc\x1c\x00\x10\x1d\x13\x80\x7b\
\x77\x1f\xa2\xa2\xa2\x46\xa7\xf3\x06\x0c\xb0\x45\x60\x90\x97\x56\
\xc5\x54\x1c\x1c\x6c\x11\x10\xa8\xdd\xb1\xca\xfc\xfd\xb9\x31\x38\
\x7a\xe4\x8c\xce\xe7\x45\x47\x07\xe0\x56\xe1\x3d\xad\x7a\xca\x47\
\x45\xf9\xa3\xa8\xb8\x02\xb5\x35\x8d\x3a\x3f\x8f\xb3\xb3\x03\xfc\
\x03\x86\x32\xea\x2b\x30\x7e\x7c\x14\x8e\x1f\xbf\xa8\xf1\x38\x73\
\x73\x33\x8c\x1e\x1d\x82\x53\xa7\xf2\x74\x7e\x0e\x00\x78\xf6\xef\
\xa3\x71\xec\xe7\x73\x3a\xa7\xc0\xf9\xf9\x0d\x41\x47\x67\x17\x4a\
\xb5\xc8\x42\xf0\xf2\x72\x85\xa5\xa5\x05\xa3\x94\x4f\x0e\x87\x83\
\x67\x9e\x89\xc5\xb1\x63\xd9\x3a\x9f\x9b\x98\x18\x8e\xb3\x67\xf3\
\x65\xb7\xc5\xd4\x79\x62\xfc\x48\xfc\x76\xfc\x92\xce\xcf\xa1\x0c\
\x55\x02\x24\xa4\xff\xd1\xb6\x12\xa0\x41\x57\x00\x4e\x9d\xca\xd3\
\x3a\xad\x8a\xe9\xe4\x0f\x00\x4f\x3e\x19\xcd\x68\xe9\xb6\xb1\xb1\
\x59\xeb\x09\xbd\xa1\x41\xfb\x63\x7b\xb2\xb1\xb1\xc2\xcc\xb7\xfe\
\x2f\xa3\x6f\x96\x17\x2e\xdc\xd4\x6a\xf2\x07\x80\x8b\x17\x6f\x31\
\x9a\xfc\x01\xc9\xd2\xf7\xb8\x27\x46\x32\x3a\x57\x9b\xc9\x1f\x90\
\x6c\xbc\x63\x3a\xf9\x03\xc0\x0b\xff\x14\x20\x34\xd4\x47\xe7\xf3\
\x6e\xdf\x2e\xd7\x6a\xf2\x07\x80\xb2\xb2\x2a\xc6\xf5\x1e\x42\x42\
\x87\xe1\xa5\x97\xc7\x31\x3a\x37\x2b\x2b\x4f\xab\xc9\x1f\x80\xde\
\x26\x7f\x42\xc8\x9f\x9b\xf1\x6f\x6a\xeb\x19\x97\xcb\xc5\xd8\xf8\
\x50\x56\x37\x98\x69\x32\x76\x6c\x28\x6c\x6d\xad\x4c\x3a\x85\x4b\
\x90\xc4\x43\x62\x62\xb8\x49\xb6\x17\x06\xba\x5b\xf8\xb2\x9d\x31\
\xa2\x8e\x40\xc0\xc3\x70\x5f\x0f\x0c\x33\xc1\xf6\xc2\x84\x10\xd2\
\x53\x9f\x0f\x00\xa4\x29\x72\xa1\xa1\x3e\x70\x71\x71\xd4\x7c\x02\
\x0b\xa4\xab\x13\xa6\x9a\xc2\xe5\xe0\x68\x07\x1e\xcf\x0f\xf6\xf6\
\x36\x18\x39\xd2\x9f\xed\xe1\x28\x25\xbd\xef\x9d\x94\x14\xc9\x6a\
\xba\xa3\x3a\xd2\xfd\x0d\x6c\xd7\x13\x20\x84\x10\x6d\xf4\xf9\x00\
\x40\xfa\xb3\xd7\x64\xca\x00\x00\x20\x00\x49\x44\x41\x54\xcd\x5f\
\xba\x5b\xde\xd4\x58\x5a\x5a\x20\xee\xd1\xae\xed\xb8\x51\x41\x5a\
\xd5\xf4\x37\x36\xf9\x0c\x07\x53\xdd\x60\x26\x0d\x9e\xdc\xdc\x06\
\x22\x20\xd0\x93\xe5\xd1\xf4\xe6\xef\xef\x29\xcb\x70\x30\xd5\xd7\
\x90\x10\x42\xe4\xf5\xe9\x00\x80\xc3\xe1\x20\x21\xb1\xbb\x42\x9e\
\x29\x7e\xf3\x8a\x8b\xeb\xae\x71\x60\x61\x61\x8e\x51\xa3\x4d\x2f\
\x85\x4b\x7e\x65\x22\x91\x1f\xc1\x4a\xba\xa3\x3a\x3d\x27\x7d\x53\
\x5c\x49\x91\xff\xdb\xf3\xf7\xf7\xc4\x50\x4f\x66\xed\xb0\x09\x21\
\xc4\x58\x74\xdf\xda\x6f\x64\xd6\xd6\x96\x2a\x3b\xa4\x05\x04\x78\
\xc2\xd5\xb5\xbb\xc3\x5b\x64\xe4\x08\xb8\xbb\x3b\x43\x28\x6c\x55\
\x7a\x7c\x6b\x6b\xbb\x41\x6a\xbd\xab\x6b\x29\x2c\x5f\xc4\x07\x00\
\xc6\x8d\x1b\x89\x9c\x6c\xd5\x9b\x09\x0d\xd1\x7b\xde\xc2\xc2\x5c\
\x65\xf1\x18\x1b\x1b\x4b\x44\x45\x77\x2f\xfb\x3b\x3a\xda\x61\xd4\
\xa8\x60\xe4\xe5\x15\x29\x3d\xbe\xa3\xa3\x13\xad\xad\xaa\x7b\x3b\
\x30\x65\x6b\x6b\x05\x33\x33\xe5\xfb\x0f\x9e\x7c\x2a\x5a\x61\xd9\
\x5f\x90\xc4\xc3\x37\x5f\xff\xa6\xf2\xdf\x6a\x6e\x6e\x45\x57\x97\
\x7e\x1b\xdc\x70\xb9\x5c\xb5\xab\x37\x3d\x83\xcf\xf1\xe3\xa3\x70\
\xf8\xd0\x29\xa5\xc7\x8a\x44\x22\x95\x7f\xa3\x84\x10\x62\x2c\x06\
\x4d\x03\xd4\x87\xc1\xee\xce\x58\xb2\xf4\x35\x84\x87\x0f\x7f\xac\
\x7f\x27\x2b\x2b\x0f\xeb\x3e\xfa\x46\x56\x39\x4f\x9f\xfe\xf2\x4c\
\x2c\x66\xcd\x7e\x01\x36\x36\xcc\xab\x19\xb6\xb5\x75\xe0\xb3\x1d\
\x47\x71\xe0\xfb\x93\x7a\x1c\x99\x84\x9d\x9d\x35\x66\xcf\xf9\x27\
\x9e\x7c\x2a\xfa\xb1\xfe\x9d\x1b\x37\xca\xb0\x72\xf9\x5e\x59\xe5\
\x3c\x7d\x0a\x09\x19\x86\xa5\xcb\x27\xc0\xc3\x83\x79\xa1\x20\x69\
\xab\xdc\x6d\xa9\x3f\x6a\xbd\xa3\x5e\x5b\x66\x66\x5c\x4c\x78\xfd\
\x69\x4c\x78\xfd\x69\x59\x45\x41\x26\x6a\x6b\x1a\xb1\x66\xf5\x7e\
\x64\xcb\x55\x99\x64\x13\xa5\x01\x12\xd2\xff\x68\x9b\x06\x68\xd0\
\x76\xc0\xfa\xa0\x6b\xcf\xf9\x9e\xda\xdb\x3b\x90\xfa\xe9\x4f\xd8\
\xba\xe5\xb0\xc1\x5a\xe5\xea\xda\x73\xbe\xa7\xe2\xe2\x0a\xcc\x9b\
\xb3\x1d\x7f\x18\xa8\x07\x7d\x47\x47\x27\x32\x4f\x5e\xc1\xfd\xfb\
\xd5\x88\x8d\x0b\x52\xdb\xb5\x4f\x19\x7d\xf7\xa0\x57\xa6\xaa\xaa\
\x1e\xc7\x7e\xce\x86\x87\xc7\x20\x0c\xf7\xf5\xd0\xf9\xfc\xda\xda\
\x26\x2c\x5b\xba\x1b\x87\x0e\xea\xaf\x55\xae\x3c\x69\xdb\xe3\x2b\
\x57\xee\x20\x26\x26\x10\xb6\x0c\xf6\x72\xfc\x71\xea\x2a\xe6\xcc\
\xd9\x8e\x3b\x77\xee\xeb\x7d\x7c\x4c\x51\x3b\x60\x42\xfa\x1f\x6d\
\xdb\x01\x9b\x7c\x00\x00\x74\x7f\xf8\xe6\x5d\xb9\x83\x98\xd8\x40\
\xd8\xda\x6a\xf7\xe1\x5b\x52\x52\x89\xf9\x73\x77\x3c\x56\xee\xb9\
\xb6\x9a\x18\x06\x2a\x19\xe9\x39\x58\xbc\xe8\x0b\x54\x55\xd5\x1b\
\x78\x84\xd2\x9e\xf3\x57\x10\x11\xee\x0b\xe7\x41\x0e\x5a\x9d\x53\
\x57\xd7\x84\x15\xcb\xf6\xe0\xe0\x81\x4c\x83\x4c\xac\xf2\x3a\x3a\
\x3a\x71\xf2\xc4\x65\x9d\x03\x95\x0b\xe7\x6f\x62\xee\x9c\x6d\xb8\
\x75\xeb\x9e\x41\xc7\x07\x00\x15\xf7\x6b\x90\x9e\x96\x83\x61\x3e\
\xee\xf0\xf2\x72\xd3\xea\x9c\xee\x20\xf4\x07\xb4\x19\xe0\xf6\xc9\
\xe3\xa0\x00\x80\x90\xfe\xa7\x5f\x05\x00\x52\xf7\xef\xd7\x20\x23\
\xfd\x3c\x7c\x86\xbb\xc3\xcb\xcb\x55\xed\xb1\x19\xe9\x39\x58\xbc\
\x70\x27\x1e\x3c\xa8\x33\xd2\xe8\x00\x91\x48\x12\xa8\x5c\xbb\x56\
\x8c\xd8\xd8\x40\xb5\xb7\x04\x84\xc2\x56\xac\x59\xbd\x1f\x7b\xf7\
\x64\xf4\x2a\xef\x6b\x48\xf5\xf5\x42\xa4\x1d\xcb\x81\x9d\x9d\x35\
\x82\x83\xbd\xd5\x06\x2a\x97\x2e\xde\xc2\xdc\xd9\xdb\x71\xf3\xe6\
\x5d\xa3\x8d\x0f\x90\x04\x2a\xa7\xb2\xf2\xc0\x8b\xf4\x83\x93\xd3\
\x00\x95\xc7\x75\x76\x76\x61\xef\x9e\x0c\xa4\xac\xfb\x16\xcd\xcd\
\x6d\x46\x1b\x5f\x5b\x5b\x07\x7e\x3b\x7e\x09\x8d\x8d\x2d\x88\x8a\
\xf2\x57\xbb\x69\xb2\xb4\xa4\x12\xf3\xe6\xed\xc0\xa9\x2c\xc3\x07\
\xa1\x4c\x50\x00\x40\x48\xff\xa3\x6d\x00\xc0\xfe\xac\xae\xa3\xba\
\xba\x26\x2c\x5a\xf0\x39\xaa\xab\x1b\x54\x1e\x73\xf1\xe2\x2d\xac\
\x5e\xb5\xdf\x20\x9b\xd5\xb4\x71\x3e\xe7\x06\x36\xae\xff\x5e\xed\
\x31\x1b\xd6\x7f\x87\xdf\x7f\x63\xa7\xa2\x5b\x7b\xbb\xa4\x49\x4f\
\x8e\x9a\xca\x86\x0d\x0d\xcd\x98\x3d\x6b\x1b\x1e\x3e\x34\xfc\xca\
\x84\x32\xc5\xc5\x15\x58\xb4\xe0\x73\xb5\xc7\x7c\xfb\xcd\xef\x8f\
\x1a\x0f\x19\x76\x65\x42\x19\x69\x9f\x88\x6f\xbf\xf9\x5d\xed\x71\
\x73\xe7\x6c\x47\xa1\x11\x56\x26\x08\x21\x44\x57\x7d\x2e\x00\x00\
\x24\xb5\xdd\x07\xa9\x59\xc2\x0e\x0b\xf3\x61\xad\xbd\xb0\x54\x6c\
\x5c\x90\xfa\xc7\x63\x03\x8d\x34\x12\xe5\xac\xac\x2c\x10\x11\xe1\
\xab\xf2\x71\x07\x07\x5b\x04\xb2\x9c\x6f\xaf\xf1\x35\x8c\x63\xf7\
\x35\x04\x34\xbf\x8f\x9a\xfe\x1f\x08\x21\x84\x2d\x5a\x6d\xed\xb7\
\x71\x73\x01\xca\x8c\xb7\x94\xae\x49\xcf\x94\x2b\x91\x48\x0c\x2e\
\xb7\x7b\x29\x5b\xda\x5e\x98\xad\x9a\xe9\xca\x8a\x12\xf5\x1c\x63\
\x7c\x7c\x18\xcc\xcd\xcd\x8c\xba\xfc\x2f\x2f\x2e\xae\x77\x5f\xf9\
\x9e\x63\x14\x24\xf1\x50\x50\x50\x6a\xec\xa1\xc9\xf0\xf9\xea\x5f\
\x43\x69\x7b\x61\x69\x7b\x64\x63\x1b\x3c\xd8\x09\x81\x41\x8a\x1b\
\x6b\x95\xbd\x86\x4c\x9a\x40\x19\x4b\xf8\x8a\xf9\xb0\xb7\xb6\x60\
\x7b\x18\x84\x10\x3d\xea\x68\x69\x86\x36\x37\x45\xb5\x0a\x00\x2c\
\x1c\x06\x00\x30\x9d\x00\x40\xbe\xd2\xda\x83\x07\x75\x58\xb5\x72\
\x1f\x9c\x9c\xec\x31\x6f\xc1\xcb\xb0\xb7\xb7\x91\x1c\x23\xe0\xb1\
\x16\x00\x84\x85\x0f\x57\x58\xa1\x38\x79\xf2\x32\x3e\xdd\xfa\x23\
\x26\x4f\xf9\x1b\x9e\x7e\x3a\x06\x80\xa4\xfc\x6e\xe4\xc8\x11\x8c\
\x1b\x0c\x3d\x2e\xf9\x9a\xfa\xcd\xcd\x6d\xf8\x78\xe3\x01\xdc\x2d\
\x7b\x80\x25\xcb\x26\xc8\x2a\xda\x25\x8d\x8b\xc4\xf6\x6d\x47\x58\
\x19\x9f\xbd\xbd\x0d\x46\x46\x05\xc8\x7e\xbe\x5e\x50\x8a\xd5\xab\
\xbe\x42\x42\x62\x38\x92\x27\xff\x4d\xb6\x41\x50\x20\xe0\xe1\x9b\
\x6f\x54\xd7\x04\x30\x24\x81\x80\x27\xdb\x43\x21\x12\x89\x71\xf8\
\x50\x16\x0e\x1e\xcc\xc4\xa2\x45\xaf\x20\xfc\xd1\xea\x4a\x54\x94\
\x3f\x1c\x1c\x6c\x0d\x92\x7e\xaa\x0f\x43\x9f\xff\x0b\x2b\xed\x8f\
\x09\x21\x86\xd3\x54\x5c\x86\x32\x61\xad\xc6\xe3\xfa\xdc\x2d\x00\
\x6f\x6f\x37\xf8\xf8\xb8\x03\x00\xb2\x32\xaf\x20\x79\xe2\x3a\x5c\
\xbe\x7c\x1b\x27\x4e\x5c\xc6\xa4\x89\x29\xb2\x02\x36\xa3\xc7\x84\
\xa8\x2c\x7e\x63\x68\xd2\x4a\x75\x6d\x6d\x1d\xb2\x1e\xf4\x95\x15\
\x35\x58\xfd\xe1\x57\x58\xb6\x74\x37\x9a\x9a\x5a\x14\x8e\x33\x36\
\x73\x73\x33\x8c\x19\x13\x02\x00\xb8\x71\xbd\x4c\xd6\x83\x3e\x3f\
\xbf\x04\x93\x27\xa5\xe0\xd7\x5f\x2e\x00\x00\x3c\x3c\x06\x61\xc4\
\x88\xa1\xac\x8c\x31\x3e\x21\x0c\x16\x16\x66\x10\x8b\xc5\x38\x78\
\x20\x13\x6f\xcd\xdc\x84\xd2\xd2\x07\xf8\x7a\xff\x71\xbc\x3d\x73\
\xb3\xec\x5b\xbf\xa0\x47\xa1\x25\x63\x92\x06\x51\x55\x55\x75\x98\
\xf5\xee\xa7\xd8\xbc\xe9\x10\xee\xdd\x7d\x88\x77\xdf\xd9\x8a\xdd\
\xbb\xd2\x20\x12\x89\x60\x6e\x6e\x86\xf8\x04\xd3\x2b\x51\x4d\x08\
\x21\x7d\x2e\x00\x48\x1a\x17\x89\xf6\x76\xc9\xc4\xfa\xc1\xfb\x5f\
\x2a\x7c\xb3\xaa\xac\xa8\xc1\xbb\x6f\x6f\xc1\xee\x5d\x69\xb0\xb4\
\x34\x67\xe5\xfe\x2b\x87\xc3\x41\x22\x3f\x02\x45\x45\x15\x98\x36\
\x75\x63\xaf\xc2\x3e\x27\x7e\xcf\x45\xf2\xc4\x14\x5c\xbd\x5a\x84\
\xc4\xc4\xf0\xc7\x2a\x2a\xc3\x54\x74\x4c\x00\xec\xed\x6d\x70\xf0\
\x40\x26\x66\xce\xf8\x44\xa1\xb0\x8f\x50\xd8\x8a\x0f\x57\xee\xc3\
\x9a\xd5\xfb\xd1\xd2\xd2\xc6\x5a\x79\x65\x81\x80\x87\xda\x9a\x46\
\xcc\x9f\xf7\x19\x36\x6f\x3a\xa4\x50\xd8\x47\x1a\xa8\x1c\xff\xf5\
\x22\x82\x82\xbc\x30\xd8\xdd\xd9\xe8\xe3\x73\x76\x76\x40\x68\xa8\
\x0f\x4e\x9d\xca\xc3\xa4\x89\x29\xc8\xcd\x2d\x94\x3d\xd6\xd5\x25\
\xc2\xae\x2f\xd3\x30\xeb\xbd\x54\x54\x55\xd5\x51\x6f\x00\x42\x88\
\x49\x62\x25\x00\x08\x09\x19\xc6\xf8\xdc\x61\xc3\x06\xe3\xcd\x29\
\xbd\x27\x56\x29\xe9\x87\xef\xec\x59\xdb\x10\x1a\xca\xfc\x79\xc2\
\xc2\x98\x55\x1e\x0c\x0e\x19\x86\xcb\xb9\x85\x98\x36\x75\xa3\xca\
\x82\x2f\x15\x15\x35\x78\xe7\xad\x2d\xf8\xf1\xc7\x3f\x10\x1a\xe6\
\xc3\xe8\x79\x7c\x7c\xdc\x65\xb7\x3b\x74\x15\x11\xe1\x87\x05\xf3\
\x7b\x4f\xac\xf2\xd2\xd3\x72\x30\x75\xf2\x06\x78\x0c\x61\x5e\x99\
\x2f\x24\xd4\x87\xd1\x79\x36\x36\x56\x10\x43\x8c\x49\x13\x53\x90\
\x7d\xae\x40\xe9\x31\x42\x61\x2b\x56\xae\xd8\x8b\xff\xac\xf9\x1a\
\x71\x0c\x03\x3d\x2b\x2b\x0b\xf8\xfb\x33\xdb\xe8\x38\x76\x6c\x08\
\x3e\xdd\xfa\x03\x3e\x58\xfc\x25\x1a\xea\x85\x4a\x8f\xc9\xbd\x54\
\x88\xd7\x5f\xfb\x08\x8d\x0d\x42\xb5\xe5\xa2\xd5\x61\xfa\x77\x48\
\x08\x21\x9a\x68\x55\x0a\x78\xe7\x96\x5f\x70\xfe\x5a\x99\xde\x9e\
\x74\xed\xba\xa9\xd8\x96\xfa\x13\x8a\x8b\x2b\x74\x3e\xd7\xc2\xc2\
\x4c\xeb\x32\xaf\xba\x1c\x2b\xcf\xd5\x75\x20\x96\x2d\x9f\x80\xb7\
\x66\x6e\xd6\xf9\x5c\x0b\x0b\x73\x9d\xfa\x0d\x30\x1d\xe3\x94\xa9\
\xcf\xa2\xb4\xf4\x01\xd2\xd3\x72\x74\x3e\xd7\x18\xaf\x21\x97\xcb\
\xc1\xee\xbd\x0b\x91\x3c\x71\x9d\xce\xe7\x9b\x9b\x9b\xa1\xab\x4b\
\x04\xb1\x58\xbb\xf4\x3e\xa6\x63\x14\x08\x78\x88\xe0\xf9\x62\xcb\
\xe6\xc3\x3a\x9f\xab\xeb\x73\x32\xdd\xf0\xb9\x7e\xc3\x34\x6c\xd9\
\x7c\x18\x25\x25\x95\x3a\x9f\xab\x8d\x23\xff\x5b\x43\x7b\x00\x08\
\xe9\x67\x7a\xee\x01\x50\x55\x0a\xd8\xe8\x2b\x00\x76\x76\xd6\x88\
\x8e\x09\x64\xbc\x2c\xaa\xcb\x87\x2e\xd3\x7a\xf0\x49\xe3\x78\x08\
\x0d\x1b\x0e\x17\x17\x47\xcd\x07\xf7\x7a\x4e\xdd\xea\xaa\x33\x1d\
\x23\x9f\x1f\xc1\x78\x0f\x81\x31\x5e\xc3\xf0\x70\x5f\x0c\x1b\x36\
\x18\x51\xd1\x01\x9a\x0f\xee\xa1\xb3\xb3\x4b\xeb\xc9\x1f\x60\x3e\
\x46\x41\x12\x0f\x49\x49\x91\x3a\x97\x97\x66\xf2\x9c\x4c\x26\x7f\
\x7b\x7b\x1b\x44\x8e\xf4\xef\xd5\x50\x8a\x10\x42\xf4\xc1\xe8\x01\
\x40\x7c\xbc\x64\x73\x97\x29\xb6\xee\x95\xe2\xf3\x79\xe0\x72\x39\
\x48\xe4\x9b\xe6\xe6\xad\xe1\xc3\xdd\xe1\x3d\x6c\x30\xe2\x46\x05\
\xa9\xed\x50\xc7\x26\x69\x80\x67\x8a\xad\x7b\x01\xc9\x4a\xcd\xe8\
\x31\x21\x70\x71\x75\x44\x70\xb0\xb7\xe6\x13\x58\x90\x98\x18\x6e\
\xf2\xd7\x0a\x21\xa4\xef\x32\x7a\x00\x20\xdd\x39\x3d\x62\xc4\x50\
\x78\x7b\x6b\x57\x4b\xdd\x98\x9c\x9c\x07\x20\x2c\xdc\x07\x80\xe9\
\x4e\x5e\xfc\x47\xe3\x92\x4e\x62\xa6\x46\xba\x11\x12\x90\x4c\x62\
\xea\x4a\xe5\xb2\x45\x3e\x78\xe2\x9b\xe8\x26\x3d\x53\xbf\x56\x08\
\x21\x7d\x9b\x51\x3f\x99\xad\xad\x2d\x15\x2a\xa7\x99\xe2\x37\x1b\
\x3e\x3f\x42\xb6\x33\x5f\x52\x8b\xde\x9e\xe5\x11\xf5\x26\xff\xba\
\x99\xe2\x0e\xf3\xd0\x50\x1f\xb8\x3d\xea\x8a\xe8\xe0\x68\x87\x91\
\x51\xfe\x2c\x8f\xa8\x37\xf9\xe0\x2e\xc9\x04\x5f\x43\x5b\x5b\x2b\
\xc4\xc4\x74\xdf\x3e\x91\x06\x54\x84\x10\xa2\x2f\x46\x0d\x00\xc6\
\x8c\x0d\x55\xc8\xcd\xe7\x9b\xe0\x37\x6c\xf9\x89\x81\xcb\xe5\x9a\
\x5c\x0e\x77\xcf\xdc\xfc\x51\xa3\x82\x59\xab\x77\xa0\x4a\xcf\xa0\
\xc4\xd4\x56\x52\xcc\xcd\xcd\x30\x36\x3e\x54\xf6\xb3\x87\xc7\x20\
\xc6\xd9\x00\x86\x32\x36\x3e\x0c\x96\x96\xdd\x15\xfa\x4c\xed\x35\
\x24\x84\xf4\x7d\x7a\xcf\x02\x48\xe4\x47\x60\xea\x9b\x7f\x57\xda\
\xca\xd5\xc1\xc1\xb6\x57\xea\x9a\xaa\x32\xae\x05\xf9\x25\x48\x59\
\xf7\x5f\xb4\xb4\xe8\xb7\xcb\x9b\xa5\xa5\x05\x66\xcf\x79\x01\xbc\
\xc8\x11\x4a\x1f\x77\x77\x77\x52\xc8\xcd\x17\x0a\x5b\x51\xaf\x24\
\xcd\x4b\x2c\x12\x63\xcf\x9e\x74\x46\xbb\xf0\x35\x09\x0c\xf4\xc2\
\xdc\xf9\x2f\x29\x4d\xf3\xb3\xb1\xb6\x84\x93\xb3\x62\x87\xbc\xaa\
\xaa\x3a\xa5\x9b\xd2\x2a\x2b\x6a\xf0\x9f\xff\x7c\x83\xca\x8a\x1a\
\xbd\x8f\xf1\xd5\xd7\x9e\xc4\xb3\x7f\x1f\xa3\xf4\xb1\x41\x83\x1c\
\x60\x65\xd5\x3d\x79\x75\x74\x74\xaa\x6c\x77\xfc\xeb\x2f\x17\xf0\
\xc5\xce\x9f\xf5\x3e\x3e\x17\x17\x47\x2c\x5c\xf4\x2f\x0c\xf5\xec\
\xdd\x35\xd2\xdc\xdc\x4c\xb6\x42\x21\x55\x57\xd7\xa4\xb4\xa3\x60\
\x73\x73\x2b\x3e\xde\x70\x00\x57\xaf\x16\xe9\x7d\x8c\x49\x49\x3c\
\x4c\x9e\xfa\x77\xa5\xb7\x48\x7a\x5e\x2b\x62\xb1\x18\xf7\xef\x2b\
\x7f\x1f\xaf\x5d\x2d\xc6\xfa\x94\xff\x32\x6a\x7e\x45\x59\x00\x84\
\xf4\x3f\xda\x66\x01\x18\x24\x0d\x30\x30\xc8\x0b\xcb\x96\xbd\x8e\
\xa1\x9e\x2e\x3a\x0d\x1a\x90\x7c\xd0\x1d\x3a\x98\x85\x6d\xa9\x3f\
\x32\xde\xdd\xad\x09\x87\xc3\xc1\x3f\x5e\xe0\x63\xfa\x8c\xe7\xb5\
\xee\x39\x2f\xaf\xb6\xa6\x11\x6b\x56\xef\x47\x76\xf6\x75\x03\x8c\
\x4e\xc2\xcd\x6d\x20\x96\x2c\x9d\x80\x08\x9e\xea\x86\x3d\xea\x64\
\x9e\xbc\x82\x94\x75\xdf\x1a\xb4\x04\xad\x40\xc0\xc3\xbc\x05\x2f\
\x31\xca\x71\x6f\x6b\xeb\xc0\x67\x3b\x8e\xaa\xac\xe7\xa0\x0f\xb6\
\xb6\x56\x98\x31\xf3\xff\xe0\xb9\xe7\xc7\x32\x3a\xff\xc6\x8d\x32\
\xac\x5c\xbe\x57\xa1\x50\x92\xbe\x05\x05\x7b\x63\xe9\xd2\x09\x8f\
\x75\xad\xa4\x7e\xfa\x23\xe3\x9e\x12\x14\x00\x10\xd2\xff\x68\x1b\
\x00\x28\x9d\xfd\x66\xce\x98\x3e\x0b\x80\x2c\x07\xee\x62\xf6\x1d\
\x94\x57\xa9\x6e\xbf\xdb\x53\xf5\xc3\x06\x1c\x3b\x76\x0e\x6e\x83\
\x9d\xe0\xe7\x37\x44\xeb\xf3\x6a\x6b\x9b\xb0\x74\xc9\x6e\x1c\x3a\
\x98\x65\xf0\x16\xaf\xf9\xf9\x25\xc8\xc9\xbe\x8e\xa8\x28\x7f\x0c\
\xd0\xe1\x03\xf0\x8f\x53\x57\x31\x67\xce\x76\x95\x45\x7e\xf4\x45\
\x28\x6c\x7d\xb4\xba\x20\x46\x04\xcf\x57\xeb\x54\xb5\xb6\xb6\x0e\
\x6c\x4b\xfd\x09\x9f\x6e\xfd\x01\x6d\x6d\x1d\x06\x1d\x63\x49\x49\
\xa5\xa4\x1a\x5f\xf0\x30\x0c\x1e\xec\xa4\xf5\x79\x45\x45\x15\x98\
\x3b\x67\x3b\x4e\xff\x71\xd5\x80\xa3\x93\xa4\xea\x9d\x3e\x7d\x0d\
\xc5\xc5\x15\x88\x8d\x0d\x54\x58\x52\x57\x47\x3a\xb1\xae\x58\xbe\
\x07\x75\x75\x4d\x06\x1d\xe3\xc3\x87\xf5\x48\x4b\xcb\x86\x9b\x9b\
\x8e\xd7\x4a\x4d\x23\x96\x2e\xd9\x85\x43\x87\x1e\xef\x5a\x79\xe5\
\xdf\xe3\x15\x56\x6b\x08\x21\x7d\x5f\x7b\x5d\x03\x1a\x3a\x5a\xe5\
\x7f\xd5\x90\x9a\xba\xfd\xe3\x9e\xc7\x19\x24\x00\x00\x24\x1f\xbe\
\x59\x99\x57\x70\xff\x7e\x35\x62\x62\x03\x61\x61\xa1\xbe\xef\xd0\
\xf9\x9c\x1b\x98\x3b\x7b\x3b\x0a\x0b\x8d\xd7\x3b\xfd\xe1\xc3\x7a\
\xa4\x1d\xcb\xc6\xe0\xc1\x4e\xf0\xd5\xf0\xe1\xdb\xde\xde\x81\xd4\
\x4f\x7f\xc2\xd6\x2d\x3f\xa0\x8d\xc1\x52\x2b\x13\x62\xb1\x18\xb9\
\x97\x0a\x91\x93\x73\x03\xd1\xd1\xfe\x1a\xbf\x69\x17\x15\x55\x60\
\xde\x9c\xed\xf8\xc3\xc0\x13\xab\x3c\x69\xa0\x22\x16\x6b\x0e\x54\
\xa4\x13\xeb\xd2\x25\xbb\x50\x5d\xad\xdb\xdf\xd3\xe3\x28\x2e\xae\
\xc0\x6f\xc7\x2f\x21\x38\xc4\x1b\x6e\x6e\xea\x03\x95\xda\xda\x26\
\x2c\x5f\xb6\x07\x07\x0f\x64\x1a\x3c\x08\x95\xea\xe8\xe8\x44\xa6\
\x0e\xd7\x4a\x4e\xf6\x75\xcc\x9d\xb3\x43\x2f\xd7\x0a\x05\x00\x84\
\xf4\x3f\xda\x06\x00\x06\xdf\x04\x98\x9e\x96\x83\x19\xd3\x3e\x51\
\x5b\xd8\xe5\xd8\xb1\x6c\xcc\x9d\xb3\x1d\x35\x35\xc6\x9b\x14\xa4\
\xa4\xb5\xef\x35\x2d\x45\xbf\xf7\xee\xa7\x38\xf0\xfd\x49\x9d\x0a\
\xd4\xe8\x4b\xfe\xb5\x62\x4c\x9d\xb2\x51\xed\xa4\x99\x9f\x5f\x82\
\xa9\x93\x37\x18\x7c\x65\x42\x19\x69\xf9\xe5\xb5\x1f\x7d\xab\xf6\
\xb8\xcd\x9b\x0e\x3f\x2a\x3f\xac\x5b\xb1\x24\x7d\xa8\xa8\xa8\xc1\
\xbb\x6f\x6f\x45\xee\xa5\x42\x95\xc7\x34\x34\x34\x63\xe2\x1b\x6b\
\x71\xf6\x4c\xbe\x11\x47\xd6\x4d\x9b\x6b\xe5\xe8\xd1\xb3\x98\x37\
\x77\x07\x2b\xd7\x0a\x21\xa4\x7f\x31\x4a\x16\xc0\xe0\xc1\x4e\x6a\
\xbf\x19\xba\x0f\x76\x62\x65\x62\x95\xa7\xa9\xa1\x8c\x2e\x4b\xdc\
\x86\x60\x6e\x66\x06\x27\xa7\x01\x2a\x1f\x1f\x3a\xd4\x05\x5d\x5d\
\x86\xd9\x33\xa1\x2d\x4d\xaf\x91\xdb\xe0\x81\x6a\x1f\x37\xb4\xae\
\x2e\x91\xda\xde\x06\x0e\x0e\xb6\xb0\xb1\xb1\x32\xe2\x88\x7a\x73\
\x77\x77\x56\x7b\xad\x0c\x76\x1b\xc8\xfa\xb5\x42\x08\xe9\x1f\x8c\
\x12\x00\x68\x4a\xf7\x63\x3b\xdf\xbe\x67\x7d\x02\x65\xd8\x4e\xc3\
\x12\x24\x45\x80\xcb\x55\x3d\x31\x38\x3a\xda\x81\xc7\xf3\x33\xe2\
\x88\x7a\xd3\x54\x93\x20\x29\x89\xc7\xa8\xec\xae\xbe\x04\x07\x7b\
\x6b\x0c\x52\xd8\x7e\x9f\x35\x15\x25\x1a\x19\xe5\x4f\x9b\xf6\x08\
\x21\x7a\x61\xf0\x00\xc0\xcc\x8c\x8b\xf8\x84\x30\xd9\xcf\x42\x61\
\x2b\x52\xd6\xfd\x17\x39\x72\x3b\xe8\xd9\xce\xb7\x1f\x3d\x26\x44\
\x21\x97\x3e\xef\xca\x1d\x7c\xf4\x9f\x6f\x14\xd2\xff\x7a\x1e\x63\
\x6c\xf2\x41\x54\x57\x97\x08\x5f\xec\xfc\x19\x3f\xfd\x78\x5a\xe1\
\x18\x36\x8b\x02\x0d\xf5\x74\x51\xd8\xc4\x56\x5e\x5e\x8d\x55\x1f\
\xee\x53\x68\x62\xd3\xb3\x86\x81\xb1\xf5\x9c\x5c\xd3\xd3\x72\xb0\
\x3d\xf5\x27\x85\x6c\x13\x36\x8b\x53\x99\x9b\x9b\x21\x3e\xbe\xfb\
\x5a\x69\x6a\x6a\x41\xca\xda\x6f\x71\xe1\xc2\x4d\x95\xc7\x10\x42\
\x08\x53\x06\x0f\x00\x22\x23\x47\xc0\xd1\xd1\x0e\x00\x70\xbd\xa0\
\x14\x93\x93\xd7\xe3\xe8\x91\x33\x98\x37\x77\x07\xb6\x6c\x3e\x2c\
\xfb\xf0\x65\x73\xf2\x92\x56\x82\x13\x89\x44\xf8\x7a\xff\x71\xbc\
\xf7\xee\xa7\x38\xf6\xf3\x39\xbc\x3e\xe1\x23\x59\xaa\x9f\xb5\xb5\
\x25\xe2\x46\x31\x6b\x3b\xfb\xb8\xe4\xbf\xdd\x57\x56\xd6\xe2\xdd\
\x77\xb6\x62\xef\x9e\x0c\x6c\x58\xff\x1d\x3e\x58\xfc\x85\x2c\xd5\
\x4f\x20\xe0\x29\xd4\x30\x30\xa6\xa4\xa4\xee\x86\x35\x27\x4e\x5c\
\xc6\xd4\xc9\x1b\xf0\x4b\xc6\x05\x4c\x49\x5e\x8f\x83\x07\x32\x65\
\x8f\xb1\xf9\x3e\x0b\x1e\x55\xd3\x6b\x6e\x6e\xc3\xea\x0f\xbf\xc2\
\x9a\xd5\xfb\xf1\xcd\x37\xbf\x61\xc6\xb4\x8f\x51\x56\x26\x49\xf5\
\xd3\x66\x95\xc0\x50\xa2\xe4\xbe\xdd\x17\x14\x94\x62\xca\xe4\x0d\
\x38\x7a\xf4\x2c\xe6\xcc\xda\xa6\x70\xad\x98\x6a\xe9\x62\x42\x48\
\xdf\x62\xf0\xd9\x82\x2f\x88\x80\x58\x2c\xc6\xc1\x03\x99\x78\x6b\
\xe6\x26\x94\xdf\x7b\x08\x40\xb2\x23\xfc\xc0\xf7\x27\x31\x73\xc6\
\x27\xb8\x7b\xb7\x4a\xe1\xc3\xcf\x98\x2c\x2d\x2d\x30\x6a\x74\x08\
\x1e\x3c\xa8\xc3\x7b\xef\x7c\x8a\x1d\xdb\x8f\xc8\x72\xaa\x6b\x6b\
\x1a\x31\xff\x51\xa0\xd2\xd9\xd9\xc5\xda\xf2\x70\x22\x3f\x02\x66\
\x66\x5c\x64\x9e\xbc\x82\xe4\x89\x29\xc8\xbb\x72\x47\xf6\x58\x56\
\x56\x1e\x92\x27\xae\xc3\xe5\xcb\xb7\xe1\xe4\x3c\x00\xe1\xe1\xec\
\xf4\x8f\x17\x08\x78\x68\x6b\xeb\xc0\x96\xcd\x87\xb1\x6c\xc9\x2e\
\x34\x36\x4a\x82\x92\xb6\xb6\x0e\x6c\xde\x74\x08\x4b\x3e\xf8\x12\
\x0d\x0d\xcd\xac\x75\xb6\x0b\x08\xf0\xc4\x90\xa1\x2e\xb8\x71\xbd\
\x0c\x93\x93\x53\x90\x91\x71\x5e\xf6\xd8\xcd\x9b\x77\x91\x3c\x71\
\x1d\x0e\x1e\xc8\x04\x87\xc3\x61\x6d\x15\x40\x90\xc4\xeb\xbe\x56\
\x66\x28\xbf\x56\xee\xdd\x7d\x88\xd8\xd8\x40\x93\x6d\x02\x45\x08\
\xe9\x3b\x0c\x1a\x00\x70\xb9\x1c\x84\x86\xf9\x60\xfe\xdc\x1d\x8f\
\x76\x7f\xf7\xde\xa4\x76\xe3\x7a\x19\xa6\x24\xaf\xc7\x6f\xbf\x5d\
\xc2\x58\x86\x4b\x9b\x6e\x6e\x03\x31\x6c\xd8\x60\x46\xe7\xc6\xc5\
\x05\xe1\xc2\x85\x9b\xb2\x49\xb4\x27\xe9\x87\xef\x5b\x33\x36\xc1\
\x67\xb8\xbb\xd6\xb9\xe4\x3d\x45\xc7\xe8\xde\x16\x57\x6a\xf4\x98\
\x10\x6c\xd9\x7c\x18\x4b\x3e\xf8\x52\x36\xb1\xca\x93\x0f\x5e\x12\
\x12\x99\xdd\x4a\xe1\x72\x39\x88\x62\x58\xb3\xdf\xcd\x6d\x20\xc0\
\x01\x92\x27\xae\x53\x99\x4d\x91\x79\xf2\x0a\x26\x4f\x4a\x41\x5d\
\x6d\x23\x86\x0f\x77\x67\xf4\x3c\x3c\x9e\x1f\x2c\x2c\x74\x2f\xdc\
\x04\x48\x6e\xa1\x1c\x3c\x90\x29\x9b\x44\x7b\x92\x06\x2a\xcb\x96\
\xec\x62\xd4\xc2\x58\x8a\x69\xdf\x03\x2e\x97\x8b\x90\xd0\xee\x6b\
\x45\x59\x61\x1f\x69\xf0\xf2\xfb\xef\xb9\x18\x33\x36\x54\xc9\xbf\
\x42\x08\x21\xda\x33\x48\x25\x40\x29\x1b\x1b\x2b\x58\x5a\x9a\x2b\
\x2d\xa5\xab\x8c\x87\xc7\x20\xdc\xbf\xaf\xbc\x34\xb0\x3a\x2f\xbe\
\x98\x04\x5b\x3b\x6b\xec\xde\x95\xa6\xf3\xb9\xee\xee\xce\xa8\xd0\
\xb2\x54\xae\xbd\xbd\x0d\xb8\x5c\x0e\xa3\xea\x7a\x5f\xee\x9e\x8f\
\x85\xf3\x3f\xc3\x83\x07\x75\x3a\x9f\xab\xcb\xeb\xc2\xf4\x35\xe4\
\xf1\xfc\xf0\xe2\xcb\x49\x78\x7f\xd1\x17\x3a\x9f\xeb\xe2\xea\x88\
\xfa\x3a\xa1\x56\xe9\x7d\x66\x66\x5c\x0c\x1a\xe4\xc0\xe8\x75\xf8\
\x60\xc9\x6b\xf8\xe5\x97\xf3\x38\x77\xb6\x40\xe7\x73\x8d\xf1\x1a\
\xda\xd9\x59\x63\xe7\x17\x73\xf1\xca\xbf\x56\xeb\xbc\x53\xdf\xce\
\xce\x1a\xe6\xe6\x66\x5a\x5f\x2b\x83\xdd\x9d\xf5\x52\xe2\x99\x2a\
\x01\x12\xd2\xff\x68\x5b\x09\xd0\xa0\x2b\x00\x2d\x2d\x6d\x5a\x7f\
\xa0\x01\x60\xf4\xa1\x0b\x48\x6e\x33\x30\xbd\xb7\xac\xed\xe4\x0f\
\x48\x36\x65\x31\x99\xfc\xbd\xbc\x5c\xe1\xe7\x37\x04\x09\x89\xcc\
\x96\x96\x75\x79\x5d\x1e\xe7\x35\x8c\x8b\x0b\x82\xad\xad\xee\x69\
\x70\x0f\xab\xea\xb5\xce\xed\xef\xea\x12\x31\x9a\xfc\xcd\xcd\xcd\
\x30\x7a\x4c\x30\xe3\xdb\x30\xc6\x78\x0d\xe3\xe3\xc3\x30\x64\xa8\
\x0b\x02\x83\x7a\x5d\x67\x1a\xa9\xea\x39\xa1\x8a\x21\xfa\x3b\x10\
\x42\xfe\x5c\x4c\xaf\x51\xbb\x8e\x9c\x9c\x07\x20\x34\xcc\x07\xbe\
\xbe\x1e\x26\xdb\x33\x5d\xf0\x68\x83\x9c\xc0\x04\xdb\x1f\x03\x92\
\xde\x08\x89\xfc\x08\xd9\x7e\x08\x53\x14\x13\x1b\x88\x01\x03\x6c\
\x91\x98\x18\xae\xb4\x79\x8e\x29\x90\x6e\xce\x63\x3b\x95\x90\x10\
\x42\xb4\xa1\xbe\xe6\xe8\x23\x9d\x4d\xda\x7f\x33\x31\x36\x3e\x3f\
\x42\xb6\xf3\x3d\x91\x1f\x81\xfd\x5f\xfd\xca\xf2\x88\x7a\x93\xae\
\x4e\x44\xf0\x7c\xe1\xe4\x64\x8f\xda\x5a\xc3\xd6\x97\xd7\x55\x60\
\x90\x97\x6c\xe7\xbb\x40\x10\x81\xdf\x7f\xbb\xc4\xf2\x88\x7a\x4b\
\x7c\xb4\x83\xdf\xc1\xd1\x0e\x91\x23\x47\xe0\xc2\xf9\x9b\x1a\xce\
\x30\x2e\xf9\x5a\x12\x49\xe3\x22\xb1\x63\xfb\x11\x96\x47\xa4\x9d\
\xca\x5f\x33\x21\xb4\xa1\x52\xc0\x84\xf4\x27\xed\x8d\x4d\x40\xa8\
\xe6\x0d\xe1\x5a\x05\x00\xcd\x15\x0f\xb4\x3d\xd4\xe8\xe4\xbf\x6d\
\x09\x04\x3c\x93\x0b\x00\x24\xbd\xe6\x25\xb9\xef\x5c\x2e\x17\xf1\
\xf1\x61\x38\x7a\xf4\x2c\xcb\xa3\x52\xc4\xe7\x77\xaf\x4c\x8c\x1e\
\x13\x02\x2b\x2b\x0b\x83\x37\x12\xd2\x85\xf4\x75\x93\x12\x08\x78\
\x26\x17\x00\xc8\xd7\x89\x18\x32\x64\x10\x46\xf8\x0f\x45\xe1\x2d\
\xe3\xf5\xb5\x60\xea\xd2\xbc\x15\xb0\x11\x19\xbf\x34\x33\x21\xc4\
\x70\x2c\xbd\x3d\xe0\x9d\xba\x4a\xe3\x71\xa6\xb9\x96\xaa\x25\x7b\
\x7b\x1b\xf0\x22\xbb\xab\xdf\x05\x06\x79\xc1\xc3\x43\x75\xa9\x57\
\x36\xf4\xac\x7e\xa7\xa9\x2a\x22\x1b\x12\xe5\x02\x00\x1b\x1b\x2b\
\xc4\xc6\xb2\x53\xef\x40\x95\x9e\x95\x22\xe5\x57\x7d\x4c\x45\xcf\
\x65\x7f\xba\x0d\x40\x08\x31\x75\x5a\x65\x01\x6c\x7c\xf7\x33\xdc\
\x6c\x63\x67\x05\xc0\xc3\x63\x10\x16\x2c\x7c\x59\x69\xad\x7e\x4b\
\x4b\x73\xb8\xb8\x38\x2a\xfc\xae\xa6\xa6\x01\xad\xad\xbd\xbf\xbd\
\x56\x57\x37\x60\xdd\xda\x6f\x51\x2a\x57\x99\x4e\x5f\x9e\x7a\x3a\
\x1a\x6f\x4c\x7c\x46\xe9\xa4\xe4\xe4\x64\xaf\x50\x5f\x5e\x24\x12\
\xa1\xa2\xa2\xb6\xd7\x71\x00\x70\x2a\x2b\x4f\xa1\x0e\x81\xbe\xd8\
\xda\x5a\x61\xf6\x9c\x17\x11\x1a\xe6\xd3\xeb\x31\x0e\x07\xbd\x82\
\xa6\xc6\xc6\x66\x34\x36\xb6\xf4\x3a\xb6\xad\xb5\x1d\x5b\xb6\x1c\
\x36\xc8\xb7\xef\xf0\xf0\xe1\x78\x6f\xd6\x0b\xb0\x55\x92\xdf\x6e\
\x6f\x67\x0d\x87\x47\xc5\xa4\xa4\x2a\x2b\x6b\xd1\xd5\x25\xea\x75\
\xec\xad\x5b\x77\xb1\x7e\xdd\x7f\x19\x6d\xd6\x54\x87\xcb\xe5\x62\
\xe2\xa4\x67\xf0\xe4\x53\xd1\x4a\x1f\x77\x73\x1b\x08\x73\xf3\xee\
\x14\xc5\xd6\xd6\x76\xd4\xd4\x34\xf6\x3e\x50\x2c\xc6\xd7\x5f\xff\
\x86\x23\x3f\x9d\xee\xfd\x18\x0b\x66\x96\x9f\xa3\x15\x00\x42\xfa\
\x99\x9e\x2b\x00\xaa\xb2\x00\x4c\x3e\x00\x00\x24\x29\x52\xb3\xe7\
\xfc\x53\xe5\x87\xaf\x26\xe7\x73\x6e\x60\xf5\xaa\xfd\x06\xed\xa0\
\x16\x12\x32\x0c\x4b\x96\x4d\xc0\x10\x35\xcd\x66\x54\x69\x6f\xef\
\xc0\x8e\xed\x47\x71\xf0\x40\xa6\xc1\x1a\xbd\x98\x99\x71\x31\xe1\
\xf5\xa7\x31\xe1\xf5\xa7\x19\x7d\x7b\x2e\x2a\xaa\xc0\xca\xe5\x7b\
\x0c\xda\x6d\x70\xb0\xbb\x33\x96\x2c\x7d\x8d\x51\x31\x23\x69\xab\
\xe1\x6d\xa9\x3f\x19\xb4\xdb\x60\xd2\xb8\x48\xcc\x9b\xff\x12\xec\
\xed\x6d\x74\x3e\xb7\xb6\xb6\x09\xff\x59\xb3\x9f\x51\x1a\xa3\xa1\
\x50\x00\x40\x48\xff\xa3\x6d\x00\xa0\xb4\xaa\xca\xcc\x19\xd3\x67\
\x01\x90\x7d\xb5\x3e\x93\x76\x01\xd5\x5d\xec\x2d\xb9\x76\x74\x74\
\x22\xf3\xa4\xf6\xfd\xd2\xe5\xcf\xdb\xf9\xf9\xff\xf0\xf1\xc6\xef\
\xd1\xdc\xdc\x66\xd0\x31\x56\x55\xd5\x23\xed\x58\x36\xdc\xdd\x9d\
\xe1\xeb\xeb\xa1\xf5\x79\x25\x25\x95\x98\x3f\x77\x07\x4e\x9d\xca\
\x33\xe0\xe8\x24\x13\x64\xee\xa5\x42\x9c\x3f\x7f\x03\x51\xd1\xfe\
\x18\x30\x40\xbb\xdc\x6f\xb1\x58\x8c\xa3\x47\xce\x60\xe9\x92\x5d\
\xa8\xaa\xaa\x37\xe8\x18\x85\x4d\x2d\x48\x4f\xcb\x81\x58\x2c\x46\
\x04\xcf\x4f\xeb\xc6\x41\x75\x75\x4d\x58\xb9\x7c\x2f\x0e\x1c\xc8\
\x84\x48\xd4\x7b\x55\x40\x9f\x8a\x8b\x2b\xf0\xdb\xf1\x4b\x08\x09\
\x19\x26\x29\x80\xa4\xa5\x0b\xe7\x6f\x62\xee\x9c\x6d\xb8\x65\x62\
\xfb\x02\xe2\x1a\xef\xc1\x42\x6c\xd8\xd7\x8c\x10\x62\x5c\x66\x8e\
\x03\xe0\xf8\xec\x13\xf2\xbf\x6a\x48\x4d\xdd\xfe\x71\xaf\xe3\x94\
\x9d\x6c\x6a\x01\x80\xd4\xed\xc2\x72\x64\x9e\xbc\x82\xf0\x88\xe1\
\x18\x34\xc8\x41\xed\xb1\xa5\x25\x95\x98\x3f\xf7\x33\x9c\x3c\x71\
\x19\xc6\xea\x9e\xda\xd1\xd1\x89\x93\x27\x2f\xe3\xfe\xfd\x6a\xc4\
\xc6\x05\x29\x2c\x09\x2b\x93\x91\x9e\x83\xc5\x0b\x77\x32\xca\x8b\
\x67\xaa\xea\x41\x1d\x8e\xfd\x9c\x0d\x0f\x8f\x41\x18\xae\x21\x50\
\xa9\xaf\x17\x62\xc5\xf2\x3d\xf8\xef\xb7\x27\xf4\x7e\x5b\x42\x15\
\x69\xa0\x72\xe5\xca\x1d\xc4\xc4\x04\x2a\xbd\x25\x20\xef\xe2\xc5\
\x5b\x98\x3b\x7b\x3b\x6e\xdc\xd0\xbd\x50\x15\x53\x4d\x4d\x2d\x48\
\x4b\xcb\xd6\x2a\x50\xe9\xec\xec\xc2\xde\x3d\x19\x48\x59\xf7\xad\
\xc1\x83\x50\x26\x28\x00\x20\xa4\xff\xd1\x36\x00\x60\x7f\x56\xd7\
\x51\x69\xe9\x03\x4c\x7f\xf3\x13\xb5\x4b\xd1\x15\x15\x35\x98\x32\
\x79\x03\x6e\xdd\xba\x6b\xc4\x91\x75\x4b\x4f\xcb\xc1\x82\xf9\x9f\
\xa9\x3d\x66\xcf\xee\x74\xac\x5e\xb5\x1f\xad\xad\xed\x46\x1a\x55\
\x37\xa1\xb0\x15\x2b\x96\xef\x51\xa8\x87\xdf\x93\x48\x24\xc2\x94\
\xe4\xf5\x38\xfd\xc7\x35\x23\x8e\xac\xdb\xa5\x8b\xb7\x90\x3c\x29\
\x45\x6d\x36\xc2\xd9\x33\xf9\x98\x33\x2b\x15\x0f\x1f\x1a\x76\x65\
\x42\x99\xae\x2e\x11\x76\x7d\x99\xa6\x31\xdd\x6f\xe9\x92\x5d\xd8\
\xf5\x65\x1a\x44\x22\x23\x45\xa1\x84\x10\xa2\xa5\x3e\x17\x00\x00\
\x92\xfb\xd9\xea\xee\xb5\xbb\xb9\x39\xc1\xd6\x96\xdd\x66\x29\x9a\
\x7a\x13\x0c\xf3\x61\x56\x0f\x5f\x9f\x7c\xd4\x8c\x81\xcb\xe5\xc2\
\xd3\xcb\xd5\x88\xa3\xe9\xcd\xdd\xc3\x19\x56\x56\xaa\x73\xd4\x7d\
\x86\xbb\x1b\x6d\x75\x47\x15\x8d\xef\x33\xc3\x1e\x15\x84\x10\x62\
\x68\x7d\x32\x00\x90\xcf\xb9\x56\x86\xcb\xe5\x20\x3e\x81\xdd\x9e\
\xe9\x9a\xd2\xc0\x46\x8f\x0e\x56\xfb\xff\x60\x68\xee\xee\xce\xb2\
\xfa\x04\xaa\xb0\x9d\xca\xa6\xe9\xf9\xdd\xdd\x9d\x11\x10\xe0\x69\
\xa4\xd1\xf4\xc6\xe5\x72\x31\x36\x5e\x7d\x53\x1e\xb6\x5f\x43\x42\
\x08\x51\xa5\x4f\x06\x00\xf2\xed\x5a\x45\x22\x11\xf6\xec\x4e\x7f\
\xb4\xfb\xbb\xfb\x3e\x35\x9b\x65\x77\x1d\x1c\x6c\x15\xea\x13\x54\
\x56\xd6\xe2\x83\xc5\x5f\x28\xa4\xcf\x59\x5b\x5b\x22\x36\x8e\xbd\
\x7c\x7b\x41\x8f\xfa\x04\xc7\x8f\x5f\xc4\xca\x15\x7b\xd1\x20\x57\
\x8f\x3e\x91\x1f\xce\x6a\xbe\xbd\xfc\xfb\x2c\x14\xb6\xe2\xa3\x35\
\x5f\xe3\x7f\x3d\x8a\x28\xb1\x59\x57\x81\x17\xe9\x87\x81\x03\xbb\
\xeb\x13\x5c\xbb\x5a\x8c\x45\x0b\x3f\x47\x59\x59\x95\xec\x77\xf2\
\x55\x16\x09\x21\xc4\x94\xf4\xb9\x00\xc0\xc2\xc2\x1c\xa3\x1f\xd5\
\xab\xaf\xaa\xaa\xc3\xac\x77\x53\xf1\xe5\x17\xc7\xf0\xed\x37\xbf\
\x61\xe6\xf4\x4f\x70\xf7\xae\xe4\xc3\x77\x64\x94\x3f\x6b\x5d\xce\
\xe2\x13\xc2\x65\x1b\x00\xb3\xb2\xf2\x30\x79\x52\x0a\xb2\xb2\xf2\
\x30\x67\xf6\x36\x6c\xd9\x7c\x58\x16\xa8\xb0\xd5\x77\x1e\x90\x14\
\x28\x02\x24\x6d\x70\xb7\x6c\x3e\x8c\x95\xcb\xf7\xe2\xf8\xaf\x17\
\x31\x61\xc2\x47\xc8\xc9\xbe\x0e\x00\x70\x76\x76\x60\x94\x92\xa7\
\x0f\x23\x46\x0c\x85\xa7\xa7\xe4\x16\xc4\x8d\xeb\x65\x98\x32\x79\
\x3d\x8e\x1d\xcb\xc6\xba\xb5\xdf\x2a\xb4\x45\x66\xda\x04\x4a\x1f\
\xa4\xaf\xa1\x58\x2c\xc6\xc1\x03\x99\x78\xe7\xed\x2d\x38\xfd\xc7\
\x35\x24\x4f\x5c\x87\x83\x07\x32\x01\x74\xf7\x59\x20\x84\x10\x53\
\xd3\xe7\x02\x80\xb8\x51\x41\xb0\xb3\xb3\xc6\x1f\xa7\xae\x62\xd2\
\xc4\x14\xe4\xe6\x16\xca\x1e\xbb\x71\xa3\x0c\x53\x92\xd7\x23\x23\
\x3d\x07\xe6\xe6\x66\xac\xf5\x4c\xe7\x0b\x22\xd0\xde\x2e\x99\x58\
\x3f\x58\xfc\x85\xac\x28\x8d\x58\x2c\xc6\x81\xef\x4f\xe2\xad\x99\
\x9b\x50\x7e\xef\x21\xe2\xe3\xc3\x18\xf7\xb7\x7f\x1c\x2e\xae\x8e\
\x08\x0e\x19\x86\xa2\xa2\x0a\xbc\x39\x75\x23\x0e\x7c\x7f\x52\xf6\
\x58\x6d\x4d\x23\xe6\xcf\xdb\x81\x2d\x9b\x0f\xa3\xb3\xb3\x8b\xb5\
\x09\x96\x2f\x88\x90\x4d\xac\x33\x67\x7c\x82\x7b\x77\x1f\xca\x1e\
\xcb\x3c\x79\x05\xc9\x13\x53\x90\x77\xe5\x0e\xbc\xbc\x5c\x31\x7c\
\xb8\xf1\xf7\x53\x70\xb9\x1c\x24\x24\x86\x4b\x5e\xaf\xb9\x3b\xb0\
\x79\xd3\x21\x59\xa6\x44\x5b\x5b\x07\x36\x6f\x3a\x84\x65\x4b\x77\
\xa3\xa9\xa9\x85\x6e\x03\x10\x42\x4c\x12\x2b\x01\x00\x97\xcb\xd5\
\x98\xc6\xa7\xca\x98\x31\x21\xd8\xb2\xf9\x30\xde\x5f\xfc\x85\xc2\
\x72\xb5\x54\x73\x73\x1b\x56\xaf\xda\x8f\x65\x4b\x77\x23\x3a\x3a\
\x80\xf1\x18\x5d\x5d\xb5\xcf\xf1\x96\x67\x63\x63\x05\x17\x17\x47\
\x4c\x9b\xfa\xb1\xc2\xc4\x2a\xef\x7a\x41\x29\x26\x27\xaf\xc7\x99\
\xd3\xd7\x10\xf5\x18\x63\x74\x71\x75\xd4\x7c\x90\x12\x7c\x7e\x04\
\x0e\x1d\xcc\xc2\x94\xe4\xf5\x28\x52\x92\x4d\x21\x12\x49\x02\x95\
\xb7\x67\x6e\x86\xbf\xbf\xa7\xd6\xf9\xf8\x3d\x39\x3b\x3b\x30\xee\
\xdc\xc7\xe3\xf9\x61\xe1\x82\xcf\xb1\x79\xd3\x21\x85\x5b\x3b\x52\
\x95\x95\xb5\x78\xf7\x9d\xad\xd8\xbd\x2b\x0d\x09\x89\xe1\x8c\x9e\
\x03\x40\xaf\x4a\x92\xda\x0a\x09\xf1\x41\x71\x51\x05\x26\x4d\x4c\
\x41\xf6\xa3\x15\x93\x9e\x4e\xfc\x9e\x8b\xe4\x89\x29\xe0\x70\x39\
\x8c\xff\xde\xcd\xcc\xb8\x70\x76\x66\x76\x2e\x21\x84\xa8\xc3\x4a\
\x25\xc0\xc8\xc8\x11\x08\x0b\x1f\x8e\xaf\xf6\xfd\xa2\xf3\xb9\x2e\
\xae\x8e\x78\xa8\x65\x41\x1a\x17\x17\x47\xc6\x29\x62\x4b\x96\xbe\
\x86\xad\x5b\x0e\xeb\xdc\xb9\xcf\xc1\xc1\x16\x6d\x6d\x1d\x5a\x37\
\xd3\x61\x3a\x46\x07\x47\x3b\xbc\xf7\xde\x3f\xb0\x72\xc5\x5e\x9d\
\xcf\xd5\xe5\x39\x75\xfd\xff\x91\xf7\xca\xbf\xc7\xe3\x7a\x41\x29\
\x2e\x5e\xbc\xa5\xd3\x79\x5c\x2e\x17\x8e\x03\xed\x50\xab\xac\x94\
\xae\x12\x8f\xf3\x3e\xaf\x4b\x79\x13\xf3\xe7\xed\xd0\xf9\xbc\x41\
\x83\x1c\x50\x53\xd3\xa8\x55\xe5\x46\x0b\x0b\x33\xd8\xd9\xd9\xa0\
\xae\x4e\xf7\x2e\x90\xd1\xd1\x01\x08\x08\xf4\xc2\x37\x5f\x1f\xd7\
\xf9\x5c\x6d\x50\x25\x40\x42\xfa\x1f\x6d\x2b\x01\xb2\xb2\x02\xc0\
\x4f\x8a\x60\xbc\xb4\xac\xed\xe4\x0f\x80\xf1\xa4\x60\x61\x61\x8e\
\x31\x63\x43\x11\x9f\xa0\xfb\x37\xcb\x86\x86\x66\x9d\x26\x4b\xa6\
\x63\x4c\x48\x08\x43\x7c\x42\x18\xa3\x4c\x02\x5d\x9e\x53\xd7\xff\
\x1f\x79\x7c\x01\x8f\xd1\xfb\x2c\x12\x89\xb4\x9e\xfc\x01\xe6\xaf\
\xa1\x9f\xdf\x10\x8c\x1a\x1d\x8c\x11\x23\xd4\x67\x43\x28\x53\x5d\
\xdd\xa0\x75\xd9\xe6\x8e\x8e\x2e\x46\x93\x3f\x20\xd9\xe3\xc0\xe6\
\x3e\x07\x42\x48\xff\x65\xf4\x00\x80\xc3\xe1\x20\x31\x31\x02\x01\
\x01\x9e\x18\x32\xd4\xc5\xd8\x4f\xaf\x95\x51\xa3\x82\x61\x67\x67\
\x6d\xd2\x1f\xbc\x02\x01\x8f\xf5\x4c\x02\x75\x5c\x5d\x07\x22\x28\
\xc8\x0b\x7c\x81\xe9\x75\xee\x93\x92\xbe\xbf\x6c\x6e\xc6\x54\x47\
\xba\xcf\x20\x28\xc8\x4b\x69\x33\x2c\x42\x08\x79\x1c\x46\xff\x64\
\x0e\x09\xed\xae\xa1\xce\x37\xd1\xdd\xd1\x82\x24\xc9\xb8\xa2\x58\
\xcc\x24\x50\xc7\xce\xce\x1a\xd1\x31\x81\x00\x4c\x37\xcf\x5c\x9a\
\x66\xe8\xec\xec\xa0\xb4\x0b\xa1\x29\x90\x06\x00\xe3\x9e\x18\xc9\
\xf2\x48\x94\x0b\x0b\x97\x94\xbc\xe6\x70\x38\xe0\xf3\x99\xef\x73\
\x20\x84\x10\x65\x8c\x1e\x00\xc8\x4f\x58\x6c\xe6\xea\xab\x22\x9f\
\x3d\x60\x6e\x6e\x86\xb1\xf1\xec\x16\x14\x52\x46\x3e\x7b\x20\x3e\
\x21\x0c\x96\x96\xaa\xab\xe5\xb1\x45\xf1\x7d\x36\xbd\x20\xc5\xcb\
\xcb\x55\x56\x09\xd1\xdb\xdb\x4d\x6d\x55\x44\xb6\x98\xfa\x6b\x48\
\x08\xe9\xdb\x8c\x1e\x00\xc8\xe7\x44\x07\xeb\xd8\x51\xcd\x18\xa2\
\xa2\x03\x14\x3a\xe5\x99\xe2\x07\x2f\x5f\xee\xd6\x84\xad\xad\x15\
\xa2\xa2\xfd\x59\x1c\x4d\x6f\x4e\xce\x03\x10\x16\xee\x23\xfb\x39\
\x69\x1c\x8f\x71\x26\x81\xa1\x24\x8d\x8b\x54\xf8\xd9\xd4\x6e\xf7\
\xf4\xac\x1f\x10\x1a\x36\x9c\x71\xc6\x02\x21\x84\x28\xa3\xbf\xad\
\xfd\x8f\xb8\xb8\x38\xe2\x95\x57\xc7\xc3\x52\x49\xcb\x5e\x2b\x6b\
\x4b\x85\x1a\xfe\x1c\x0e\x07\x0b\x17\xbd\x82\xf2\xf2\x87\xbd\x8e\
\x05\x80\x23\x47\xce\xe0\xc6\x75\xfd\x77\x79\x4b\x48\x08\xc7\xe8\
\x31\xc1\x4a\x1f\x0b\x0c\xf2\x56\xf8\x39\x26\x36\x00\x73\xe7\xbd\
\xa8\xf4\xd8\xfa\xfa\x66\xec\xdb\x9b\xa1\xf7\x86\x3e\x56\x56\x16\
\x98\xf0\xfa\xd3\x70\x74\xb4\x53\xfa\x78\x5c\x8f\xfb\xfe\x93\xa7\
\xfc\x0d\x09\x2a\x4a\x1f\xe7\x64\xdf\xc0\xc9\x93\x97\xf5\x3a\x3e\
\x00\x08\x0c\xf4\xc2\x73\xcf\x8f\x51\xfa\xd8\x60\x77\x67\x85\xfb\
\xfe\xae\xae\x03\xf1\xc1\x92\x57\xd1\xd2\xd2\xbb\x1b\x5e\x47\x47\
\x17\xf6\xef\xff\x55\xa7\xcd\x9d\xda\x7a\xe1\x9f\x02\xf8\xf8\x28\
\xaf\xc5\x1f\x37\x4a\xf1\xfd\x7f\xee\xf9\x31\x70\x55\x91\x56\x59\
\x5a\xf2\x00\xdf\x7d\x77\x42\xdf\xc3\x53\x7b\xad\xd8\xd8\x58\x29\
\x54\x10\xe4\x72\x39\x58\xb8\xe8\x5f\xa8\xa8\xa8\x51\xfa\x6f\x1d\
\x3d\x7a\x16\xd7\x0b\x4a\xf5\x3e\x46\x42\x48\xff\x65\x90\x34\xc0\
\xe1\xbe\x1e\x58\xb6\x6c\x82\xc6\x76\xb3\xaa\x08\x85\xad\xd8\x90\
\xf2\x1d\x8e\x1f\xbf\xc8\xe8\x7c\x4d\x38\x1c\x0e\xfe\xf1\x02\x1f\
\xd3\xa6\x3f\xcf\xb8\x10\x4f\x6e\x6e\x21\x56\xad\xfc\x0a\x55\x55\
\x86\x69\xe5\xeb\xe4\x3c\x00\x8b\xdf\xff\x77\xaf\xc9\x5e\x5b\x5d\
\x5d\x22\xec\xdb\x9b\x81\x3d\xbb\x33\x20\x12\x19\xa6\xdd\x6b\x62\
\x62\x38\xe6\x2f\x78\x19\x0e\x2a\x02\x15\x4d\x2a\x2a\x6a\xb0\x72\
\xc5\x5e\x5c\xbb\x5a\xac\xdf\x81\x3d\x62\x69\x69\x81\x69\xd3\x9f\
\xc3\x3f\x5e\xe0\x33\xfe\x37\x32\xd2\x73\xb0\x71\xc3\x01\xa5\xc1\
\x8b\x3e\x04\x04\x78\x62\xe9\xf2\xd7\xe1\xc5\xb0\xf1\x92\x50\xd8\
\x8a\x0d\xeb\xbf\xc3\xf1\x5f\x99\x5d\x2b\x94\x06\x48\x48\xff\xa3\
\x6d\x1a\xa0\xd2\xd9\x6f\xe6\x8c\xe9\xb3\x00\xc8\xbe\x0e\x9d\x49\
\xbb\x80\xea\x2e\xed\xef\x16\xd4\xd5\x36\xe1\xd8\xb1\x6c\xd8\xda\
\x5a\x23\x24\x64\x98\x4e\x03\x2f\x28\x28\xc5\x9c\x59\xa9\xb8\x72\
\xe5\x8e\x4e\xe7\xe9\x2a\x3f\xbf\x04\xe7\xce\x16\x3c\x2a\x19\xac\
\xfd\x04\x26\xed\x3d\xb0\xf6\xa3\x6f\x21\x14\xb6\x18\x6c\x7c\xad\
\x2d\xed\xf8\xf5\x97\x0b\x68\x6c\x6c\x41\x74\x74\x80\x4e\x3b\xe9\
\x2b\x2b\x6a\xb0\x68\xe1\xe7\x48\x4f\x3f\xaf\x75\xaa\x1a\x13\xa5\
\xa5\x0f\x70\xfc\xd7\x8b\x08\x0c\xf2\x82\xbb\x8e\xbb\xd4\x4f\xfc\
\x9e\x8b\x05\xf3\x3f\x53\xa8\xf0\xa7\x6f\x5d\x5d\x22\x9c\x3b\x57\
\x80\xdb\xb7\xcb\x11\x13\x1b\xa8\xb6\xb3\x60\x4f\x42\x61\x2b\xd6\
\x7e\xf4\x0d\xf6\xec\x4e\x97\x55\xf8\x33\x84\xea\xea\x06\xfc\xef\
\xe8\x59\x46\xd7\x4a\x7e\x7e\x09\xe6\xce\xde\x86\x2b\x97\x99\x5f\
\x2b\x71\x8d\xf7\x60\x21\x36\x4c\x80\x48\x08\x61\x87\x99\xe3\x00\
\x38\x3e\xfb\x84\xfc\xaf\x1a\x52\x53\xb7\x7f\xdc\xeb\x38\x65\x27\
\x3f\x6e\x00\x00\x74\x7f\xf8\x16\xdd\xb9\xaf\xd5\x87\xaf\x58\x2c\
\xc6\xa1\x83\x59\x58\xb1\x7c\x0f\xea\x95\x54\xf8\x33\x84\xea\xea\
\x06\xa4\x1d\xcb\x86\x9b\xdb\x40\xf8\x69\x91\x0b\xfe\xe0\x41\x9d\
\x64\x62\x4d\xcb\x31\xe8\xc4\x2a\x2f\x3f\xbf\x04\x39\xd9\xd7\x11\
\x15\xe5\x8f\x01\x5a\x64\x24\x9c\x3c\x79\x19\x0b\xe6\x2b\x36\xa4\
\x31\x24\xa1\xb0\x15\xe9\x69\xe7\xd1\xd6\xd6\x8e\xc8\xc8\x11\x1a\
\x03\x95\xe6\xe6\x36\xac\x5b\xfb\x5f\x7c\xb1\xf3\x67\xb4\xb7\x1b\
\xe7\x9b\x67\x69\x49\x25\x7e\x3b\x7e\x11\x41\x41\xde\x5a\x35\xe6\
\x29\x28\x28\xc5\x9c\xd9\xdb\x70\x39\xf7\xb6\x11\x46\xd7\x7d\xad\
\x14\x17\xdd\x47\x6c\x5c\x90\xc6\x4d\x9d\x22\x91\x08\xdf\x7c\xfd\
\x1b\x56\xaf\xfa\xea\xb1\xaf\x15\x0a\x00\x08\xe9\x7f\x58\x0f\x00\
\xa4\x4a\x4a\x2a\x71\xe2\xf7\x5c\xc4\xc6\x05\x29\x74\x4e\x93\xd7\
\xdc\xdc\x86\x79\x73\xb7\xe3\xc7\x1f\xfe\x80\x48\x64\xdc\x06\xef\
\x1d\x1d\x5d\xc8\xca\xcc\x43\x65\x45\x8d\xda\x92\xb2\xe7\x73\x6e\
\x60\xd6\x7b\xa9\x28\x2b\x7d\x60\xc4\xd1\x49\x3c\x7c\x58\x8f\xf4\
\xb4\x1c\xf8\x07\x78\x62\xa8\x9a\xda\x09\x29\x6b\xbf\xc5\x8e\xed\
\x47\xd1\xde\xce\xac\x70\x0f\x53\x62\xb1\x18\x79\x79\x45\xc8\xcd\
\x2d\x84\x40\xc0\x83\xa5\xa5\xf2\xdb\x45\x77\xef\x56\xe1\x9d\xb7\
\xb6\xe0\xd2\x25\xdd\x2a\x03\xea\x83\x50\xd8\x8a\xf4\xf4\x1c\xd8\
\xd9\x59\x23\x24\xd4\x47\xe5\x71\x07\xbe\x3f\x89\x15\xcb\xf6\x28\
\x2d\x33\x6d\x68\xc5\xc5\x95\x38\x71\xe2\x32\xe2\xe2\x82\x54\xee\
\xff\x68\x6a\x6a\xc1\xdc\x39\xdb\xf1\xf3\xff\xce\xe9\xe5\x5a\xa1\
\x00\x80\x90\xfe\x47\xdb\x00\x40\xab\x1b\xfb\x1c\xee\xe3\xed\xe0\
\x2e\x2f\xaf\x56\xfb\x61\x65\x65\x65\xa1\xb4\x26\xbd\x31\xdd\xbd\
\xa7\x7e\x29\xba\xbe\x5e\x28\xeb\x40\xc7\x86\xa6\xa6\x16\xd4\xd7\
\xa9\x9f\x94\xee\x1a\x70\x39\x5d\x1b\x77\x6e\xdf\xd7\xf8\xed\x55\
\xda\xad\x91\x0d\x5d\x5d\x22\x95\x9b\xe8\xa4\x2a\x2a\x6a\xd0\xd5\
\xc5\xde\x84\x58\x7e\xef\x21\xa0\x66\x75\xc9\xda\xda\x12\x45\x77\
\x2a\xf4\xf6\x7c\x66\xd6\xd6\x30\x13\xd3\x1e\x00\x42\xfa\x13\xae\
\xa5\x76\x15\x62\xb5\x0a\x00\x06\xf8\xfa\x00\xd7\x98\xef\xc6\xd7\
\xd4\xb1\xcd\xcc\x8c\x8b\xb1\x63\x43\x71\xec\x58\x36\xe3\xe7\x78\
\x5c\x9a\xd2\xfd\xc6\x8c\x0d\x85\xa5\xa5\x85\xd1\xbf\x5d\x4b\x99\
\x9b\x9b\xa9\xcc\x5c\x90\xe2\x27\x45\x28\x74\x47\x34\xb6\xb1\x1a\
\xba\x1b\x7a\x7a\xba\xc2\xd7\xd7\x03\x77\x58\x0c\xf6\x34\xbd\xcf\
\x02\x01\x0f\xdf\x7f\xa7\xbc\x89\x93\x31\x0c\x1f\xee\x0e\xef\x61\
\xca\x33\x17\x80\x47\x75\x2a\xc6\x84\x20\x23\xe3\xbc\x5e\x9e\xef\
\xa9\x33\xff\x33\xc9\x62\x57\x84\x10\xe6\x9a\x8a\xcb\x50\x26\xac\
\xd5\x78\x9c\x51\xea\x00\x08\x92\x14\x73\xae\x8b\x8a\x2a\x70\xe6\
\x4c\xbe\xc2\xef\xf8\x2c\xe6\x61\xf7\xac\xb4\x26\x16\x8b\xe6\x45\
\xf2\x03\x00\x00\x1b\xe2\x49\x44\x41\x54\x91\x91\x9e\x83\xea\xea\
\x06\xd9\xef\x6c\x6d\xad\x10\x13\xc3\xbc\x73\xdf\xe3\xea\x59\x9f\
\xa0\xb6\xb6\xa9\xd7\x5e\x04\x3e\x3f\x82\xd5\x7c\xfb\x9e\x25\x75\
\xcf\x9e\xc9\xef\x35\xd9\xb3\x99\x6f\xef\xe4\x3c\x40\xa1\x2a\x61\
\x5b\x5b\x07\x8e\xfc\x74\x5a\x21\xa8\x0b\x0d\x1b\xce\xb8\x73\x9f\
\x3e\xf0\x7b\x04\x28\x77\xee\xdc\xc7\xb9\xb3\x05\x0a\xbf\x13\x8c\
\x33\xad\x9a\x05\x84\x90\xbe\xc9\x28\x01\x40\x92\xdc\x07\x56\x46\
\x7a\x0e\xa6\x4d\xdd\x88\x85\xf3\x3f\xc3\x9a\xd5\xfb\x65\x39\xf4\
\xb1\xb1\x81\xb0\xb3\xb3\x36\xc6\x70\x7a\x09\x94\xab\xb5\xde\xd4\
\xd4\x82\x15\xcb\xf7\x62\xf5\xaa\xfd\x98\xf8\xfa\x5a\x85\x40\x85\
\xcd\x20\x25\x49\xee\xb9\x2f\x5e\xbc\x85\xc9\x93\x52\xb0\x66\xf5\
\x7e\xcc\x9d\xb3\x1d\x35\x35\x92\x40\xc5\xd5\x75\x20\x42\x42\x75\
\xdb\x49\xae\x2f\x36\x36\x56\xb2\x94\xc5\xce\xce\x2e\xec\xde\x95\
\x86\x45\x0b\x3f\xc7\x9b\x53\x36\xe2\xe0\x81\x4c\x59\xa0\xc2\x66\
\x61\x25\x3e\xbf\xbb\x2f\x41\x69\x49\x25\x66\x4c\xfb\x04\xeb\x53\
\xbe\xc3\x94\xe4\x0d\xb2\x40\x85\xcb\x55\x2c\xc0\x63\xf4\x31\xca\
\x05\x51\x19\xe9\x39\x98\xfe\xe6\xc7\x58\x30\xff\x33\x6c\xd9\x7c\
\x18\x1d\x1d\x92\xa5\xfa\xb8\xb8\x20\xd6\xae\x15\x42\x48\xff\x61\
\xf0\x00\xc0\xc3\x63\x10\x46\x8c\x18\x0a\xa1\xb0\x15\x2b\x1f\x4d\
\xac\xd2\x49\x3f\x3d\x4d\x12\x0c\xdc\xb9\x73\x1f\x16\x16\xe6\x18\
\x3d\x26\xc4\xd0\xc3\x51\x4a\xda\x93\x20\xf7\x52\x21\xde\x98\xb0\
\x16\xbf\xff\x76\x09\x80\xe4\xbe\xff\xa2\x05\x9f\xcb\x3e\x7c\x13\
\x13\xc3\x61\x6e\xce\xac\x6e\xc0\xe3\xe0\x72\xb9\x88\x4f\x08\x43\
\x57\x97\x08\xbb\x77\xa5\x61\xce\xac\x54\x59\x07\xbc\xf3\x39\x37\
\x14\x7a\xd2\xb3\x35\xc1\x8e\x19\x1b\x02\x2b\x2b\x0b\x94\x95\x55\
\x61\xda\xd4\x8f\xb1\xeb\xcb\x34\x88\x44\x62\xb4\xb7\x77\x60\xf3\
\xa6\x43\xf8\x60\xf1\x97\x68\xa8\x17\x62\xb8\xaf\x07\xbc\xbd\xdd\
\x58\x19\xa3\xf4\x7d\xce\x48\xcf\xc1\x94\xc9\x1b\x50\x58\x78\x0f\
\x00\x50\x5c\x5c\x21\x0b\x54\x00\xf6\x56\x29\xe4\xaf\x95\x15\xcb\
\xf7\xc8\xae\x15\xb1\x58\x8c\x03\xdf\x9f\xc4\x8c\x69\x9f\xa0\xac\
\xac\x0a\x96\x96\x16\x18\x3d\x9a\x9d\x6b\x85\x10\xd2\x7f\x18\x3c\
\x00\x48\x4a\xe2\xa1\xa0\xa0\x14\x93\x27\xa5\x28\x2d\xec\x53\x54\
\x54\x81\x69\x53\x25\x1f\xbe\x3d\x97\x3f\xb5\xf5\xb8\xdd\xe6\xc6\
\xc6\x87\x61\xf7\xae\x34\xcc\x7a\x2f\xb5\x57\x61\x1f\xf9\x0f\xdf\
\xba\xba\x26\xf0\x22\xfd\x8c\x3e\x46\x5e\xa4\x1f\xda\x5a\xdb\xf1\
\xce\x5b\x5b\x64\x13\xab\xbc\xda\x9a\x46\xcc\x9f\xbb\x03\x5b\x36\
\x1f\x46\x7c\x42\x18\xe3\xdb\x00\x8f\x33\x46\x81\x80\x27\x99\x58\
\x93\xd7\xe3\xd6\xad\xbb\xbd\x1e\x3f\x75\x2a\x0f\x13\x26\x7c\x84\
\x9c\xec\xeb\x8c\xbf\x61\x3f\xce\xf8\xec\xed\x6d\xe0\x1f\xe0\x89\
\x95\x2b\x14\x83\x50\x29\x59\xa0\xf2\xfe\x97\xf0\xf5\xf5\x80\x93\
\x93\xf2\x8c\x15\x43\x8e\x31\x69\x5c\x24\xf2\xaf\x15\x23\x79\x62\
\x0a\x7e\x3b\x7e\xa9\xd7\xe3\x37\x6f\xde\x45\xf2\xc4\x75\x92\x6b\
\xc5\xc4\x4a\x17\x13\x42\xfa\x1e\xad\x2a\x01\xee\xdc\xf2\x0b\xce\
\x33\xdc\x04\x38\x7a\x4c\x08\x72\xb2\xaf\x6b\xb5\xb3\x7a\xec\xd8\
\x50\x9c\x3e\x7d\x4d\xe7\xe7\x78\xea\xe9\x68\x14\x15\x55\xa0\xf0\
\xd6\x3d\x9d\xcf\x75\x70\xb0\xc5\xb0\x61\x83\x91\x97\x57\xa4\xf1\
\x58\x5b\x5b\x2b\x04\x04\x78\x31\xda\x68\x37\x7d\xc6\xf3\xd8\x96\
\xfa\x93\xce\xe7\x01\x00\x8f\xe7\x87\xc2\xc2\x7b\x10\x0a\x5b\x35\
\x1e\x1b\x1a\xe6\x83\xf2\x7b\x0f\x51\x5b\xab\x5b\xff\x79\x2f\x2f\
\x57\x04\x87\xf8\x20\x23\x3d\x87\xd1\x18\xe3\x13\xc2\xf0\xc7\xa9\
\xab\x1a\x8f\xe3\x72\xb9\x88\x1b\x15\x84\xb3\x3d\xf6\x80\x68\x63\
\x52\xf2\x5f\xf1\xd5\xbe\x5f\x19\x6d\xc4\x1c\xee\xeb\x81\x96\xe6\
\x36\x8d\x59\x00\x80\xa4\x94\xb1\x9d\xad\x95\xce\x9b\x15\xcd\xcd\
\xcd\xf0\xda\x84\xa7\xb0\xeb\xcb\x34\x9d\xc7\x07\x00\xa3\x46\x07\
\x23\x27\xfb\x86\x56\x95\x1b\x13\xf9\x11\xc8\xca\xbc\xc2\xe8\x79\
\xe4\x1d\xf9\xdf\x1a\xda\x04\x48\x48\x3f\xd3\x73\x13\xa0\xaa\x4a\
\x80\x06\x5f\x01\x38\x7b\x26\x5f\xeb\xb4\x2a\x26\x93\x3f\x00\xf0\
\xf9\x3c\xc6\xad\x85\x1b\x1a\x9a\xb5\x9a\xfc\x01\x49\xbd\x02\x26\
\x93\xbf\x93\xf3\x00\xbc\xf8\x52\x92\x56\x45\x68\x94\xb9\x7c\xf9\
\xb6\x56\x93\x3f\x00\x5c\xbb\x5a\xac\xf3\xe4\x0f\x48\xbe\x7d\x4a\
\xdb\x20\x33\xa1\xcd\xe4\x0f\x48\x8a\xd8\x30\x99\xfc\x39\x1c\x0e\
\x9e\x79\x26\x96\xf1\x46\xcc\xa2\x3b\xf7\xb5\x9a\xfc\x01\x49\x25\
\x45\x26\x99\x0a\xd1\x31\x01\xf8\xfb\xdf\xc7\x80\xcb\x30\x6d\xf6\
\xdc\xd9\x02\xad\xcb\x36\xeb\x63\xf2\x27\x84\xfc\xb9\x19\xbd\x1b\
\xa0\xbe\x59\x5b\x5b\x22\x6e\x54\x90\xc9\x75\x73\x93\x27\xdd\x7c\
\xc6\xe6\xe6\x32\x4d\x04\x49\x3c\x8c\x1a\x15\x6c\xb2\x9b\xcb\x82\
\x1e\x6d\xd4\x34\xe5\xa5\x6f\x81\x80\x07\x17\x57\x47\x04\xeb\x58\
\xd2\x97\x10\x42\xd8\xd0\xe7\x03\x80\x51\xa3\x82\x61\x6d\x6d\x09\
\x1f\x1f\x77\x0c\x53\x93\x3f\xcd\x26\xe9\xc6\x3c\x53\x6c\x2d\x0c\
\x00\xee\xee\xce\x18\x31\x62\x28\xab\x1b\x31\x35\x91\x06\x78\x89\
\x89\xe1\x8c\x1b\x38\x19\x92\x74\xa3\x26\x60\xba\xef\x33\x21\x84\
\xc8\xeb\xf3\x01\x80\xfc\x37\xff\x9e\x79\xe8\xa6\xc0\xc1\xd1\x0e\
\x91\x23\x47\x00\x00\xc2\xc2\x4d\xb3\xa7\xfb\xb8\x71\x91\xb2\x8d\
\x83\xa6\xba\x92\xc2\xe7\x4b\xc6\x65\x6f\x6f\x83\xc8\x91\xfe\x2c\
\x8f\xa6\xb7\xc8\x48\x3f\x59\xa9\xeb\x71\x4f\x8c\x64\xb5\x1e\x03\
\x21\x84\x68\xa3\x4f\x07\x00\x3d\xbf\xb1\x9a\xe2\xe4\x15\x1f\x1f\
\x06\x33\x33\xc9\xcb\xcc\xe5\x72\x64\xdf\x12\x4d\x89\xfc\xb2\xba\
\x74\x45\xc5\x94\x8c\xf0\x1f\x8a\xa1\x9e\xdd\x3d\x10\x04\x26\x18\
\xe8\xc9\xff\xed\xb9\xb9\x0d\x44\x60\x50\xaf\xfd\x36\x84\x10\x62\
\x52\xb4\x2a\x05\xcc\xa6\xe1\xc3\xdd\x31\xcc\x47\x79\x19\xe1\x61\
\xc3\x06\x2b\xdc\xb3\xf6\xf7\xf7\xc4\xdf\x9e\x1d\x85\xe6\x66\xe5\
\xbd\xdb\xf3\xaf\x15\xe3\xc1\x83\x3a\xa5\x8f\x3d\x8e\xf8\x84\x30\
\x58\x58\x28\x7f\x29\x9f\x7d\x76\x94\xc2\xcf\x7f\xfd\xdb\x28\x95\
\x1d\xdc\xba\x3a\xbb\x90\x95\x95\xa7\xf7\xf1\xb9\xb8\x38\x22\x2c\
\x7c\xb8\xd2\xc7\xac\xad\x2d\x11\x1c\xec\xad\xf0\xf3\xab\xaf\x3d\
\x25\xcb\x91\xef\xa9\xb4\xa4\xd2\x20\xa5\x7c\x23\x78\xbe\x70\x76\
\x56\x5e\x81\xaf\x67\xd0\x94\x90\x18\x81\xf3\xe7\x6f\xaa\xfc\xb7\
\xce\x9d\x2d\x40\x4b\x8b\xf2\xbf\x01\xa6\xac\xad\x2d\xd5\xde\x1e\
\xe9\xd9\x48\xea\xc5\x97\x92\x90\x79\x52\xf9\x46\xbd\xba\xda\x26\
\x56\x4b\x36\x13\x42\x08\xd0\x07\x02\x80\xf2\xf2\x6a\x3c\xf7\xfc\
\x58\xfc\xe3\x05\xbe\x56\xc7\x2f\x58\xf8\xaf\x5e\xbf\xeb\xea\x12\
\x61\xdf\xde\x0c\x95\x1f\xc8\x8f\xeb\x61\x55\x3d\x96\x2e\x9f\x00\
\x4f\x4f\x57\x8d\xc7\x06\x07\x7b\x63\xc5\xca\x37\x7a\xfd\xbe\xb2\
\xa2\x06\x1f\xae\xdc\x67\x80\xd1\x49\xda\x1e\xbb\xb8\x38\x62\xda\
\xf4\xe7\xb5\xba\x7f\xfe\xda\x84\xa7\x94\xfe\x3e\x23\x3d\xa7\x57\
\x59\x5a\x7d\x29\x2b\xab\xc2\x84\x09\x4f\x23\xf6\x51\x35\x41\x75\
\x9c\x9c\xec\x95\xbe\x86\x42\x61\x2b\x3e\xde\xf8\xbd\xde\x27\x7f\
\x00\x68\x6d\x6d\x47\x57\x97\x08\xf3\x17\xbc\xac\x55\xda\xdc\xf8\
\xf1\x51\x18\x3f\x3e\xaa\xd7\xef\xf3\xf3\x4b\xf0\xe1\x8a\xbd\x7a\
\x1f\x1f\x21\x84\xe8\x4a\xab\x76\xc0\x17\xb3\xef\xa0\xbc\xaa\x41\
\xd9\xa1\x06\x27\xed\x95\x7e\xe7\x4e\x39\x62\x62\x02\x61\x65\xa5\
\xbe\xdb\x5c\x4f\x95\x95\xb5\x58\xbc\x68\x67\xaf\xba\xf9\xfa\x54\
\x5d\xdd\x80\xb4\x63\xd9\x70\x74\xb4\x43\x60\xa0\xee\x4b\xbf\x27\
\x4f\x5e\xc6\x82\xf9\x9f\xa3\xac\xcc\x70\x9d\xf2\xf2\xf3\x4b\x70\
\xee\x5c\x01\xa2\xa2\x02\x74\xce\xfb\x6e\x6e\x6e\xc3\xba\x8f\xbe\
\xc5\xee\x5d\xe9\xe8\xec\xec\x32\xc8\xf8\x5a\x5b\xda\xf1\xcb\x2f\
\x17\xd0\xd8\xd8\x82\xe8\xe8\x00\x9d\x0b\xea\x5c\x2f\x28\xc5\x9c\
\xd9\xdb\x70\x39\xf7\xb6\x41\xc6\x07\x48\x56\x3f\x8e\xff\x7a\x01\
\x81\x41\x5e\x70\x7f\x54\x3a\x5a\x5b\x22\x91\x08\xdf\x7c\xfd\x1b\
\x56\xaf\xfa\x4a\xe5\x0a\x10\x1b\x5e\xf9\xf7\x78\x9d\xaf\x29\x42\
\x88\x69\x6b\xaf\x6b\x40\x43\x87\x42\xea\xb8\xd2\x76\xc0\x7d\x66\
\x0f\x40\xe6\xc9\x2b\x98\x3c\x29\x05\x79\x57\xee\x68\x7d\x4e\x56\
\xa6\xe4\x9c\x2b\x97\xb5\x3f\x87\xa9\xe6\xe6\x36\xac\x4f\xf9\x0e\
\xcb\x96\xec\x42\x53\x53\x8b\x56\xe7\xb4\xb5\x75\x60\xcb\xe6\xc3\
\x58\xfa\xc1\x2e\xa3\xb4\x1a\xbe\x71\xbd\x0c\x93\x93\x53\x74\xea\
\x24\xc7\xe4\x1c\xa6\xa4\x55\x17\xdf\x9a\xb1\x09\xe5\xe5\xd5\x5a\
\x9f\x73\xf0\x40\x26\x66\xce\xd8\x24\x69\xa5\x6b\x60\x0f\x1e\xd4\
\xe1\xbd\x77\x3e\xc5\xee\x5d\x69\x5a\xe7\xec\x4b\xcf\xd9\xb1\xfd\
\x88\xc1\x02\x28\x42\x08\xd1\x95\xc9\xaf\x00\xc8\x13\x0a\x5b\x91\
\x9e\x2e\xf9\x26\x1f\xc1\xf3\x55\xb9\xd3\xba\xbd\xbd\x03\xa9\x9f\
\xfe\x84\xad\x5b\x7e\x40\x5b\x9b\x71\xdb\xf7\x16\x17\x57\xe2\xf8\
\xf1\x4b\x08\x0e\xf1\x86\x9b\x9b\xea\xc2\x3f\x45\x45\x15\x98\x3b\
\x67\x3b\x4e\xff\xa1\x5d\x01\x1d\x7d\xe9\xe8\xe8\x42\x56\xe6\x15\
\xdc\xbf\x5f\x8d\x98\xd8\x40\x95\x7b\x17\xc4\x62\x31\x0e\x1d\xcc\
\xc2\x8a\xe5\x7b\x50\x57\x67\xdc\x6f\xac\x0f\x1f\xd6\x23\xed\x58\
\x36\xdc\xdd\x9d\xe1\xeb\xeb\xa1\xf2\xb8\xda\x9a\x46\x2c\x5d\xb2\
\x0b\x87\x0e\x65\xf5\x2a\x8f\x6c\x48\x62\xb1\x18\xb9\x97\x0a\x91\
\x93\x73\x03\xd1\xd1\xfe\x0a\x5d\x1a\x7b\xca\xca\xbc\x82\x05\xf3\
\x76\xa0\xb4\xf4\x81\xd1\xc6\xa7\x0b\x5a\x01\x20\xa4\xff\xe9\x77\
\x2b\x00\x52\x5d\x5d\x22\xec\xd9\x9d\x81\xfa\x7a\xd5\xdf\x98\xf3\
\xf3\x4b\x70\xe0\x7b\xf6\x7a\xba\x57\x56\xd4\xe0\xfb\xff\x9e\x50\
\x7b\xcc\x37\x5f\x1f\x47\x91\x01\x36\xd3\x69\x2b\x3d\x2d\x07\xf9\
\xd7\x4a\x54\x3e\x2e\x14\xb6\x22\xf5\xd3\x1f\xd1\xd1\xc1\xce\x37\
\x56\xa1\xb0\x15\x5f\x7c\xf1\xb3\xda\x63\x7e\xf9\xe5\x82\xac\x09\
\x12\x1b\xf2\xaf\x15\xe3\xf7\xdf\x72\xd5\x1e\x93\x9a\xfa\x13\x1a\
\x1a\x0c\xbf\xba\x43\x08\x21\xba\xea\x73\x01\x00\x20\xd9\x31\xae\
\xae\x59\x4b\x44\x84\x1f\xab\x3d\xdd\x01\x40\x90\x14\xa9\xf6\x71\
\xb6\x6b\x16\xc8\xd7\x27\x50\xc6\xde\xde\x06\x51\x51\xec\xe6\xdb\
\x6b\x2a\xa8\xc3\x17\x44\xb0\x9e\x6f\xaf\xa9\xba\x63\x92\x09\xa6\
\xa6\x12\x42\x08\xd0\x47\x03\x80\x9e\x93\x67\x7d\xbd\x50\x61\xa9\
\x9f\xed\x7c\x7b\x4b\x4b\x8b\x5e\x29\x63\x3d\xd3\x0f\x63\x63\x83\
\x60\x63\x63\x65\xcc\x61\x29\x90\xaf\x4f\x00\x48\x6e\x9b\xd4\xd5\
\x29\xf6\x10\x60\xbb\xae\x42\xcf\xee\x90\x55\x55\x75\x0a\x1b\x39\
\xdd\xdd\x9d\x11\x10\xe0\x69\xec\x61\xc9\xf8\xf9\x0d\x81\x97\x57\
\x77\xe6\x87\x58\x2c\xee\xd5\x4d\x92\xaa\x02\x12\x42\x4c\x55\x9f\
\x0b\x00\x38\x1c\x0e\x12\x13\xbb\x03\x80\x8b\x17\x6f\x61\xd2\x1b\
\xeb\x30\x25\x79\x3d\x6e\xdf\x2e\x97\xfd\x9e\xcd\x0f\xde\xd8\xb8\
\x40\xd8\xda\x4a\x26\xf7\xce\xce\x2e\xec\xde\x95\x86\x97\xfe\xb9\
\x12\xeb\x53\xbe\x93\xb5\xa1\xb5\xb2\xea\x1d\x24\x18\x93\xfc\xe4\
\x5e\x5a\x52\x89\xe9\xd3\x3e\xc1\xeb\xaf\x7d\xa4\xd0\xa8\x27\x91\
\x1f\xa1\x10\x24\x18\x93\xab\xeb\x40\x04\xc9\x15\xd3\xc9\x48\xcf\
\xc1\xab\xaf\xac\xc1\x9c\xd9\xdb\x50\x53\xd3\xbd\x1f\x85\x69\x0b\
\x69\x7d\x90\x7f\x0d\xeb\xeb\x85\x58\xbc\x68\x27\x5e\x79\x79\x35\
\x0e\x1e\xc8\x94\x05\x2a\x41\xc1\xde\x18\x32\x64\x10\x5b\x43\x24\
\x84\x10\x95\xfa\x5c\x00\x10\x1a\xea\x03\x37\xb7\x81\xe8\xea\x12\
\x61\xf7\xae\x34\xcc\x99\x95\x8a\x87\x0f\xeb\x51\x52\x52\x89\x69\
\x53\x3f\xc6\xc1\x03\x99\x00\x80\x91\x51\xfe\x70\x74\xb4\x63\x65\
\x8c\xd2\xe0\xa3\xa2\xa2\x06\x6f\xbf\xb5\x05\xbb\xbe\x94\xec\x18\
\x3f\xf2\xd3\x69\x4c\x9b\xba\x51\x56\x48\x87\x69\x07\xc3\xc7\x65\
\x6b\x6b\x85\xe8\x68\xc9\xf2\x7e\x46\x7a\x0e\xa6\x4c\xde\x80\xc2\
\x5b\xf7\x50\x57\xd7\x84\x85\x0b\x3e\xc7\x96\xcd\x87\xd1\xd1\xd1\
\x05\x47\x47\x3b\x84\x87\xfb\xb2\x32\xc6\xa4\x71\x3c\x70\x38\x1c\
\x08\x85\xad\x58\xb1\x7c\x0f\x56\xaf\xda\x8f\xd6\xd6\x76\x5c\x38\
\x7f\x13\x93\xde\x58\x87\xec\x73\x05\xb2\xe3\xd8\x22\x0d\x00\x72\
\x2f\x15\x62\xd2\xc4\x75\x38\xfd\xc7\x35\xb4\xb7\x77\x60\xf3\xa6\
\x43\x78\x7f\xf1\x17\x68\x78\x94\xee\xd7\xb3\x48\x10\x21\x84\x98\
\x82\x3e\x17\x00\x08\x92\x78\xa8\xac\xa8\xc1\x3b\xb2\x89\xb5\x7b\
\x49\x58\xfa\xe1\xfb\xc1\xe2\x2f\x20\x14\xb6\xb2\x72\x1b\xc0\xdc\
\xdc\x0c\x63\xe3\x43\x91\x91\x9e\x83\x37\x26\xac\x45\xfe\xb5\x62\
\x85\xc7\x8b\x8a\x2a\x30\x6d\xea\x46\x1c\x3c\x90\x89\xd1\x63\x42\
\x58\xd9\x81\x3d\x36\x3e\x0c\x1d\x1d\x5d\x58\xb9\x62\xaf\x6c\x62\
\x95\x92\xa6\xe2\xcd\x9c\xfe\x09\xee\xde\xad\x02\xff\x31\x5a\x04\
\x3f\x0e\x3e\x9f\x87\xfc\x6b\xc5\x48\x9e\x98\x82\xdf\x8e\x5f\x52\
\x78\xac\xb6\xb6\x09\xf3\xe7\x7d\x86\x2d\x9b\x0f\x63\xf0\x60\x67\
\xf8\xf9\x0d\x31\xfa\xf8\xbc\xbd\xdd\xe0\xe5\xe5\x86\xdd\xbb\xd2\
\x30\xeb\xbd\x54\x3c\xac\xaa\x57\x78\xfc\x8f\x53\x57\x31\x61\xc2\
\x47\xc8\xce\xbe\xce\xfa\xad\x14\x42\x08\x51\x86\x95\x00\x40\x9b\
\x6a\x6f\xaa\xb4\xb6\xb6\x63\xe2\x1b\xeb\x70\xf5\x6a\x91\xca\x63\
\xb2\xb2\xf2\x30\x79\x52\x8a\xac\x39\x8b\xae\xcc\xcc\xb8\x88\x89\
\x0d\x64\x74\x6e\x40\xa0\x17\x36\x7f\x72\x08\xab\x57\xed\x57\x59\
\x91\xae\xad\x4d\x12\xa8\xac\x5b\xfb\x2d\x02\x18\x14\x0e\x02\x24\
\xbd\xe7\x55\xa5\xf0\x69\xe2\xec\x34\x00\x93\xde\x58\x87\xe3\xbf\
\x5e\x54\x79\xcc\x8d\x1b\x65\x98\x92\xbc\x1e\x2d\x2a\xca\x2a\x6b\
\x63\xd4\xe8\x60\x46\xe7\x39\x38\xd8\xe2\xfc\xf9\x1b\x98\x39\x63\
\x33\xee\xdf\x57\x5e\x0f\x40\x1a\xa8\xbc\xf3\xf6\x16\xf8\x8d\x18\
\xca\xe8\x79\x86\x0c\x19\xa4\xd0\x63\x40\x17\x01\x81\x5e\x78\xf7\
\xed\xee\xd5\x1d\x65\x6a\x6b\x1a\xb1\x60\xde\x67\x38\x73\x3a\x9f\
\xf1\xdf\x22\xd3\xd7\x90\x10\x42\x34\x51\xba\x85\x3a\xff\xea\xe5\
\x12\x00\xb2\x02\xf1\x3b\xb7\xfc\x82\xf3\xd7\xca\xf4\xf6\xa4\x7b\
\xf6\x2d\xc4\x9c\x59\xdb\xf0\xf0\x61\xbd\xe6\x83\x59\x10\x1d\x13\
\x80\xff\xf7\x8f\x44\xbc\xbf\xe8\x0b\xb6\x87\xa2\xd2\x8a\x95\x6f\
\x20\x3d\x2d\x07\xa7\x4f\x5f\x63\x7b\x28\x4a\x39\x3a\xda\xe1\xb3\
\x9d\x73\xf0\xf2\x8b\x1f\x1a\xac\x02\xe3\xe3\x7a\xe5\xdf\xe3\xc1\
\xe5\x72\xf0\xd5\xbe\x5f\xd9\x1e\x8a\x4a\x5f\x7f\xf3\x01\xde\x7e\
\x6b\x33\xaa\xab\x0d\x53\x87\xe3\xc8\xff\xd6\xe8\x5c\x19\x92\x10\
\x62\xda\x9a\x8a\xcb\x50\x26\xac\x95\xfd\x2c\x06\xee\x86\x86\xf1\
\x7a\x7d\xdb\x34\xfa\x0a\x80\xaf\xaf\x07\x7c\x7c\xdc\x4d\xfa\xbe\
\xa8\x40\xc0\x43\x5c\x5c\x90\x6c\x23\x9f\xa9\xb1\xb4\xb4\x40\xdc\
\xa8\x60\xd6\x53\x09\xd5\x49\xe4\x47\xc0\xdd\xdd\xd9\xa4\xbb\xe2\
\x09\x04\x3c\x56\x37\x11\x6a\x12\x18\xe8\x85\xa1\x9e\x2e\x26\xd9\
\x41\x92\x10\xd2\xf7\x69\xb5\x86\xdc\x7c\x4f\x7f\x05\x6b\xa4\xf7\
\x43\x05\x49\x3c\xfc\x70\xf8\x94\xde\xfe\x5d\x7d\xe1\x72\x39\x48\
\x48\x0c\x87\xa5\xa5\x05\x46\x8d\x0e\xc1\xef\xbf\x5d\xd2\x7c\x92\
\x91\x8d\x1a\x25\x09\x4e\xa4\xa9\x7c\x5d\x5d\xda\x95\xa4\x35\x26\
\x69\xcb\x5e\x81\x80\x87\xeb\x05\xa5\x2c\x8f\xa6\x37\x57\x57\x49\
\xcb\x5e\x0e\x87\x83\x21\x43\x5d\x8c\x52\x46\x58\x57\xd2\xe0\x44\
\x20\xe0\xe1\xa7\x1f\x4f\x1b\xe4\x39\xb2\xa7\xcc\x81\x2d\xd7\x34\
\x57\x68\x08\x21\xcc\x70\x1d\xec\xe0\xf8\xce\xeb\x1a\x8f\xd3\x2a\
\x00\xe8\x6c\x69\xd5\xf6\x50\x8d\xa4\x05\x72\x22\x23\xfd\x30\x70\
\xa0\x7d\xaf\xdc\x73\xb6\x85\x85\x0f\x97\x15\x11\x12\x08\x22\x4c\
\x32\x00\x90\x7e\xf3\x77\x70\xb4\x43\x64\xe4\x08\x5c\xb8\xa0\xba\
\x35\x2e\x1b\xec\xed\x6d\x30\x32\x2a\xe0\xff\x6f\xef\x4e\x83\xac\
\xac\xce\x3c\x80\x3f\xbd\xd0\x34\x34\x88\x0b\x23\x10\xb4\x1d\x28\
\x01\x17\xd4\x8c\x2c\x06\x10\x34\xf9\x90\x19\x33\xa5\xa9\x29\x9d\
\x9a\xc9\x4c\x8d\x86\xb8\x80\x66\x32\x19\x31\xa0\x46\x4d\x88\x9a\
\x9a\xb8\x40\x14\x0d\x88\x26\xa0\x26\x29\x33\x8a\x68\xe9\x44\x01\
\xe3\x04\xd4\xd2\x00\x22\x08\x15\xc0\x25\xac\x3a\x2c\x0a\x28\xd0\
\x36\xcd\xd2\x3d\x1f\x3a\x34\xb4\xf4\x72\x7b\xb9\x7d\x3b\x9c\xdf\
\xef\xdb\xed\x3e\xdd\xf7\xd4\x7d\xeb\x7d\xdf\xff\x7d\xcf\x39\xcf\
\x89\x88\x88\x2f\x7f\xe5\x8b\x31\xfd\xa1\xe7\x73\xdc\xa3\x23\x1d\
\x5c\x65\x10\x51\xbd\x1a\xe3\x37\x4f\xfc\x6f\x8e\x7b\x74\xa4\x51\
\xa3\xaa\x9f\x92\x1d\x5c\xd1\x92\x8d\x4d\x84\xb6\xbf\xb9\x2c\xca\
\x2b\xf7\xb7\xfa\xff\x05\x72\xa7\xa8\xb4\xd7\xa1\x5a\xfe\x0d\x68\
\xd3\x21\x80\x93\x4f\xfe\xab\xe8\xd3\xa7\x67\xf5\x1b\xe7\xe7\xb7\
\xcb\x47\x9b\x87\xd7\x0f\x18\x36\xfc\xcc\x28\x2e\x2e\xca\x61\x6f\
\x8e\x54\x58\x58\x10\xc3\x86\x9f\x59\xf3\xba\x3d\x0e\x03\x0c\x1f\
\x31\xb0\x66\xdb\xe1\x5e\xbd\x4e\x88\x53\xfb\x35\x6f\x92\x5e\x36\
\x1d\x7e\x9c\x2f\x68\x87\x9f\x61\x9f\xbe\xbd\xa2\xf4\x94\x1e\x11\
\x51\x3d\x29\x75\xf8\x61\xc7\x1c\xa0\x35\xb4\x69\x00\xb8\xf0\xcb\
\xb5\xcb\xe3\xb6\xb7\x2a\x69\x79\x79\x79\xb5\x4a\xbb\x16\x17\x17\
\xc5\xe0\xc1\xcd\x5b\x0d\x90\x2d\xe7\x9e\x5b\x7b\xf3\x99\x51\x17\
\x9c\x1d\xf9\xf9\xb9\x2d\x87\xfb\x79\x9f\x0f\x25\xed\xed\x38\x1f\
\x77\x7c\xd7\x38\x73\xe0\x5f\xd7\xbc\x3e\xfd\x8c\x53\xa2\x47\x8f\
\xfa\x37\x6e\xca\x85\xcf\x7f\x66\xa3\x2c\x25\x04\x5a\x59\x46\xab\
\x00\x26\x7f\xf7\xe1\x78\xb7\x22\xb3\x21\x80\xbf\xbb\x68\x68\x8c\
\x1d\x7b\x71\x14\x76\x38\x72\xa3\xc1\xe2\xe2\x8e\x35\xdf\x0c\x23\
\x22\x2a\x2b\xab\xa2\xac\xac\xee\xad\x73\x5f\x7c\x61\x51\x3c\x34\
\xed\xb9\x56\x1f\xdf\x2e\x29\x29\x8e\xf1\x13\xfe\xa9\xce\x65\x7e\
\x79\x79\x79\xd1\xa5\x4b\xa7\x5a\x3f\xab\xa8\xd8\x17\x7b\xf7\x1e\
\xb9\xa3\xe0\xae\x5d\xe5\x71\xf7\x5d\xbf\x89\xa5\x6f\xbd\xd7\xaa\
\xfd\x8b\x88\x38\xeb\xec\xbe\x71\xd3\xcd\xdf\xa8\xb3\x90\x51\x51\
\x51\x87\x23\x6a\x07\xec\xde\x5d\x5e\xe7\x4c\xfb\x65\xcb\xfe\x14\
\x77\xfd\xd7\x13\xad\xbe\xd5\x70\x7e\x7e\x7e\x5c\x75\xf5\xd7\xe2\
\x92\xaf\x0f\xaf\xf3\xf7\x25\x25\xc5\x91\x9f\x7f\x28\x5b\xee\xdf\
\x7f\xa0\xce\x25\x91\xfb\xf7\x57\xc6\xcf\x1f\xf9\x6d\xfc\xcf\xf3\
\x6f\xb4\x6a\xff\x22\xaa\x97\xf8\xdd\x7a\xdb\xbf\x45\xe9\x29\x27\
\x1e\xf1\xbb\x82\x82\x82\x23\x26\x78\x96\x97\x57\xd4\xb9\x55\xef\
\xc6\x0d\x5b\xe3\x8e\x3b\x7e\x95\x95\x39\x02\x17\x5d\x34\x34\xc6\
\xb4\xc2\xb9\xf2\xc2\x6f\x17\xc6\xf4\x87\x9e\x6f\xd6\xb9\xf2\xed\
\xff\x5b\x18\x9d\x0c\x01\xc0\x51\xa5\xa8\xb4\x57\x94\x4e\xbd\xb3\
\xe6\x75\x7d\xab\x00\x5a\x3d\x00\x44\x44\xf4\xef\x7f\x52\xfc\x60\
\xe2\x15\xb5\xea\xa4\x67\xea\xb3\xcf\x2a\x62\xf2\xa4\x27\xe3\xa5\
\x79\x4b\x9a\xfc\xb7\x99\xca\xcb\xcb\x8b\x4b\x2f\x1b\x15\x63\xaf\
\xbd\xa4\xd6\x45\x36\x53\x2b\x57\xae\x8f\xdb\x27\x3e\x5e\xef\x1a\
\xf5\xd6\x70\xdc\xf1\x5d\xe3\x96\x5b\xfe\xb5\x59\x35\x13\x2a\x2b\
\x2b\xe3\xf1\xc7\xe6\xc5\x63\x8f\xce\xcb\x78\xcf\xfa\xe6\x18\x39\
\xf2\xac\x98\x70\xd3\x37\x9a\xb5\x8c\x6c\xcb\x96\x1d\x71\xc7\x8f\
\x1e\x8f\x15\x2b\xea\xaf\xe7\xd0\x52\x1d\x3b\x76\x88\x31\x63\x2f\
\x8e\x4b\x2f\x1b\xd5\xac\xbf\x9f\x37\x77\x71\x4c\x9e\x34\xab\xde\
\x7a\x0e\xad\x61\xc0\x80\x93\xe3\x07\x13\x2f\x8f\x93\x4e\x6a\xfa\
\xb9\x52\x56\xb6\x27\x26\x4f\x7a\x2a\x7e\xf7\x52\xf3\xcf\x15\x01\
\x00\x8e\x3e\x99\x06\x80\x3a\xef\x7e\xdf\xbe\xee\xda\xeb\x23\x0e\
\xcd\x21\x78\x63\xce\x92\xd8\x76\x20\xf3\xd1\x82\x6d\xdb\x76\xc6\
\x8b\x2f\x2c\x8a\x6e\xdd\x4a\x62\x40\x13\x0a\xdd\xbc\xb3\x7a\x63\
\xdc\x30\x6e\x6a\x2c\x5b\xfa\xa7\x8c\xff\xa6\xb9\x56\xae\x5c\x1f\
\x0b\x17\xae\x8a\x73\xcf\xed\x9f\xf1\x0d\xac\xaa\xaa\x2a\x66\x3f\
\xfd\x6a\xdc\x3e\xf1\xf1\xd8\xb9\xb3\xf5\x27\x64\x1d\x6e\x4f\xf9\
\xde\x78\xe9\xa5\x25\xb1\x6b\x57\x79\x0c\x1a\xd4\xbf\xd6\x37\xea\
\x86\x6c\xdd\xfa\x49\xdc\x7c\xd3\x23\x31\x77\xce\xe2\xac\xaf\xbf\
\xdf\xb0\x61\x6b\xbc\xfc\xbb\x25\x71\xda\x69\xa5\xd1\xa3\x67\xe6\
\x8f\xd0\x5f\x59\xb0\x3c\x6e\x1c\xff\x70\x6c\xdc\xf8\x51\x16\x7b\
\x57\xbd\x75\xf4\xc2\x85\xab\x62\xed\x9a\x4d\x31\x78\xc8\x80\x8c\
\xab\x2e\x7e\xf6\x59\x45\xdc\xf5\x93\x27\xe2\xd1\x99\x73\xeb\x7c\
\x2a\xd0\x9a\xb6\x6d\xdb\x19\x73\x5e\x5c\x14\x27\x9e\x78\x6c\x93\
\x0a\x1a\xad\x5e\xb5\x21\x6e\x18\x37\x2d\xde\x5e\xd6\xb2\x73\x65\
\xe8\xae\x0f\xa3\x43\x55\xfb\x5b\x45\x02\x34\x5f\x41\xb7\xae\xd1\
\xed\xef\xbf\x72\xf8\x8f\x76\x4e\x9d\xfa\xd0\x4f\x8f\x68\x57\xd7\
\x1f\xb7\x34\x00\x44\x54\x3f\xf6\x7d\xfd\xf5\x3f\xc6\xba\x75\x9b\
\x63\xc8\x90\x01\x51\x54\x54\xff\xc5\xf7\xe0\x8d\xf5\x47\x13\x1f\
\x8b\x4f\x3e\xc9\xee\x8d\xf5\x70\xdb\x3e\xde\x19\x73\xe6\x2c\x8a\
\x1e\x3d\x8e\x8b\xbe\x8d\x94\x93\xdd\xb1\x7d\x57\xdc\x76\xdb\xcc\
\x78\x66\xf6\xab\xb5\xca\x0f\x67\xdb\xca\x95\xeb\x63\xf1\xa2\xd5\
\x71\xee\xa0\xfe\xb5\xc6\xfe\xeb\xf2\xea\x2b\xcb\xe3\xc6\xf1\xd3\
\x63\xc3\x86\xad\x6d\xd4\xbb\xea\x6f\xa1\x73\xe7\x2c\x8e\x88\xaa\
\x38\xfb\x9c\xbe\x0d\x6e\xcf\x5b\x51\xb1\x2f\xa6\x4d\x7d\x2e\x7e\
\xf6\xe0\xb3\x75\x0e\xab\x64\xcb\xfa\xf5\x5b\xe2\xe5\x97\x97\xc6\
\x69\xa7\x97\x36\x3a\xd6\xdf\x96\x21\xf4\xa0\x7d\xfb\x0e\xc4\xab\
\xaf\xac\x88\x4d\x9b\xb6\xc5\xe0\x21\x03\x1a\xac\xf0\x78\xf8\xb9\
\xd2\x1a\xab\x02\x04\x00\x38\xfa\x64\x1a\x00\xb2\x3e\x09\x70\xfe\
\xef\x97\x35\x5a\x51\x6f\xc6\x2f\x5e\x8c\x29\xf7\xcf\x8e\x7d\xfb\
\xb2\xfb\x6d\xab\x2e\x65\x65\x7b\xe2\x8e\xdb\x7f\x19\x2f\xbf\x5c\
\x7f\x59\xdc\x03\x07\x2a\x63\xf4\xe8\xbb\x63\xf1\xa2\xd5\x6d\xd8\
\xb3\x43\x56\xad\xda\x10\x63\xaf\x99\xdc\xe0\xe7\x33\xff\xf7\xcb\
\xe2\xd6\x5b\x66\xc4\xce\x9d\xad\x3b\xde\x9f\x89\xca\xca\xca\x98\
\x39\x63\x4e\x4c\x9b\xfa\x5c\x83\xed\x6e\xbb\x75\x46\xcc\x7a\x6a\
\x41\x1b\xf5\xaa\xb6\x2d\x9b\xb7\xc7\x7f\xfe\xc7\x83\xb1\x6e\xdd\
\xe6\x7a\xdb\xac\x5f\xbf\x25\xae\xbb\xf6\xbe\xf8\xf0\x83\xdc\xd4\
\x04\x98\x3b\x67\x71\x7c\xff\xa6\x9f\x37\xd8\x66\xfa\xb4\xe7\x63\
\xca\xfd\xb3\xb3\xfe\x64\x02\x38\xfa\xb5\xc9\x2a\x80\x7e\xfd\x1b\
\x7e\xb4\xd9\x1e\x96\x89\xf5\x6b\xe0\xf1\x6b\x41\x41\x7e\xf4\xed\
\xd3\xab\x0d\x7b\x73\xa4\x3e\x7d\x7a\x35\x38\x5f\xa1\xb9\x7b\x0a\
\xb4\xa6\xfe\xfd\x1b\xee\x43\xbf\x1c\x1f\xe7\xe2\xe2\xa2\xe8\xdd\
\xbb\xfe\xb1\xf6\xde\xbd\xbb\xe7\xbc\xfa\x63\x63\xc7\xb1\x3d\x9c\
\x2b\xc0\xd1\xa1\x4d\x02\x40\x63\xcb\xc0\xce\x3b\xef\xf4\x9c\xae\
\xb7\xef\xd3\xa7\x67\xcd\x9a\xeb\xfa\xe4\x7a\x47\xb7\xc6\xd6\xfb\
\x7f\xe1\x0b\x27\xc4\xa9\xcd\xdc\x14\xa7\x35\x74\xe8\x50\x10\x5f\
\x1a\xd6\xf0\xc6\x35\xb9\x2e\xbb\x7b\xfe\xc8\xb3\x1a\x0c\x51\x85\
\x85\x05\x31\x62\x44\x6e\x6b\x53\x34\xb6\x45\xf4\xf0\x11\x03\x1b\
\x1c\x4e\x03\xc8\x54\xd6\x03\xc0\xf1\xc7\x1f\x13\x67\x0e\xec\x53\
\xf3\x7a\xc3\x86\xad\x71\xc3\xb8\x69\xf1\x87\x37\x56\xd6\xfc\xac\
\xb8\xb8\x28\x86\x9e\xd7\xfc\x1d\x02\x5b\xea\xf3\x37\xa6\x67\x9f\
\x79\x2d\x7e\x70\xeb\xcc\x5a\x55\x0a\xcf\x1f\x79\x56\xce\xd6\xdb\
\xe7\xe5\xe5\xd5\xda\x3b\xe1\xd3\x4f\xcb\xe2\x87\xb7\xcd\x8c\xd9\
\x4f\xbf\x5a\x6b\xa2\x5f\x2e\x43\xca\xa0\xc1\x03\x6a\xcd\x51\x58\
\xbc\x68\x75\x8c\xbb\x7e\x6a\xad\x47\xee\xfd\xfb\x9f\x14\x3d\x7b\
\x1e\x9f\x8b\xee\x45\x44\xc4\xc8\x51\x87\x3e\xc3\x7d\xfb\xf6\xc7\
\x83\x0f\x3c\x13\x3f\x7b\xe0\xd9\xd8\xb7\xef\xd0\x2c\xf8\x5c\xae\
\xb7\xef\xde\xbd\x5b\x9c\x7e\xc6\x29\x35\xaf\xd7\xaf\xdf\x12\xe3\
\xae\x9f\x1a\x8b\x0e\x1b\x7a\xea\xdc\xb9\x63\x0c\x19\xda\xbe\x6a\
\x53\x00\x7f\x99\xb2\x1e\x00\x0e\x2f\x54\x33\x6f\xee\xe2\xb8\xe6\
\xaa\x49\xf1\xe6\xe2\x77\xe2\xa6\x1b\x1f\x89\x7b\xef\x79\x32\x2a\
\x2a\xaa\x27\x83\xe5\xb2\x58\xcc\xc1\x6f\xd7\xbb\x77\x97\xc7\xc4\
\x1f\x3e\x16\x3f\x9d\x3c\x2b\x16\x2c\x78\x3b\xbe\x79\xf9\x4f\x62\
\xe1\x1f\x56\x45\x44\xc4\x09\x27\xd4\x0e\x32\x6d\xe9\xf4\xc3\x26\
\xaf\x2d\x7d\xeb\xbd\xf8\xd6\xe8\xbb\x63\xfe\xfc\xb7\xe3\xfe\xfb\
\x9e\x8e\xf1\xdf\x9b\x1e\xdb\xb7\x57\xef\x14\xf7\xf9\x42\x4b\x6d\
\xe9\xc2\x3f\xdf\x38\x0f\x1c\xa8\x8c\x47\x67\xce\x89\x09\xe3\xa7\
\xc7\x92\x37\xdf\x8d\xab\xaf\x9c\x14\x4f\xcf\x7a\x25\xaa\xaa\xaa\
\x22\x2f\x2f\x2f\x67\x95\x0b\x3b\x75\xea\x18\x43\x86\x54\x87\xcc\
\x0d\x1b\xb6\xc6\xb5\x63\xee\x8b\xa7\x9e\x5c\x10\x4f\x3e\x39\x3f\
\xae\xbe\xf2\xde\x58\xb3\xa6\x7a\xbf\x8b\x21\x43\x06\x44\x49\x49\
\x71\x4e\xfa\x58\xd7\xb9\xb2\xe4\xcd\x77\x63\xc2\xf7\xa6\xc7\x03\
\x53\x9e\xa9\x09\x2a\xed\xad\xb0\x12\xf0\x97\x29\xeb\x01\xe0\x82\
\x0b\xcf\xa9\x99\x68\xf7\xe3\x3b\x7f\x5d\xb3\xa6\xba\xaa\xaa\x2a\
\x9e\x7f\xee\xf5\x18\x73\xf5\xa4\x58\xb3\x66\x53\xce\x1e\x6d\xf6\
\xea\x55\xfd\xe8\x7c\xd9\xd2\xf7\xe3\x9b\x97\xdf\x55\xab\xf6\xff\
\x8e\x1d\xbb\xe3\xc6\x09\x0f\xff\xf9\xe2\x7b\x20\x67\x17\xde\x51\
\x17\x9c\x5d\x73\x63\x1d\x77\xfd\xb4\xf8\xf8\xa3\x43\xdb\x28\x2f\
\x5e\xb4\x3a\xbe\x35\xfa\x9e\x58\xb4\x70\x55\x94\x96\x9e\x58\x53\
\x6a\xb9\x2d\x15\x14\xe4\xc7\xf0\x11\x03\x63\xf3\xe6\xed\xf1\x9d\
\x7f\x9f\x12\x33\x67\xcc\xa9\x59\x29\xb1\x77\xef\xbe\x98\x72\xff\
\xec\xb8\xf5\xfb\x33\x62\xe7\xa7\x65\x39\x1b\x06\x18\x36\xfc\x8c\
\xe8\xd8\xb1\x43\xcd\x8d\xf5\xbd\xf7\x3e\xa8\xf9\xdd\xda\xb5\x9b\
\x63\xec\x35\x93\xe3\xe9\x59\xaf\x44\x87\x0e\x85\x31\x7c\x44\x6e\
\xca\xee\x8e\x1a\x75\x76\x94\x95\xed\x89\xdb\x27\x3e\x1e\x3f\xbe\
\xf3\xd7\xb1\x67\xcf\xde\x88\xa8\x3e\x57\x66\x3d\xb5\x20\xae\x1b\
\x7b\x5f\x6c\xdc\xf8\x51\x8c\x38\x7f\x60\xb3\xea\x57\x00\x1c\xae\
\x75\x76\xf8\xa9\xc7\x31\xdd\x4a\xa2\xa8\xa8\x30\xae\xba\xf2\xde\
\x7a\x2b\xa9\x1d\xbc\xf8\x8e\x19\x7b\x71\x0c\x1a\xd4\x2f\xde\x38\
\x6c\x68\xa0\x2d\x8c\x1c\x75\x56\x3c\x3a\x73\x4e\xbd\x45\x73\x0e\
\x5e\x7c\x57\x2c\x5f\x13\x63\xaf\xbb\x24\xf2\xf2\xf2\xda\x7c\x7f\
\xfb\x53\x4f\xed\x1d\xdf\xfd\xce\x03\xf5\x16\xcd\xd9\xb1\x7d\x57\
\x4c\x18\xff\x70\x5c\x7a\xd9\xa8\x18\x71\xfe\xc0\x58\xbb\xb6\xfe\
\x99\xee\xd9\xf0\xc5\xbf\x39\x35\x96\xbe\xf5\x5e\xdc\x73\xf7\x7f\
\xc7\xee\xdd\x75\x57\xab\x7b\xed\xb5\x15\xf1\xc7\xcb\xd7\xc5\xcd\
\x37\xff\x4b\x74\xef\xde\x2d\x3e\xfe\xf8\xd3\x3a\xdb\x65\xcb\xe0\
\xc1\x03\xe2\x8e\xdb\x7f\x59\x6f\xd1\x9c\x8a\x8a\xea\xa0\xb2\x74\
\xe9\xfb\x31\x6c\xd8\x19\x59\x2d\x44\x55\x97\x6e\xdd\x4a\xa2\xb0\
\xb0\x20\xae\x1c\x7d\x4f\xbd\x05\xa6\xde\x7d\xf7\x83\xb8\x72\xf4\
\xdd\xd5\xe7\xca\xe0\x01\xb5\x86\xd1\x00\x9a\x2a\x2b\x95\x00\x0f\
\xea\xd2\xa5\x53\x94\x97\x57\x64\x5c\xa2\xf4\x98\x6e\x25\xb1\x33\
\x0b\x3b\x9e\x35\xf8\x9e\xc7\x74\xce\x78\xe9\x5c\xa7\x4e\x1d\x63\
\xff\xfe\xfd\x6d\xba\x5c\xb1\xa0\x20\x3f\x8a\x8b\x8b\xa2\xac\x6c\
\x4f\x46\xed\x73\xf2\x19\x36\xe1\x3d\xf3\xf3\xf3\xa2\x73\xe7\xe2\
\x7a\x83\x42\xb6\x34\xe5\x38\x37\xa5\x6d\x6b\x29\x29\x29\x8e\xf2\
\xf2\xbd\x19\x57\x6e\x6c\xad\xdd\x01\x55\x02\x84\xa3\x4f\xa6\x95\
\x00\xb3\xfa\x04\xa0\xa9\x17\xf9\xb6\xbe\x71\x45\x44\x93\x2e\xf4\
\xd9\x2c\x09\x5b\x9f\x03\x07\x2a\x33\xbe\xf9\x47\xe4\xe8\x33\x6c\
\xc2\x7b\x56\x56\x56\xb5\xf9\xcd\x3f\xa2\x69\xc7\x39\x17\xb5\x14\
\x9a\x72\x8c\x23\x22\x2b\x5b\x03\x03\x69\x69\xd3\xdd\x00\x01\x80\
\xf6\x41\x00\x00\x80\x04\x09\x00\x00\x90\x20\x01\x00\x00\x12\x24\
\x00\x00\x40\x82\x04\x00\x00\x48\x90\x00\x00\x00\x09\x12\x00\x00\
\x20\x41\x19\x15\x02\x1a\x7a\x46\xef\x28\xfd\xa4\x69\x85\x4a\x80\
\xf6\xaf\xff\xdf\xfe\x73\x14\x15\xe4\x66\x97\x4b\x20\x3b\x2a\x33\
\x3c\xa5\x33\x0a\x00\xff\x70\xc5\xd7\xa2\xfb\x20\x3b\x90\x01\x40\
\x7b\xb7\x7b\xdd\xc6\xd8\x58\xb6\xa3\xd1\x76\x86\x00\x00\x20\x41\
\x02\x00\x00\x24\x48\x00\x00\x80\x04\x09\x00\x00\x90\x20\x01\x00\
\x00\x12\x24\x00\x00\x40\x82\x04\x00\x00\x48\x90\x00\x00\x00\x09\
\x12\x00\x00\x20\x41\x02\x00\x00\x24\x48\x00\x00\x80\x04\x09\x00\
\x00\x90\x20\x01\x00\x00\x12\x24\x00\x00\x40\x82\x04\x00\x00\x48\
\x90\x00\x00\x00\x09\x12\x00\x00\x20\x41\x02\x00\x00\x24\x48\x00\
\x00\x80\x04\x09\x00\x00\x90\x20\x01\x00\x00\x12\x24\x00\x00\x40\
\x82\x04\x00\x00\x48\x50\x61\x26\x8d\x2a\x3e\xde\x1e\xbb\xdf\x5f\
\x9b\xed\xbe\x00\x00\x2d\x54\xbe\xf5\xa3\x88\x6e\xc5\x8d\xb6\xcb\
\x28\x00\xbc\xf3\x8b\x5f\x45\xd9\xe2\xe5\x2d\xee\x14\x00\x90\x5d\
\x45\xa5\xbd\xa2\x74\xea\x9d\x8d\xb6\x33\x04\x00\x00\x09\x12\x00\
\x00\x20\x41\x02\x00\x00\x24\x48\x00\x00\x80\x04\x09\x00\x00\x90\
\x20\x01\x00\x00\x12\x24\x00\x00\x40\x82\x04\x00\x00\x48\x90\x00\
\x00\x00\x09\x12\x00\x00\x20\x41\x02\x00\x00\x24\x48\x00\x00\x80\
\x04\x09\x00\x00\x90\x20\x01\x00\x00\x12\x24\x00\x00\x40\x82\x04\
\x00\x00\x48\x90\x00\x00\x00\x09\x12\x00\x00\x20\x41\x02\x00\x00\
\x24\x48\x00\x00\x80\x04\x09\x00\x00\x90\x20\x01\x00\x00\x12\x24\
\x00\x00\x40\x82\x04\x00\x00\x48\x50\x61\x26\x8d\x4e\x1b\x73\x45\
\x1c\x3b\xb9\x5f\xb6\xfb\x02\x00\xb4\x50\xf9\xa6\xcd\xb1\x35\x83\
\x76\x19\x05\x80\xa2\x63\xbb\x45\xe7\x93\x7a\xb5\xb0\x4b\x00\x40\
\xb6\x55\xee\xdf\x1f\x51\xb6\xa3\xd1\x76\x86\x00\x00\x20\x41\x02\
\x00\x00\x24\x48\x00\x00\x80\x04\x09\x00\x00\x90\x20\x01\x00\x00\
\x12\x24\x00\x00\x40\x82\x04\x00\x00\x48\x90\x00\x00\x00\x09\x12\
\x00\x00\x20\x41\x02\x00\x00\x24\x48\x00\x00\x80\x04\x09\x00\x00\
\x90\x20\x01\x00\x00\x12\x24\x00\x00\x40\x82\x04\x00\x00\x48\x90\
\x00\x00\x00\x09\x12\x00\x00\x20\x41\x02\x00\x00\x24\x48\x00\x00\
\x80\x04\x09\x00\x00\x90\x20\x01\x00\x00\x12\x24\x00\x00\x40\x82\
\x04\x00\x00\x48\x50\x61\x26\x8d\x3e\x9c\x37\x3f\x36\x3d\x37\x37\
\xdb\x7d\x01\x00\x5a\xa8\xaa\x20\x3f\x3a\x5c\xfa\xd5\x46\xdb\x65\
\x14\x00\xb6\x2d\x5d\x1e\x65\x8b\x97\xb7\xb8\x53\x00\x40\x76\x15\
\x95\xf6\x8a\xd2\x0c\x02\x80\x21\x00\x00\x48\x90\x00\x00\x00\x09\
\x12\x00\x00\x20\x41\x02\x00\x00\x24\x48\x00\x00\x80\x04\x09\x00\
\x00\x90\x20\x01\x00\x00\x12\x24\x00\x00\x40\x82\x04\x00\x00\x48\
\x90\x00\x00\x00\x09\x12\x00\x00\x20\x41\x02\x00\x00\x24\x48\x00\
\x00\x80\x04\x09\x00\x00\x90\x20\x01\x00\x00\x12\x24\x00\x00\x40\
\x82\x04\x00\x00\x48\x90\x00\x00\x00\x09\x12\x00\x00\x20\x41\x02\
\x00\x00\x24\x48\x00\x00\x80\x04\x09\x00\x00\x90\x20\x01\x00\x00\
\x12\x54\x98\x49\xa3\xae\x7d\x4f\x89\x92\x2e\x5d\xb3\xdd\x17\x00\
\xa0\x85\xf2\x4a\x3a\x65\xd4\x2e\xa3\x00\xd0\xe7\x1f\xbf\x1e\xdd\
\x07\x9d\xd3\xa2\x0e\x01\x00\xd9\xb7\x7b\xdd\xc6\xd8\x58\xb6\xa3\
\xd1\x76\x86\x00\x00\x20\x41\x02\x00\x00\x24\x48\x00\x00\x80\x04\
\x09\x00\x00\x90\x20\x01\x00\x00\x12\x24\x00\x00\x40\x82\x04\x00\
\x00\x48\x90\x00\x00\x00\x09\x12\x00\x00\x20\x41\x02\x00\x00\x24\
\x48\x00\x00\x80\x04\x09\x00\x00\x90\x20\x01\x00\x00\x12\x24\x00\
\x00\x40\x82\x04\x00\x00\x48\x90\x00\x00\x00\x09\x12\x00\x00\x20\
\x41\x02\x00\x00\x24\x48\x00\x00\x80\x04\x09\x00\x00\x90\x20\x01\
\x00\x00\x12\x24\x00\x00\x40\x82\x04\x00\x00\x48\x90\x00\x00\x00\
\x09\x2a\xcc\xa4\xd1\xf2\xbb\xa6\x44\xd9\x9b\x2b\xb2\xdd\x17\x00\
\xa0\x85\x8a\x4e\xee\x19\xa5\x53\xef\x6c\xb4\x5d\x46\x01\x20\x22\
\x22\xaa\xaa\x5a\xd2\x1f\x00\xa0\x1d\x31\x04\x00\x00\x09\x12\x00\
\x00\x20\x41\x02\x00\x00\x24\x48\x00\x00\x80\x04\x09\x00\x00\x90\
\x20\x01\x00\x00\x12\x24\x00\x00\x40\x82\x04\x00\x00\x48\x90\x00\
\x00\x00\x09\x12\x00\x00\x20\x41\x02\x00\x00\x24\x48\x00\x00\x80\
\x04\x09\x00\x00\x90\x20\x01\x00\x00\x12\x24\x00\x00\x40\x82\x04\
\x00\x00\x48\x90\x00\x00\x00\x09\x12\x00\x00\x20\x41\x02\x00\x00\
\x24\x48\x00\x00\x80\x04\x09\x00\x00\x90\x20\x01\x00\x00\x12\x24\
\x00\x00\x40\x82\x0a\x33\x69\xd4\xe5\x82\xf3\xa2\xa8\xcf\xc9\xd9\
\xee\x0b\x00\xd0\x42\x85\xc7\x1d\x93\x59\xbb\x4c\x1a\x75\xbd\xf0\
\x4b\x2d\xea\x0c\x00\xd0\xbe\x18\x02\x00\x80\x04\x09\x00\x00\x90\
\xa0\x3a\x87\x00\xaa\x22\x6f\x56\x5e\x54\x75\x6f\xeb\xce\x00\x00\
\xad\x2b\x2f\xaa\xb6\xe5\xba\x0f\x00\x00\x00\x00\x00\x00\x00\x00\
\x00\x00\x00\x00\x00\x00\x00\x00\x00\x00\x00\x00\x00\x00\x00\x00\
\x00\x00\x00\x00\x00\x00\x00\x00\x00\x00\x00\x00\x00\x00\x00\x00\
\x00\x00\x00\x00\x00\x00\x00\x00\x00\x00\x00\x00\x00\x00\x00\x00\
\x00\x00\x00\x00\x00\x00\x00\x00\x00\x00\x00\x00\x00\x00\x00\x00\
\x00\x00\x00\x00\x00\x00\x00\x00\x00\x00\x00\x00\x00\x00\x00\x00\
\x00\x00\x00\x00\x00\x00\x00\x00\x00\x00\x00\x00\x00\x00\x00\x00\
\x00\x00\x00\x00\x00\x00\x00\x00\x00\x00\x00\x00\x00\x00\x00\x00\
\x00\x00\x00\x00\x00\x00\x00\x00\x00\x00\x00\x00\x00\x00\x00\x00\
\x00\x00\x00\x00\x00\x00\x00\x00\x00\x00\x00\x00\x00\x00\x00\x00\
\x00\x00\x00\x00\x00\x00\x00\x00\x00\x00\x00\x00\x00\x00\x00\x00\
\x00\x00\x00\x00\xd0\x4e\xfc\x3f\x07\x31\x7b\xb3\x60\x0c\x3b\x47\
\x00\x00\x00\x00\x49\x45\x4e\x44\xae\x42\x60\x82\
"

qt_resource_name = b"\
\x00\x03\
\x00\x00\x6c\xf7\
\x00\x66\
\x00\x69\x00\x67\
\x00\x05\
\x00\x6f\xa6\x53\
\x00\x69\
\x00\x63\x00\x6f\x00\x6e\x00\x73\
\x00\x0b\
\x02\xad\x5c\xe7\
\x00\x62\
\x00\x72\x00\x5f\x00\x66\x00\x6c\x00\x61\x00\x67\x00\x2e\x00\x70\x00\x6e\x00\x67\
\x00\x08\
\x04\xd2\x59\x47\
\x00\x69\
\x00\x6e\x00\x66\x00\x6f\x00\x2e\x00\x70\x00\x6e\x00\x67\
\x00\x0c\
\x0d\xec\xbc\xe7\
\x00\x75\
\x00\x73\x00\x61\x00\x5f\x00\x66\x00\x6c\x00\x61\x00\x67\x00\x2e\x00\x70\x00\x6e\x00\x67\
"

qt_resource_struct_v1 = b"\
\x00\x00\x00\x00\x00\x02\x00\x00\x00\x01\x00\x00\x00\x01\
\x00\x00\x00\x00\x00\x02\x00\x00\x00\x01\x00\x00\x00\x02\
\x00\x00\x00\x0c\x00\x02\x00\x00\x00\x03\x00\x00\x00\x03\
\x00\x00\x00\x1c\x00\x00\x00\x00\x00\x01\x00\x00\x00\x00\
\x00\x00\x00\x38\x00\x00\x00\x00\x00\x01\x00\x00\x5d\x46\
\x00\x00\x00\x4e\x00\x00\x00\x00\x00\x01\x00\x00\xb4\xa0\
"

qt_resource_struct_v2 = b"\
\x00\x00\x00\x00\x00\x02\x00\x00\x00\x01\x00\x00\x00\x01\
\x00\x00\x00\x00\x00\x00\x00\x00\
\x00\x00\x00\x00\x00\x02\x00\x00\x00\x01\x00\x00\x00\x02\
\x00\x00\x00\x00\x00\x00\x00\x00\
\x00\x00\x00\x0c\x00\x02\x00\x00\x00\x03\x00\x00\x00\x03\
\x00\x00\x00\x00\x00\x00\x00\x00\
\x00\x00\x00\x1c\x00\x00\x00\x00\x00\x01\x00\x00\x00\x00\
\x00\x00\x01\x9a\x2b\x2b\x70\xe9\
\x00\x00\x00\x38\x00\x00\x00\x00\x00\x01\x00\x00\x5d\x46\
\x00\x00\x01\x9a\x2b\x2b\x71\x09\
\x00\x00\x00\x4e\x00\x00\x00\x00\x00\x01\x00\x00\xb4\xa0\
\x00\x00\x01\x9a\x2b\x2b\x71\x69\
"

qt_version = [int(v) for v in QtCore.qVersion().split('.')]
if qt_version < [5, 8, 0]:
    rcc_version = 1
    qt_resource_struct = qt_resource_struct_v1
else:
    rcc_version = 2
    qt_resource_struct = qt_resource_struct_v2

def qInitResources():
    QtCore.qRegisterResourceData(rcc_version, qt_resource_struct, qt_resource_name, qt_resource_data)

def qCleanupResources():
    QtCore.qUnregisterResourceData(rcc_version, qt_resource_struct, qt_resource_name, qt_resource_data)

qInitResources()
